2026-03-04T23:22:57.898+01:00  INFO 11856 --- [medical-service] [main] o.t.m.MedicalServiceApplication          : Starting MedicalServiceApplication using Java 21.0.2 with PID 11856 (C:\Users\Lenovo\OneDrive - ESPRIT\Documents\GitHub\ESPRIT-PI-4SAE11-2026-Tfakkarni\backend\medical-service\target\classes started by Lenovo in C:\Users\Lenovo\OneDrive - ESPRIT\Documents\GitHub\ESPRIT-PI-4SAE11-2026-Tfakkarni\backend)
2026-03-04T23:22:57.901+01:00  INFO 11856 --- [medical-service] [main] o.t.m.MedicalServiceApplication          : No active profile set, falling back to 1 default profile: "default"
2026-03-04T23:22:59.634+01:00  INFO 11856 --- [medical-service] [main] .s.d.r.c.RepositoryConfigurationDelegate : Bootstrapping Spring Data JPA repositories in DEFAULT mode.
2026-03-04T23:23:00.058+01:00  INFO 11856 --- [medical-service] [main] .s.d.r.c.RepositoryConfigurationDelegate : Finished Spring Data repository scanning in 407 ms. Found 2 JPA repository interfaces.
2026-03-04T23:23:00.523+01:00  INFO 11856 --- [medical-service] [main] o.s.cloud.context.scope.GenericScope     : BeanFactory id=6094d7b7-ad19-38dc-89bb-c80e5295751a
2026-03-04T23:23:01.002+01:00  WARN 11856 --- [medical-service] [main] ConfigServletWebServerApplicationContext : Exception encountered during context initialization - cancelling refresh attempt: org.springframework.context.ApplicationContextException: Unable to start web server
2026-03-04T23:23:01.024+01:00  INFO 11856 --- [medical-service] [main] .s.b.a.l.ConditionEvaluationReportLogger : 

Error starting ApplicationContext. To display the condition evaluation report re-run your application with 'debug' enabled.
2026-03-04T23:23:01.063+01:00 ERROR 11856 --- [medical-service] [main] o.s.b.d.LoggingFailureAnalysisReporter   : 

***************************
APPLICATION FAILED TO START
***************************

Description:

Failed to bind properties under 'server.error.include-exception' to boolean:

    Property: server.error.include-exception
    Value: "always"
    Origin: class path resource [application.yml] - 5:24
    Reason: failed to convert java.lang.String to boolean (caused by java.lang.IllegalArgumentException: Invalid boolean value 'always')

Action:

Update your application's configuration

2026-03-04T23:23:33.798+01:00  INFO 28832 --- [medical-service] [main] o.t.m.MedicalServiceApplication          : Starting MedicalServiceApplication using Java 21.0.2 with PID 28832 (C:\Users\Lenovo\OneDrive - ESPRIT\Documents\GitHub\ESPRIT-PI-4SAE11-2026-Tfakkarni\backend\medical-service\target\classes started by Lenovo in C:\Users\Lenovo\OneDrive - ESPRIT\Documents\GitHub\ESPRIT-PI-4SAE11-2026-Tfakkarni\backend)
2026-03-04T23:23:33.802+01:00  INFO 28832 --- [medical-service] [main] o.t.m.MedicalServiceApplication          : No active profile set, falling back to 1 default profile: "default"
2026-03-04T23:23:35.469+01:00  INFO 28832 --- [medical-service] [main] .s.d.r.c.RepositoryConfigurationDelegate : Bootstrapping Spring Data JPA repositories in DEFAULT mode.
2026-03-04T23:23:35.763+01:00  INFO 28832 --- [medical-service] [main] .s.d.r.c.RepositoryConfigurationDelegate : Finished Spring Data repository scanning in 281 ms. Found 2 JPA repository interfaces.
2026-03-04T23:23:36.118+01:00  INFO 28832 --- [medical-service] [main] o.s.cloud.context.scope.GenericScope     : BeanFactory id=6094d7b7-ad19-38dc-89bb-c80e5295751a
2026-03-04T23:23:36.410+01:00  WARN 28832 --- [medical-service] [main] ConfigServletWebServerApplicationContext : Exception encountered during context initialization - cancelling refresh attempt: org.springframework.context.ApplicationContextException: Unable to start web server
2026-03-04T23:23:36.423+01:00  INFO 28832 --- [medical-service] [main] .s.b.a.l.ConditionEvaluationReportLogger : 

Error starting ApplicationContext. To display the condition evaluation report re-run your application with 'debug' enabled.
2026-03-04T23:23:36.445+01:00 ERROR 28832 --- [medical-service] [main] o.s.b.d.LoggingFailureAnalysisReporter   : 

***************************
APPLICATION FAILED TO START
***************************

Description:

Failed to bind properties under 'server.error.include-exception' to boolean:

    Property: server.error.include-exception
    Value: "always"
    Origin: class path resource [application.yml] - 5:24
    Reason: failed to convert java.lang.String to boolean (caused by java.lang.IllegalArgumentException: Invalid boolean value 'always')

Action:

Update your application's configuration

2026-03-04T23:24:16.064+01:00  INFO 31200 --- [medical-service] [main] o.t.m.MedicalServiceApplication          : Starting MedicalServiceApplication using Java 21.0.2 with PID 31200 (C:\Users\Lenovo\OneDrive - ESPRIT\Documents\GitHub\ESPRIT-PI-4SAE11-2026-Tfakkarni\backend\medical-service\target\classes started by Lenovo in C:\Users\Lenovo\OneDrive - ESPRIT\Documents\GitHub\ESPRIT-PI-4SAE11-2026-Tfakkarni\backend)
2026-03-04T23:24:16.067+01:00  INFO 31200 --- [medical-service] [main] o.t.m.MedicalServiceApplication          : No active profile set, falling back to 1 default profile: "default"
2026-03-04T23:24:17.456+01:00  INFO 31200 --- [medical-service] [main] .s.d.r.c.RepositoryConfigurationDelegate : Bootstrapping Spring Data JPA repositories in DEFAULT mode.
2026-03-04T23:24:17.663+01:00  INFO 31200 --- [medical-service] [main] .s.d.r.c.RepositoryConfigurationDelegate : Finished Spring Data repository scanning in 197 ms. Found 2 JPA repository interfaces.
2026-03-04T23:24:17.909+01:00  INFO 31200 --- [medical-service] [main] o.s.cloud.context.scope.GenericScope     : BeanFactory id=6094d7b7-ad19-38dc-89bb-c80e5295751a
2026-03-04T23:24:18.337+01:00  INFO 31200 --- [medical-service] [main] o.s.b.w.embedded.tomcat.TomcatWebServer  : Tomcat initialized with port 18086 (http)
2026-03-04T23:24:18.354+01:00  INFO 31200 --- [medical-service] [main] o.apache.catalina.core.StandardService   : Starting service [Tomcat]
2026-03-04T23:24:18.355+01:00  INFO 31200 --- [medical-service] [main] o.apache.catalina.core.StandardEngine    : Starting Servlet engine: [Apache Tomcat/10.1.33]
2026-03-04T23:24:18.445+01:00  INFO 31200 --- [medical-service] [main] o.a.c.c.C.[Tomcat].[localhost].[/]       : Initializing Spring embedded WebApplicationContext
2026-03-04T23:24:18.445+01:00  INFO 31200 --- [medical-service] [main] w.s.c.ServletWebServerApplicationContext : Root WebApplicationContext: initialization completed in 2275 ms
2026-03-04T23:24:18.617+01:00  INFO 31200 --- [medical-service] [main] o.hibernate.jpa.internal.util.LogHelper  : HHH000204: Processing PersistenceUnitInfo [name: default]
2026-03-04T23:24:18.692+01:00  INFO 31200 --- [medical-service] [main] org.hibernate.Version                    : HHH000412: Hibernate ORM core version 6.5.3.Final
2026-03-04T23:24:18.726+01:00  INFO 31200 --- [medical-service] [main] o.h.c.internal.RegionFactoryInitiator    : HHH000026: Second-level cache disabled
2026-03-04T23:24:19.050+01:00  INFO 31200 --- [medical-service] [main] o.s.o.j.p.SpringPersistenceUnitInfo      : No LoadTimeWeaver setup: ignoring JPA class transformer
2026-03-04T23:24:19.081+01:00  INFO 31200 --- [medical-service] [main] com.zaxxer.hikari.HikariDataSource       : HikariPool-1 - Starting...
2026-03-04T23:24:19.953+01:00  INFO 31200 --- [medical-service] [main] com.zaxxer.hikari.pool.HikariPool        : HikariPool-1 - Added connection org.postgresql.jdbc.PgConnection@515c732d
2026-03-04T23:24:19.954+01:00  INFO 31200 --- [medical-service] [main] com.zaxxer.hikari.HikariDataSource       : HikariPool-1 - Start completed.
2026-03-04T23:24:20.067+01:00  WARN 31200 --- [medical-service] [main] org.hibernate.orm.deprecation            : HHH90000025: PostgreSQLDialect does not need to be specified explicitly using 'hibernate.dialect' (remove the property setting and it will be selected by default)
2026-03-04T23:24:21.289+01:00  INFO 31200 --- [medical-service] [main] o.h.e.t.j.p.i.JtaPlatformInitiator       : HHH000489: No JTA platform available (set 'hibernate.transaction.jta.platform' to enable JTA platform integration)
2026-03-04T23:24:22.117+01:00  INFO 31200 --- [medical-service] [main] j.LocalContainerEntityManagerFactoryBean : Initialized JPA EntityManagerFactory for persistence unit 'default'
2026-03-04T23:24:22.359+01:00  INFO 31200 --- [medical-service] [main] o.s.d.j.r.query.QueryEnhancerFactory     : Hibernate is in classpath; If applicable, HQL parser will be used.
2026-03-04T23:24:23.366+01:00  WARN 31200 --- [medical-service] [main] JpaBaseConfiguration$JpaWebConfiguration : spring.jpa.open-in-view is enabled by default. Therefore, database queries may be performed during view rendering. Explicitly configure spring.jpa.open-in-view to disable this warning
2026-03-04T23:24:23.549+01:00 DEBUG 31200 --- [medical-service] [main] s.w.s.m.m.a.RequestMappingHandlerMapping : 45 mappings in 'requestMappingHandlerMapping'
2026-03-04T23:24:23.653+01:00 DEBUG 31200 --- [medical-service] [main] o.s.w.s.handler.SimpleUrlHandlerMapping  : Patterns [/webjars/**, /**, /swagger-ui*/*swagger-initializer.js, /swagger-ui*/**] in 'resourceHandlerMapping'
2026-03-04T23:24:23.694+01:00 DEBUG 31200 --- [medical-service] [main] s.w.s.m.m.a.RequestMappingHandlerAdapter : ControllerAdvice beans: 0 @ModelAttribute, 0 @InitBinder, 1 RequestBodyAdvice, 1 ResponseBodyAdvice
2026-03-04T23:24:23.780+01:00 DEBUG 31200 --- [medical-service] [main] .m.m.a.ExceptionHandlerExceptionResolver : ControllerAdvice beans: 2 @ExceptionHandler, 1 ResponseBodyAdvice
2026-03-04T23:24:24.140+01:00  INFO 31200 --- [medical-service] [main] DiscoveryClientOptionalArgsConfiguration : Eureka HTTP Client uses RestTemplate.
2026-03-04T23:24:24.185+01:00  WARN 31200 --- [medical-service] [main] iguration$LoadBalancerCaffeineWarnLogger : Spring Cloud LoadBalancer is currently working with the default cache. While this cache implementation is useful for development and tests, it's recommended to use Caffeine cache in production.You can switch to using Caffeine cache, by adding it and org.springframework.cache.caffeine.CaffeineCacheManager to the classpath.
2026-03-04T23:24:24.247+01:00  INFO 31200 --- [medical-service] [main] o.s.c.n.eureka.InstanceInfoFactory       : Setting initial instance status as: STARTING
2026-03-04T23:24:24.274+01:00  INFO 31200 --- [medical-service] [main] com.netflix.discovery.DiscoveryClient    : Initializing Eureka in region us-east-1
2026-03-04T23:24:24.279+01:00  INFO 31200 --- [medical-service] [main] c.n.d.s.r.aws.ConfigClusterResolver      : Resolving eureka endpoints via configuration
2026-03-04T23:24:24.289+01:00  INFO 31200 --- [medical-service] [main] com.netflix.discovery.DiscoveryClient    : Disable delta property : false
2026-03-04T23:24:24.289+01:00  INFO 31200 --- [medical-service] [main] com.netflix.discovery.DiscoveryClient    : Single vip registry refresh property : null
2026-03-04T23:24:24.289+01:00  INFO 31200 --- [medical-service] [main] com.netflix.discovery.DiscoveryClient    : Force full registry fetch : false
2026-03-04T23:24:24.289+01:00  INFO 31200 --- [medical-service] [main] com.netflix.discovery.DiscoveryClient    : Application is null : false
2026-03-04T23:24:24.289+01:00  INFO 31200 --- [medical-service] [main] com.netflix.discovery.DiscoveryClient    : Registered Applications size is zero : true
2026-03-04T23:24:24.289+01:00  INFO 31200 --- [medical-service] [main] com.netflix.discovery.DiscoveryClient    : Application version is -1: true
2026-03-04T23:24:24.289+01:00  INFO 31200 --- [medical-service] [main] com.netflix.discovery.DiscoveryClient    : Getting all instance registry info from the eureka server
2026-03-04T23:24:24.518+01:00 DEBUG 31200 --- [medical-service] [main] o.s.web.client.RestTemplate              : HTTP GET http://localhost:8761/eureka/apps/
2026-03-04T23:24:24.686+01:00 DEBUG 31200 --- [medical-service] [main] o.s.web.client.RestTemplate              : Accept=[application/json, application/*+json]
2026-03-04T23:24:24.748+01:00 DEBUG 31200 --- [medical-service] [main] o.s.web.client.RestTemplate              : Response 200 OK
2026-03-04T23:24:24.752+01:00 DEBUG 31200 --- [medical-service] [main] o.s.web.client.RestTemplate              : Reading to [org.springframework.cloud.netflix.eureka.http.EurekaApplications]
2026-03-04T23:24:24.796+01:00  INFO 31200 --- [medical-service] [main] com.netflix.discovery.DiscoveryClient    : The response status is 200
2026-03-04T23:24:24.798+01:00  INFO 31200 --- [medical-service] [main] com.netflix.discovery.DiscoveryClient    : Starting heartbeat executor: renew interval is: 30
2026-03-04T23:24:24.800+01:00  INFO 31200 --- [medical-service] [main] c.n.discovery.InstanceInfoReplicator     : InstanceInfoReplicator onDemand update allowed rate per min is 4
2026-03-04T23:24:24.803+01:00  INFO 31200 --- [medical-service] [main] com.netflix.discovery.DiscoveryClient    : Discovery Client initialized at timestamp 1772663064801 with initial instances count: 6
2026-03-04T23:24:24.807+01:00  INFO 31200 --- [medical-service] [main] o.s.c.n.e.s.EurekaServiceRegistry        : Registering application MEDICAL-SERVICE with eureka with status UP
2026-03-04T23:24:24.808+01:00  INFO 31200 --- [medical-service] [main] com.netflix.discovery.DiscoveryClient    : Saw local status change event StatusChangeEvent [timestamp=1772663064808, current=UP, previous=STARTING]
2026-03-04T23:24:24.810+01:00  INFO 31200 --- [medical-service] [DiscoveryClient-InstanceInfoReplicator-%d] com.netflix.discovery.DiscoveryClient    : DiscoveryClient_MEDICAL-SERVICE/DESKTOP-I0BIKTH:medical-service:18086: registering service...
2026-03-04T23:24:24.815+01:00 DEBUG 31200 --- [medical-service] [DiscoveryClient-InstanceInfoReplicator-%d] o.s.web.client.RestTemplate              : HTTP POST http://localhost:8761/eureka/apps/MEDICAL-SERVICE
2026-03-04T23:24:24.818+01:00 DEBUG 31200 --- [medical-service] [DiscoveryClient-InstanceInfoReplicator-%d] o.s.web.client.RestTemplate              : Accept=[application/json, application/*+json]
2026-03-04T23:24:24.834+01:00  INFO 31200 --- [medical-service] [main] o.s.b.w.embedded.tomcat.TomcatWebServer  : Tomcat started on port 18086 (http) with context path '/'
2026-03-04T23:24:24.835+01:00  INFO 31200 --- [medical-service] [main] .s.c.n.e.s.EurekaAutoServiceRegistration : Updating port to 18086
2026-03-04T23:24:24.837+01:00 DEBUG 31200 --- [medical-service] [DiscoveryClient-InstanceInfoReplicator-%d] o.s.web.client.RestTemplate              : Writing [InstanceInfo [instanceId = DESKTOP-I0BIKTH:medical-service:18086, appName = MEDICAL-SERVICE, hostName = DESKTOP-I0BIKTH, status = UP, ipAddr = 192.168.3.1, port = 18086, securePort = 443, dataCenterInfo = com.netflix.appinfo.MyDataCenterInfo@61ab2bcc] as "application/json"
2026-03-04T23:24:24.859+01:00  INFO 31200 --- [medical-service] [main] o.t.m.MedicalServiceApplication          : Started MedicalServiceApplication in 9.673 seconds (process running for 10.914)
2026-03-04T23:24:24.867+01:00 DEBUG 31200 --- [medical-service] [DiscoveryClient-InstanceInfoReplicator-%d] o.s.web.client.RestTemplate              : Response 204 NO_CONTENT
2026-03-04T23:24:24.868+01:00  INFO 31200 --- [medical-service] [DiscoveryClient-InstanceInfoReplicator-%d] com.netflix.discovery.DiscoveryClient    : DiscoveryClient_MEDICAL-SERVICE/DESKTOP-I0BIKTH:medical-service:18086 - registration status: 204
2026-03-04T23:24:54.822+01:00 DEBUG 31200 --- [medical-service] [DiscoveryClient-CacheRefreshExecutor-%d] o.s.web.client.RestTemplate              : HTTP GET http://localhost:8761/eureka/apps/delta
2026-03-04T23:24:54.823+01:00 DEBUG 31200 --- [medical-service] [DiscoveryClient-HeartbeatExecutor-%d] o.s.web.client.RestTemplate              : HTTP PUT http://localhost:8761/eureka/apps/MEDICAL-SERVICE/DESKTOP-I0BIKTH:medical-service:18086?status=UP&lastDirtyTimestamp=1772663064808
2026-03-04T23:24:54.823+01:00 DEBUG 31200 --- [medical-service] [DiscoveryClient-CacheRefreshExecutor-%d] o.s.web.client.RestTemplate              : Accept=[application/json, application/*+json]
2026-03-04T23:24:54.835+01:00 DEBUG 31200 --- [medical-service] [DiscoveryClient-HeartbeatExecutor-%d] o.s.web.client.RestTemplate              : Accept=[application/json, application/*+json]
2026-03-04T23:24:54.842+01:00 DEBUG 31200 --- [medical-service] [DiscoveryClient-CacheRefreshExecutor-%d] o.s.web.client.RestTemplate              : Response 200 OK
2026-03-04T23:24:54.842+01:00 DEBUG 31200 --- [medical-service] [DiscoveryClient-CacheRefreshExecutor-%d] o.s.web.client.RestTemplate              : Reading to [org.springframework.cloud.netflix.eureka.http.EurekaApplications]
2026-03-04T23:24:54.856+01:00 DEBUG 31200 --- [medical-service] [DiscoveryClient-HeartbeatExecutor-%d] o.s.web.client.RestTemplate              : Response 200 OK
2026-03-04T23:25:09.672+01:00  INFO 31200 --- [medical-service] [http-nio-18086-exec-3] o.a.c.c.C.[Tomcat].[localhost].[/]       : Initializing Spring DispatcherServlet 'dispatcherServlet'
2026-03-04T23:25:09.673+01:00  INFO 31200 --- [medical-service] [http-nio-18086-exec-3] o.s.web.servlet.DispatcherServlet        : Initializing Servlet 'dispatcherServlet'
2026-03-04T23:25:09.673+01:00 DEBUG 31200 --- [medical-service] [http-nio-18086-exec-3] o.s.web.servlet.DispatcherServlet        : Detected StandardServletMultipartResolver
2026-03-04T23:25:09.673+01:00 DEBUG 31200 --- [medical-service] [http-nio-18086-exec-3] o.s.web.servlet.DispatcherServlet        : Detected AcceptHeaderLocaleResolver
2026-03-04T23:25:09.673+01:00 DEBUG 31200 --- [medical-service] [http-nio-18086-exec-3] o.s.web.servlet.DispatcherServlet        : Detected FixedThemeResolver
2026-03-04T23:25:09.675+01:00 DEBUG 31200 --- [medical-service] [http-nio-18086-exec-3] o.s.web.servlet.DispatcherServlet        : Detected org.springframework.web.servlet.view.DefaultRequestToViewNameTranslator@497f0cb2
2026-03-04T23:25:09.676+01:00 DEBUG 31200 --- [medical-service] [http-nio-18086-exec-3] o.s.web.servlet.DispatcherServlet        : Detected org.springframework.web.servlet.support.SessionFlashMapManager@7de922ba
2026-03-04T23:25:09.676+01:00 DEBUG 31200 --- [medical-service] [http-nio-18086-exec-3] o.s.web.servlet.DispatcherServlet        : enableLoggingRequestDetails='false': request parameters and headers will be masked to prevent unsafe logging of potentially sensitive data
2026-03-04T23:25:09.676+01:00  INFO 31200 --- [medical-service] [http-nio-18086-exec-3] o.s.web.servlet.DispatcherServlet        : Completed initialization in 3 ms
2026-03-04T23:25:09.689+01:00 DEBUG 31200 --- [medical-service] [http-nio-18086-exec-1] o.s.web.servlet.DispatcherServlet        : GET "/api/medical/loans/borrower/27/active", parameters={}
2026-03-04T23:25:09.689+01:00 DEBUG 31200 --- [medical-service] [http-nio-18086-exec-2] o.s.web.servlet.DispatcherServlet        : GET "/api/medical/loans/borrower/27", parameters={}
2026-03-04T23:25:09.689+01:00 DEBUG 31200 --- [medical-service] [http-nio-18086-exec-3] o.s.web.servlet.DispatcherServlet        : GET "/api/medical/equipment", parameters={}
2026-03-04T23:25:09.703+01:00 DEBUG 31200 --- [medical-service] [http-nio-18086-exec-2] s.w.s.m.m.a.RequestMappingHandlerMapping : Mapped to org.techhive.medicalservice.controller.EquipmentLoanController#getLoansByBorrowerId(Long)
2026-03-04T23:25:09.703+01:00 DEBUG 31200 --- [medical-service] [http-nio-18086-exec-3] s.w.s.m.m.a.RequestMappingHandlerMapping : Mapped to org.techhive.medicalservice.controller.EquipmentController#getAllEquipment()
2026-03-04T23:25:09.703+01:00 DEBUG 31200 --- [medical-service] [http-nio-18086-exec-1] s.w.s.m.m.a.RequestMappingHandlerMapping : Mapped to org.techhive.medicalservice.controller.EquipmentLoanController#getActiveLoansByBorrower(Long)
2026-03-04T23:25:09.790+01:00  INFO 31200 --- [medical-service] [http-nio-18086-exec-3] o.t.m.controller.EquipmentController     : Fetching all equipment
2026-03-04T23:25:09.791+01:00  INFO 31200 --- [medical-service] [http-nio-18086-exec-1] o.t.m.c.EquipmentLoanController          : Fetching active loans for borrower ID: 27
2026-03-04T23:25:09.793+01:00  INFO 31200 --- [medical-service] [http-nio-18086-exec-2] o.t.m.c.EquipmentLoanController          : Fetching loans for borrower ID: 27
2026-03-04T23:25:09.909+01:00 DEBUG 31200 --- [medical-service] [http-nio-18086-exec-2] org.hibernate.SQL                        : 
    select
        el1_0.id,
        el1_0.borrower_id,
        el1_0.due_date,
        el1_0.equipment_id,
        el1_0.loan_date,
        el1_0.notes,
        el1_0.purpose,
        el1_0.return_date,
        el1_0.status 
    from
        equipment_loans el1_0 
    where
        el1_0.borrower_id=?
2026-03-04T23:25:09.909+01:00 DEBUG 31200 --- [medical-service] [http-nio-18086-exec-3] org.hibernate.SQL                        : 
    select
        e1_0.id,
        e1_0.category,
        e1_0.condition,
        e1_0.description,
        e1_0.donation_date,
        e1_0.donor_id,
        e1_0.name,
        e1_0.status 
    from
        equipments e1_0
2026-03-04T23:25:09.910+01:00 DEBUG 31200 --- [medical-service] [http-nio-18086-exec-1] org.hibernate.SQL                        : 
    select
        el1_0.id,
        el1_0.borrower_id,
        el1_0.due_date,
        el1_0.equipment_id,
        el1_0.loan_date,
        el1_0.notes,
        el1_0.purpose,
        el1_0.return_date,
        el1_0.status 
    from
        equipment_loans el1_0 
    where
        el1_0.borrower_id=? 
        and el1_0.status=?
2026-03-04T23:25:10.063+01:00 DEBUG 31200 --- [medical-service] [http-nio-18086-exec-2] o.s.w.s.m.m.a.HttpEntityMethodProcessor  : Using 'application/json', given [application/json, text/plain, */*] and supported [application/json, application/*+json]
2026-03-04T23:25:10.063+01:00 DEBUG 31200 --- [medical-service] [http-nio-18086-exec-1] o.s.w.s.m.m.a.HttpEntityMethodProcessor  : Using 'application/json', given [application/json, text/plain, */*] and supported [application/json, application/*+json]
2026-03-04T23:25:10.065+01:00 DEBUG 31200 --- [medical-service] [http-nio-18086-exec-1] o.s.w.s.m.m.a.HttpEntityMethodProcessor  : Writing [[]]
2026-03-04T23:25:10.065+01:00 DEBUG 31200 --- [medical-service] [http-nio-18086-exec-2] o.s.w.s.m.m.a.HttpEntityMethodProcessor  : Writing [[]]
2026-03-04T23:25:10.077+01:00 DEBUG 31200 --- [medical-service] [http-nio-18086-exec-1] o.s.web.servlet.DispatcherServlet        : Completed 200 OK
2026-03-04T23:25:10.078+01:00 DEBUG 31200 --- [medical-service] [http-nio-18086-exec-2] o.s.web.servlet.DispatcherServlet        : Completed 200 OK
2026-03-04T23:25:10.095+01:00 DEBUG 31200 --- [medical-service] [http-nio-18086-exec-3] org.hibernate.SQL                        : 
    select
        l1_0.equipment_id,
        l1_0.id,
        l1_0.borrower_id,
        l1_0.due_date,
        l1_0.loan_date,
        l1_0.notes,
        l1_0.purpose,
        l1_0.return_date,
        l1_0.status 
    from
        equipment_loans l1_0 
    where
        l1_0.equipment_id=?
2026-03-04T23:25:10.158+01:00 DEBUG 31200 --- [medical-service] [http-nio-18086-exec-3] org.hibernate.SQL                        : 
    select
        l1_0.equipment_id,
        l1_0.id,
        l1_0.borrower_id,
        l1_0.due_date,
        l1_0.loan_date,
        l1_0.notes,
        l1_0.purpose,
        l1_0.return_date,
        l1_0.status 
    from
        equipment_loans l1_0 
    where
        l1_0.equipment_id=?
2026-03-04T23:25:10.218+01:00 DEBUG 31200 --- [medical-service] [http-nio-18086-exec-3] org.hibernate.SQL                        : 
    select
        l1_0.equipment_id,
        l1_0.id,
        l1_0.borrower_id,
        l1_0.due_date,
        l1_0.loan_date,
        l1_0.notes,
        l1_0.purpose,
        l1_0.return_date,
        l1_0.status 
    from
        equipment_loans l1_0 
    where
        l1_0.equipment_id=?
2026-03-04T23:25:10.276+01:00 DEBUG 31200 --- [medical-service] [http-nio-18086-exec-3] org.hibernate.SQL                        : 
    select
        l1_0.equipment_id,
        l1_0.id,
        l1_0.borrower_id,
        l1_0.due_date,
        l1_0.loan_date,
        l1_0.notes,
        l1_0.purpose,
        l1_0.return_date,
        l1_0.status 
    from
        equipment_loans l1_0 
    where
        l1_0.equipment_id=?
2026-03-04T23:25:10.358+01:00 DEBUG 31200 --- [medical-service] [http-nio-18086-exec-3] org.hibernate.SQL                        : 
    select
        l1_0.equipment_id,
        l1_0.id,
        l1_0.borrower_id,
        l1_0.due_date,
        l1_0.loan_date,
        l1_0.notes,
        l1_0.purpose,
        l1_0.return_date,
        l1_0.status 
    from
        equipment_loans l1_0 
    where
        l1_0.equipment_id=?
2026-03-04T23:25:10.519+01:00 DEBUG 31200 --- [medical-service] [http-nio-18086-exec-3] org.hibernate.SQL                        : 
    select
        l1_0.equipment_id,
        l1_0.id,
        l1_0.borrower_id,
        l1_0.due_date,
        l1_0.loan_date,
        l1_0.notes,
        l1_0.purpose,
        l1_0.return_date,
        l1_0.status 
    from
        equipment_loans l1_0 
    where
        l1_0.equipment_id=?
2026-03-04T23:25:10.724+01:00 DEBUG 31200 --- [medical-service] [http-nio-18086-exec-3] org.hibernate.SQL                        : 
    select
        l1_0.equipment_id,
        l1_0.id,
        l1_0.borrower_id,
        l1_0.due_date,
        l1_0.loan_date,
        l1_0.notes,
        l1_0.purpose,
        l1_0.return_date,
        l1_0.status 
    from
        equipment_loans l1_0 
    where
        l1_0.equipment_id=?
2026-03-04T23:25:10.792+01:00 DEBUG 31200 --- [medical-service] [http-nio-18086-exec-3] org.hibernate.SQL                        : 
    select
        l1_0.equipment_id,
        l1_0.id,
        l1_0.borrower_id,
        l1_0.due_date,
        l1_0.loan_date,
        l1_0.notes,
        l1_0.purpose,
        l1_0.return_date,
        l1_0.status 
    from
        equipment_loans l1_0 
    where
        l1_0.equipment_id=?
2026-03-04T23:25:10.917+01:00 DEBUG 31200 --- [medical-service] [http-nio-18086-exec-3] org.hibernate.SQL                        : 
    select
        l1_0.equipment_id,
        l1_0.id,
        l1_0.borrower_id,
        l1_0.due_date,
        l1_0.loan_date,
        l1_0.notes,
        l1_0.purpose,
        l1_0.return_date,
        l1_0.status 
    from
        equipment_loans l1_0 
    where
        l1_0.equipment_id=?
2026-03-04T23:25:10.987+01:00 DEBUG 31200 --- [medical-service] [http-nio-18086-exec-3] org.hibernate.SQL                        : 
    select
        l1_0.equipment_id,
        l1_0.id,
        l1_0.borrower_id,
        l1_0.due_date,
        l1_0.loan_date,
        l1_0.notes,
        l1_0.purpose,
        l1_0.return_date,
        l1_0.status 
    from
        equipment_loans l1_0 
    where
        l1_0.equipment_id=?
2026-03-04T23:25:11.062+01:00 DEBUG 31200 --- [medical-service] [http-nio-18086-exec-3] org.hibernate.SQL                        : 
    select
        l1_0.equipment_id,
        l1_0.id,
        l1_0.borrower_id,
        l1_0.due_date,
        l1_0.loan_date,
        l1_0.notes,
        l1_0.purpose,
        l1_0.return_date,
        l1_0.status 
    from
        equipment_loans l1_0 
    where
        l1_0.equipment_id=?
2026-03-04T23:25:11.221+01:00 DEBUG 31200 --- [medical-service] [http-nio-18086-exec-3] org.hibernate.SQL                        : 
    select
        l1_0.equipment_id,
        l1_0.id,
        l1_0.borrower_id,
        l1_0.due_date,
        l1_0.loan_date,
        l1_0.notes,
        l1_0.purpose,
        l1_0.return_date,
        l1_0.status 
    from
        equipment_loans l1_0 
    where
        l1_0.equipment_id=?
2026-03-04T23:25:11.326+01:00 DEBUG 31200 --- [medical-service] [http-nio-18086-exec-3] org.hibernate.SQL                        : 
    select
        l1_0.equipment_id,
        l1_0.id,
        l1_0.borrower_id,
        l1_0.due_date,
        l1_0.loan_date,
        l1_0.notes,
        l1_0.purpose,
        l1_0.return_date,
        l1_0.status 
    from
        equipment_loans l1_0 
    where
        l1_0.equipment_id=?
2026-03-04T23:25:11.538+01:00 DEBUG 31200 --- [medical-service] [http-nio-18086-exec-3] .m.m.a.ExceptionHandlerExceptionResolver : Using @ExceptionHandler org.techhive.medicalservice.controller.GlobalExceptionHandler#handleAllExceptions(Exception)
2026-03-04T23:25:11.545+01:00 DEBUG 31200 --- [medical-service] [http-nio-18086-exec-3] o.s.w.s.m.m.a.HttpEntityMethodProcessor  : Using 'application/json', given [application/json, text/plain, */*] and supported [text/plain, */*, application/json, application/*+json]
2026-03-04T23:25:11.547+01:00 DEBUG 31200 --- [medical-service] [http-nio-18086-exec-3] o.s.w.s.m.m.a.HttpEntityMethodProcessor  : Writing ["org.springframework.dao.InvalidDataAccessApiUsageException: No enum constant org.techhive.medicalser (truncated)..."]
2026-03-04T23:25:11.550+01:00 DEBUG 31200 --- [medical-service] [http-nio-18086-exec-3] .m.m.a.ExceptionHandlerExceptionResolver : Resolved [org.springframework.dao.InvalidDataAccessApiUsageException: No enum constant org.techhive.medicalservice.entity.enums.EquipmentCategory.MONITORING]
2026-03-04T23:25:11.551+01:00 DEBUG 31200 --- [medical-service] [http-nio-18086-exec-3] o.s.web.servlet.DispatcherServlet        : Completed 500 INTERNAL_SERVER_ERROR
2026-03-04T23:25:24.864+01:00 DEBUG 31200 --- [medical-service] [DiscoveryClient-HeartbeatExecutor-%d] o.s.web.client.RestTemplate              : HTTP PUT http://localhost:8761/eureka/apps/MEDICAL-SERVICE/DESKTOP-I0BIKTH:medical-service:18086?status=UP&lastDirtyTimestamp=1772663064808
2026-03-04T23:25:24.865+01:00 DEBUG 31200 --- [medical-service] [DiscoveryClient-HeartbeatExecutor-%d] o.s.web.client.RestTemplate              : Accept=[application/json, application/*+json]
2026-03-04T23:25:24.865+01:00 DEBUG 31200 --- [medical-service] [DiscoveryClient-CacheRefreshExecutor-%d] o.s.web.client.RestTemplate              : HTTP GET http://localhost:8761/eureka/apps/delta
2026-03-04T23:25:24.865+01:00 DEBUG 31200 --- [medical-service] [DiscoveryClient-CacheRefreshExecutor-%d] o.s.web.client.RestTemplate              : Accept=[application/json, application/*+json]
2026-03-04T23:25:24.883+01:00 DEBUG 31200 --- [medical-service] [DiscoveryClient-CacheRefreshExecutor-%d] o.s.web.client.RestTemplate              : Response 200 OK
2026-03-04T23:25:24.883+01:00 DEBUG 31200 --- [medical-service] [DiscoveryClient-CacheRefreshExecutor-%d] o.s.web.client.RestTemplate              : Reading to [org.springframework.cloud.netflix.eureka.http.EurekaApplications]
2026-03-04T23:25:24.886+01:00 DEBUG 31200 --- [medical-service] [DiscoveryClient-HeartbeatExecutor-%d] o.s.web.client.RestTemplate              : Response 200 OK
2026-03-04T23:25:54.899+01:00 DEBUG 31200 --- [medical-service] [DiscoveryClient-CacheRefreshExecutor-%d] o.s.web.client.RestTemplate              : HTTP GET http://localhost:8761/eureka/apps/delta
2026-03-04T23:25:54.901+01:00 DEBUG 31200 --- [medical-service] [DiscoveryClient-CacheRefreshExecutor-%d] o.s.web.client.RestTemplate              : Accept=[application/json, application/*+json]
2026-03-04T23:25:54.902+01:00 DEBUG 31200 --- [medical-service] [DiscoveryClient-HeartbeatExecutor-%d] o.s.web.client.RestTemplate              : HTTP PUT http://localhost:8761/eureka/apps/MEDICAL-SERVICE/DESKTOP-I0BIKTH:medical-service:18086?status=UP&lastDirtyTimestamp=1772663064808
2026-03-04T23:25:54.902+01:00 DEBUG 31200 --- [medical-service] [DiscoveryClient-HeartbeatExecutor-%d] o.s.web.client.RestTemplate              : Accept=[application/json, application/*+json]
2026-03-04T23:25:54.917+01:00 DEBUG 31200 --- [medical-service] [DiscoveryClient-HeartbeatExecutor-%d] o.s.web.client.RestTemplate              : Response 200 OK
2026-03-04T23:25:54.919+01:00 DEBUG 31200 --- [medical-service] [DiscoveryClient-CacheRefreshExecutor-%d] o.s.web.client.RestTemplate              : Response 200 OK
2026-03-04T23:25:54.919+01:00 DEBUG 31200 --- [medical-service] [DiscoveryClient-CacheRefreshExecutor-%d] o.s.web.client.RestTemplate              : Reading to [org.springframework.cloud.netflix.eureka.http.EurekaApplications]
2026-03-04T23:26:24.936+01:00 DEBUG 31200 --- [medical-service] [DiscoveryClient-CacheRefreshExecutor-%d] o.s.web.client.RestTemplate              : HTTP GET http://localhost:8761/eureka/apps/delta
2026-03-04T23:26:24.937+01:00 DEBUG 31200 --- [medical-service] [DiscoveryClient-CacheRefreshExecutor-%d] o.s.web.client.RestTemplate              : Accept=[application/json, application/*+json]
2026-03-04T23:26:24.938+01:00 DEBUG 31200 --- [medical-service] [DiscoveryClient-HeartbeatExecutor-%d] o.s.web.client.RestTemplate              : HTTP PUT http://localhost:8761/eureka/apps/MEDICAL-SERVICE/DESKTOP-I0BIKTH:medical-service:18086?status=UP&lastDirtyTimestamp=1772663064808
2026-03-04T23:26:24.938+01:00 DEBUG 31200 --- [medical-service] [DiscoveryClient-HeartbeatExecutor-%d] o.s.web.client.RestTemplate              : Accept=[application/json, application/*+json]
2026-03-04T23:26:24.962+01:00 DEBUG 31200 --- [medical-service] [DiscoveryClient-HeartbeatExecutor-%d] o.s.web.client.RestTemplate              : Response 200 OK
2026-03-04T23:26:24.969+01:00 DEBUG 31200 --- [medical-service] [DiscoveryClient-CacheRefreshExecutor-%d] o.s.web.client.RestTemplate              : Response 200 OK
2026-03-04T23:26:24.969+01:00 DEBUG 31200 --- [medical-service] [DiscoveryClient-CacheRefreshExecutor-%d] o.s.web.client.RestTemplate              : Reading to [org.springframework.cloud.netflix.eureka.http.EurekaApplications]
2026-03-04T23:26:42.914+01:00 DEBUG 31200 --- [medical-service] [http-nio-18086-exec-6] o.s.web.servlet.DispatcherServlet        : GET "/api/medical/equipment", parameters={}
2026-03-04T23:26:42.915+01:00 DEBUG 31200 --- [medical-service] [http-nio-18086-exec-6] s.w.s.m.m.a.RequestMappingHandlerMapping : Mapped to org.techhive.medicalservice.controller.EquipmentController#getAllEquipment()
2026-03-04T23:26:42.972+01:00  INFO 31200 --- [medical-service] [http-nio-18086-exec-6] o.t.m.controller.EquipmentController     : Fetching all equipment
2026-03-04T23:26:42.974+01:00 DEBUG 31200 --- [medical-service] [http-nio-18086-exec-6] org.hibernate.SQL                        : 
    select
        e1_0.id,
        e1_0.category,
        e1_0.condition,
        e1_0.description,
        e1_0.donation_date,
        e1_0.donor_id,
        e1_0.name,
        e1_0.status 
    from
        equipments e1_0
2026-03-04T23:26:43.096+01:00 DEBUG 31200 --- [medical-service] [http-nio-18086-exec-6] org.hibernate.SQL                        : 
    select
        l1_0.equipment_id,
        l1_0.id,
        l1_0.borrower_id,
        l1_0.due_date,
        l1_0.loan_date,
        l1_0.notes,
        l1_0.purpose,
        l1_0.return_date,
        l1_0.status 
    from
        equipment_loans l1_0 
    where
        l1_0.equipment_id=?
2026-03-04T23:26:43.147+01:00 DEBUG 31200 --- [medical-service] [http-nio-18086-exec-6] org.hibernate.SQL                        : 
    select
        l1_0.equipment_id,
        l1_0.id,
        l1_0.borrower_id,
        l1_0.due_date,
        l1_0.loan_date,
        l1_0.notes,
        l1_0.purpose,
        l1_0.return_date,
        l1_0.status 
    from
        equipment_loans l1_0 
    where
        l1_0.equipment_id=?
2026-03-04T23:26:43.213+01:00 DEBUG 31200 --- [medical-service] [http-nio-18086-exec-6] org.hibernate.SQL                        : 
    select
        l1_0.equipment_id,
        l1_0.id,
        l1_0.borrower_id,
        l1_0.due_date,
        l1_0.loan_date,
        l1_0.notes,
        l1_0.purpose,
        l1_0.return_date,
        l1_0.status 
    from
        equipment_loans l1_0 
    where
        l1_0.equipment_id=?
2026-03-04T23:26:43.276+01:00 DEBUG 31200 --- [medical-service] [http-nio-18086-exec-6] org.hibernate.SQL                        : 
    select
        l1_0.equipment_id,
        l1_0.id,
        l1_0.borrower_id,
        l1_0.due_date,
        l1_0.loan_date,
        l1_0.notes,
        l1_0.purpose,
        l1_0.return_date,
        l1_0.status 
    from
        equipment_loans l1_0 
    where
        l1_0.equipment_id=?
2026-03-04T23:26:43.350+01:00 DEBUG 31200 --- [medical-service] [http-nio-18086-exec-6] org.hibernate.SQL                        : 
    select
        l1_0.equipment_id,
        l1_0.id,
        l1_0.borrower_id,
        l1_0.due_date,
        l1_0.loan_date,
        l1_0.notes,
        l1_0.purpose,
        l1_0.return_date,
        l1_0.status 
    from
        equipment_loans l1_0 
    where
        l1_0.equipment_id=?
2026-03-04T23:26:43.408+01:00 DEBUG 31200 --- [medical-service] [http-nio-18086-exec-6] org.hibernate.SQL                        : 
    select
        l1_0.equipment_id,
        l1_0.id,
        l1_0.borrower_id,
        l1_0.due_date,
        l1_0.loan_date,
        l1_0.notes,
        l1_0.purpose,
        l1_0.return_date,
        l1_0.status 
    from
        equipment_loans l1_0 
    where
        l1_0.equipment_id=?
2026-03-04T23:26:43.469+01:00 DEBUG 31200 --- [medical-service] [http-nio-18086-exec-6] org.hibernate.SQL                        : 
    select
        l1_0.equipment_id,
        l1_0.id,
        l1_0.borrower_id,
        l1_0.due_date,
        l1_0.loan_date,
        l1_0.notes,
        l1_0.purpose,
        l1_0.return_date,
        l1_0.status 
    from
        equipment_loans l1_0 
    where
        l1_0.equipment_id=?
2026-03-04T23:26:43.536+01:00 DEBUG 31200 --- [medical-service] [http-nio-18086-exec-6] org.hibernate.SQL                        : 
    select
        l1_0.equipment_id,
        l1_0.id,
        l1_0.borrower_id,
        l1_0.due_date,
        l1_0.loan_date,
        l1_0.notes,
        l1_0.purpose,
        l1_0.return_date,
        l1_0.status 
    from
        equipment_loans l1_0 
    where
        l1_0.equipment_id=?
2026-03-04T23:26:43.598+01:00 DEBUG 31200 --- [medical-service] [http-nio-18086-exec-6] org.hibernate.SQL                        : 
    select
        l1_0.equipment_id,
        l1_0.id,
        l1_0.borrower_id,
        l1_0.due_date,
        l1_0.loan_date,
        l1_0.notes,
        l1_0.purpose,
        l1_0.return_date,
        l1_0.status 
    from
        equipment_loans l1_0 
    where
        l1_0.equipment_id=?
2026-03-04T23:26:43.671+01:00 DEBUG 31200 --- [medical-service] [http-nio-18086-exec-6] org.hibernate.SQL                        : 
    select
        l1_0.equipment_id,
        l1_0.id,
        l1_0.borrower_id,
        l1_0.due_date,
        l1_0.loan_date,
        l1_0.notes,
        l1_0.purpose,
        l1_0.return_date,
        l1_0.status 
    from
        equipment_loans l1_0 
    where
        l1_0.equipment_id=?
2026-03-04T23:26:43.732+01:00 DEBUG 31200 --- [medical-service] [http-nio-18086-exec-6] org.hibernate.SQL                        : 
    select
        l1_0.equipment_id,
        l1_0.id,
        l1_0.borrower_id,
        l1_0.due_date,
        l1_0.loan_date,
        l1_0.notes,
        l1_0.purpose,
        l1_0.return_date,
        l1_0.status 
    from
        equipment_loans l1_0 
    where
        l1_0.equipment_id=?
2026-03-04T23:26:43.802+01:00 DEBUG 31200 --- [medical-service] [http-nio-18086-exec-6] org.hibernate.SQL                        : 
    select
        l1_0.equipment_id,
        l1_0.id,
        l1_0.borrower_id,
        l1_0.due_date,
        l1_0.loan_date,
        l1_0.notes,
        l1_0.purpose,
        l1_0.return_date,
        l1_0.status 
    from
        equipment_loans l1_0 
    where
        l1_0.equipment_id=?
2026-03-04T23:26:43.865+01:00 DEBUG 31200 --- [medical-service] [http-nio-18086-exec-6] org.hibernate.SQL                        : 
    select
        l1_0.equipment_id,
        l1_0.id,
        l1_0.borrower_id,
        l1_0.due_date,
        l1_0.loan_date,
        l1_0.notes,
        l1_0.purpose,
        l1_0.return_date,
        l1_0.status 
    from
        equipment_loans l1_0 
    where
        l1_0.equipment_id=?
2026-03-04T23:26:44.003+01:00 DEBUG 31200 --- [medical-service] [http-nio-18086-exec-6] .m.m.a.ExceptionHandlerExceptionResolver : Using @ExceptionHandler org.techhive.medicalservice.controller.GlobalExceptionHandler#handleAllExceptions(Exception)
2026-03-04T23:26:44.006+01:00 DEBUG 31200 --- [medical-service] [http-nio-18086-exec-6] o.s.w.s.m.m.a.HttpEntityMethodProcessor  : Using 'text/plain', given [*/*] and supported [text/plain, */*, application/json, application/*+json]
2026-03-04T23:26:44.006+01:00 DEBUG 31200 --- [medical-service] [http-nio-18086-exec-6] o.s.w.s.m.m.a.HttpEntityMethodProcessor  : Writing ["org.springframework.dao.InvalidDataAccessApiUsageException: No enum constant org.techhive.medicalser (truncated)..."]
2026-03-04T23:26:44.007+01:00 DEBUG 31200 --- [medical-service] [http-nio-18086-exec-6] .m.m.a.ExceptionHandlerExceptionResolver : Resolved [org.springframework.dao.InvalidDataAccessApiUsageException: No enum constant org.techhive.medicalservice.entity.enums.EquipmentCategory.MONITORING]
2026-03-04T23:26:44.007+01:00 DEBUG 31200 --- [medical-service] [http-nio-18086-exec-6] o.s.web.servlet.DispatcherServlet        : Completed 500 INTERNAL_SERVER_ERROR
2026-03-04T23:26:54.969+01:00 DEBUG 31200 --- [medical-service] [DiscoveryClient-HeartbeatExecutor-%d] o.s.web.client.RestTemplate              : HTTP PUT http://localhost:8761/eureka/apps/MEDICAL-SERVICE/DESKTOP-I0BIKTH:medical-service:18086?status=UP&lastDirtyTimestamp=1772663064808
2026-03-04T23:26:54.970+01:00 DEBUG 31200 --- [medical-service] [DiscoveryClient-HeartbeatExecutor-%d] o.s.web.client.RestTemplate              : Accept=[application/json, application/*+json]
2026-03-04T23:26:54.987+01:00 DEBUG 31200 --- [medical-service] [DiscoveryClient-HeartbeatExecutor-%d] o.s.web.client.RestTemplate              : Response 200 OK
2026-03-04T23:26:55.047+01:00 DEBUG 31200 --- [medical-service] [DiscoveryClient-CacheRefreshExecutor-%d] o.s.web.client.RestTemplate              : HTTP GET http://localhost:8761/eureka/apps/delta
2026-03-04T23:26:55.048+01:00 DEBUG 31200 --- [medical-service] [DiscoveryClient-CacheRefreshExecutor-%d] o.s.web.client.RestTemplate              : Accept=[application/json, application/*+json]
2026-03-04T23:26:55.065+01:00 DEBUG 31200 --- [medical-service] [DiscoveryClient-CacheRefreshExecutor-%d] o.s.web.client.RestTemplate              : Response 200 OK
2026-03-04T23:26:55.065+01:00 DEBUG 31200 --- [medical-service] [DiscoveryClient-CacheRefreshExecutor-%d] o.s.web.client.RestTemplate              : Reading to [org.springframework.cloud.netflix.eureka.http.EurekaApplications]
2026-03-04T23:27:06.172+01:00 DEBUG 31200 --- [medical-service] [http-nio-18086-exec-7] o.s.web.servlet.DispatcherServlet        : GET "/api/medical/equipment", parameters={}
2026-03-04T23:27:06.172+01:00 DEBUG 31200 --- [medical-service] [http-nio-18086-exec-7] s.w.s.m.m.a.RequestMappingHandlerMapping : Mapped to org.techhive.medicalservice.controller.EquipmentController#getAllEquipment()
2026-03-04T23:27:06.248+01:00  INFO 31200 --- [medical-service] [http-nio-18086-exec-7] o.t.m.controller.EquipmentController     : Fetching all equipment
2026-03-04T23:27:06.249+01:00 DEBUG 31200 --- [medical-service] [http-nio-18086-exec-7] org.hibernate.SQL                        : 
    select
        e1_0.id,
        e1_0.category,
        e1_0.condition,
        e1_0.description,
        e1_0.donation_date,
        e1_0.donor_id,
        e1_0.name,
        e1_0.status 
    from
        equipments e1_0
2026-03-04T23:27:06.365+01:00 DEBUG 31200 --- [medical-service] [http-nio-18086-exec-7] org.hibernate.SQL                        : 
    select
        l1_0.equipment_id,
        l1_0.id,
        l1_0.borrower_id,
        l1_0.due_date,
        l1_0.loan_date,
        l1_0.notes,
        l1_0.purpose,
        l1_0.return_date,
        l1_0.status 
    from
        equipment_loans l1_0 
    where
        l1_0.equipment_id=?
2026-03-04T23:27:06.421+01:00 DEBUG 31200 --- [medical-service] [http-nio-18086-exec-7] org.hibernate.SQL                        : 
    select
        l1_0.equipment_id,
        l1_0.id,
        l1_0.borrower_id,
        l1_0.due_date,
        l1_0.loan_date,
        l1_0.notes,
        l1_0.purpose,
        l1_0.return_date,
        l1_0.status 
    from
        equipment_loans l1_0 
    where
        l1_0.equipment_id=?
2026-03-04T23:27:06.480+01:00 DEBUG 31200 --- [medical-service] [http-nio-18086-exec-7] org.hibernate.SQL                        : 
    select
        l1_0.equipment_id,
        l1_0.id,
        l1_0.borrower_id,
        l1_0.due_date,
        l1_0.loan_date,
        l1_0.notes,
        l1_0.purpose,
        l1_0.return_date,
        l1_0.status 
    from
        equipment_loans l1_0 
    where
        l1_0.equipment_id=?
2026-03-04T23:27:06.546+01:00 DEBUG 31200 --- [medical-service] [http-nio-18086-exec-7] org.hibernate.SQL                        : 
    select
        l1_0.equipment_id,
        l1_0.id,
        l1_0.borrower_id,
        l1_0.due_date,
        l1_0.loan_date,
        l1_0.notes,
        l1_0.purpose,
        l1_0.return_date,
        l1_0.status 
    from
        equipment_loans l1_0 
    where
        l1_0.equipment_id=?
2026-03-04T23:27:06.607+01:00 DEBUG 31200 --- [medical-service] [http-nio-18086-exec-7] org.hibernate.SQL                        : 
    select
        l1_0.equipment_id,
        l1_0.id,
        l1_0.borrower_id,
        l1_0.due_date,
        l1_0.loan_date,
        l1_0.notes,
        l1_0.purpose,
        l1_0.return_date,
        l1_0.status 
    from
        equipment_loans l1_0 
    where
        l1_0.equipment_id=?
2026-03-04T23:27:06.666+01:00 DEBUG 31200 --- [medical-service] [http-nio-18086-exec-7] org.hibernate.SQL                        : 
    select
        l1_0.equipment_id,
        l1_0.id,
        l1_0.borrower_id,
        l1_0.due_date,
        l1_0.loan_date,
        l1_0.notes,
        l1_0.purpose,
        l1_0.return_date,
        l1_0.status 
    from
        equipment_loans l1_0 
    where
        l1_0.equipment_id=?
2026-03-04T23:27:06.728+01:00 DEBUG 31200 --- [medical-service] [http-nio-18086-exec-7] org.hibernate.SQL                        : 
    select
        l1_0.equipment_id,
        l1_0.id,
        l1_0.borrower_id,
        l1_0.due_date,
        l1_0.loan_date,
        l1_0.notes,
        l1_0.purpose,
        l1_0.return_date,
        l1_0.status 
    from
        equipment_loans l1_0 
    where
        l1_0.equipment_id=?
2026-03-04T23:27:06.786+01:00 DEBUG 31200 --- [medical-service] [http-nio-18086-exec-7] org.hibernate.SQL                        : 
    select
        l1_0.equipment_id,
        l1_0.id,
        l1_0.borrower_id,
        l1_0.due_date,
        l1_0.loan_date,
        l1_0.notes,
        l1_0.purpose,
        l1_0.return_date,
        l1_0.status 
    from
        equipment_loans l1_0 
    where
        l1_0.equipment_id=?
2026-03-04T23:27:06.848+01:00 DEBUG 31200 --- [medical-service] [http-nio-18086-exec-7] org.hibernate.SQL                        : 
    select
        l1_0.equipment_id,
        l1_0.id,
        l1_0.borrower_id,
        l1_0.due_date,
        l1_0.loan_date,
        l1_0.notes,
        l1_0.purpose,
        l1_0.return_date,
        l1_0.status 
    from
        equipment_loans l1_0 
    where
        l1_0.equipment_id=?
2026-03-04T23:27:06.911+01:00 DEBUG 31200 --- [medical-service] [http-nio-18086-exec-7] org.hibernate.SQL                        : 
    select
        l1_0.equipment_id,
        l1_0.id,
        l1_0.borrower_id,
        l1_0.due_date,
        l1_0.loan_date,
        l1_0.notes,
        l1_0.purpose,
        l1_0.return_date,
        l1_0.status 
    from
        equipment_loans l1_0 
    where
        l1_0.equipment_id=?
2026-03-04T23:27:06.969+01:00 DEBUG 31200 --- [medical-service] [http-nio-18086-exec-7] org.hibernate.SQL                        : 
    select
        l1_0.equipment_id,
        l1_0.id,
        l1_0.borrower_id,
        l1_0.due_date,
        l1_0.loan_date,
        l1_0.notes,
        l1_0.purpose,
        l1_0.return_date,
        l1_0.status 
    from
        equipment_loans l1_0 
    where
        l1_0.equipment_id=?
2026-03-04T23:27:07.027+01:00 DEBUG 31200 --- [medical-service] [http-nio-18086-exec-7] org.hibernate.SQL                        : 
    select
        l1_0.equipment_id,
        l1_0.id,
        l1_0.borrower_id,
        l1_0.due_date,
        l1_0.loan_date,
        l1_0.notes,
        l1_0.purpose,
        l1_0.return_date,
        l1_0.status 
    from
        equipment_loans l1_0 
    where
        l1_0.equipment_id=?
2026-03-04T23:27:07.093+01:00 DEBUG 31200 --- [medical-service] [http-nio-18086-exec-7] org.hibernate.SQL                        : 
    select
        l1_0.equipment_id,
        l1_0.id,
        l1_0.borrower_id,
        l1_0.due_date,
        l1_0.loan_date,
        l1_0.notes,
        l1_0.purpose,
        l1_0.return_date,
        l1_0.status 
    from
        equipment_loans l1_0 
    where
        l1_0.equipment_id=?
2026-03-04T23:27:07.205+01:00 DEBUG 31200 --- [medical-service] [http-nio-18086-exec-7] .m.m.a.ExceptionHandlerExceptionResolver : Using @ExceptionHandler org.techhive.medicalservice.controller.GlobalExceptionHandler#handleAllExceptions(Exception)
2026-03-04T23:27:07.207+01:00 DEBUG 31200 --- [medical-service] [http-nio-18086-exec-7] o.s.w.s.m.m.a.HttpEntityMethodProcessor  : Using 'text/plain', given [*/*] and supported [text/plain, */*, application/json, application/*+json]
2026-03-04T23:27:07.207+01:00 DEBUG 31200 --- [medical-service] [http-nio-18086-exec-7] o.s.w.s.m.m.a.HttpEntityMethodProcessor  : Writing ["org.springframework.dao.InvalidDataAccessApiUsageException: No enum constant org.techhive.medicalser (truncated)..."]
2026-03-04T23:27:07.208+01:00 DEBUG 31200 --- [medical-service] [http-nio-18086-exec-7] .m.m.a.ExceptionHandlerExceptionResolver : Resolved [org.springframework.dao.InvalidDataAccessApiUsageException: No enum constant org.techhive.medicalservice.entity.enums.EquipmentCategory.MONITORING]
2026-03-04T23:27:07.209+01:00 DEBUG 31200 --- [medical-service] [http-nio-18086-exec-7] o.s.web.servlet.DispatcherServlet        : Completed 500 INTERNAL_SERVER_ERROR
2026-03-04T23:27:24.603+01:00 DEBUG 31200 --- [medical-service] [http-nio-18086-exec-8] o.s.web.servlet.DispatcherServlet        : GET "/api/medical/equipment", parameters={}
2026-03-04T23:27:24.603+01:00 DEBUG 31200 --- [medical-service] [http-nio-18086-exec-8] s.w.s.m.m.a.RequestMappingHandlerMapping : Mapped to org.techhive.medicalservice.controller.EquipmentController#getAllEquipment()
2026-03-04T23:27:24.668+01:00  INFO 31200 --- [medical-service] [http-nio-18086-exec-8] o.t.m.controller.EquipmentController     : Fetching all equipment
2026-03-04T23:27:24.669+01:00 DEBUG 31200 --- [medical-service] [http-nio-18086-exec-8] org.hibernate.SQL                        : 
    select
        e1_0.id,
        e1_0.category,
        e1_0.condition,
        e1_0.description,
        e1_0.donation_date,
        e1_0.donor_id,
        e1_0.name,
        e1_0.status 
    from
        equipments e1_0
2026-03-04T23:27:24.796+01:00 DEBUG 31200 --- [medical-service] [http-nio-18086-exec-8] org.hibernate.SQL                        : 
    select
        l1_0.equipment_id,
        l1_0.id,
        l1_0.borrower_id,
        l1_0.due_date,
        l1_0.loan_date,
        l1_0.notes,
        l1_0.purpose,
        l1_0.return_date,
        l1_0.status 
    from
        equipment_loans l1_0 
    where
        l1_0.equipment_id=?
2026-03-04T23:27:24.856+01:00 DEBUG 31200 --- [medical-service] [http-nio-18086-exec-8] org.hibernate.SQL                        : 
    select
        l1_0.equipment_id,
        l1_0.id,
        l1_0.borrower_id,
        l1_0.due_date,
        l1_0.loan_date,
        l1_0.notes,
        l1_0.purpose,
        l1_0.return_date,
        l1_0.status 
    from
        equipment_loans l1_0 
    where
        l1_0.equipment_id=?
2026-03-04T23:27:24.929+01:00 DEBUG 31200 --- [medical-service] [http-nio-18086-exec-8] org.hibernate.SQL                        : 
    select
        l1_0.equipment_id,
        l1_0.id,
        l1_0.borrower_id,
        l1_0.due_date,
        l1_0.loan_date,
        l1_0.notes,
        l1_0.purpose,
        l1_0.return_date,
        l1_0.status 
    from
        equipment_loans l1_0 
    where
        l1_0.equipment_id=?
2026-03-04T23:27:24.994+01:00 DEBUG 31200 --- [medical-service] [DiscoveryClient-HeartbeatExecutor-%d] o.s.web.client.RestTemplate              : HTTP PUT http://localhost:8761/eureka/apps/MEDICAL-SERVICE/DESKTOP-I0BIKTH:medical-service:18086?status=UP&lastDirtyTimestamp=1772663064808
2026-03-04T23:27:24.995+01:00 DEBUG 31200 --- [medical-service] [DiscoveryClient-HeartbeatExecutor-%d] o.s.web.client.RestTemplate              : Accept=[application/json, application/*+json]
2026-03-04T23:27:25.003+01:00 DEBUG 31200 --- [medical-service] [http-nio-18086-exec-8] org.hibernate.SQL                        : 
    select
        l1_0.equipment_id,
        l1_0.id,
        l1_0.borrower_id,
        l1_0.due_date,
        l1_0.loan_date,
        l1_0.notes,
        l1_0.purpose,
        l1_0.return_date,
        l1_0.status 
    from
        equipment_loans l1_0 
    where
        l1_0.equipment_id=?
2026-03-04T23:27:25.013+01:00 DEBUG 31200 --- [medical-service] [DiscoveryClient-HeartbeatExecutor-%d] o.s.web.client.RestTemplate              : Response 200 OK
2026-03-04T23:27:25.059+01:00 DEBUG 31200 --- [medical-service] [http-nio-18086-exec-8] org.hibernate.SQL                        : 
    select
        l1_0.equipment_id,
        l1_0.id,
        l1_0.borrower_id,
        l1_0.due_date,
        l1_0.loan_date,
        l1_0.notes,
        l1_0.purpose,
        l1_0.return_date,
        l1_0.status 
    from
        equipment_loans l1_0 
    where
        l1_0.equipment_id=?
2026-03-04T23:27:25.073+01:00 DEBUG 31200 --- [medical-service] [DiscoveryClient-CacheRefreshExecutor-%d] o.s.web.client.RestTemplate              : HTTP GET http://localhost:8761/eureka/apps/delta
2026-03-04T23:27:25.073+01:00 DEBUG 31200 --- [medical-service] [DiscoveryClient-CacheRefreshExecutor-%d] o.s.web.client.RestTemplate              : Accept=[application/json, application/*+json]
2026-03-04T23:27:25.090+01:00 DEBUG 31200 --- [medical-service] [DiscoveryClient-CacheRefreshExecutor-%d] o.s.web.client.RestTemplate              : Response 200 OK
2026-03-04T23:27:25.091+01:00 DEBUG 31200 --- [medical-service] [DiscoveryClient-CacheRefreshExecutor-%d] o.s.web.client.RestTemplate              : Reading to [org.springframework.cloud.netflix.eureka.http.EurekaApplications]
2026-03-04T23:27:25.152+01:00 DEBUG 31200 --- [medical-service] [http-nio-18086-exec-8] org.hibernate.SQL                        : 
    select
        l1_0.equipment_id,
        l1_0.id,
        l1_0.borrower_id,
        l1_0.due_date,
        l1_0.loan_date,
        l1_0.notes,
        l1_0.purpose,
        l1_0.return_date,
        l1_0.status 
    from
        equipment_loans l1_0 
    where
        l1_0.equipment_id=?
2026-03-04T23:27:25.249+01:00 DEBUG 31200 --- [medical-service] [http-nio-18086-exec-8] org.hibernate.SQL                        : 
    select
        l1_0.equipment_id,
        l1_0.id,
        l1_0.borrower_id,
        l1_0.due_date,
        l1_0.loan_date,
        l1_0.notes,
        l1_0.purpose,
        l1_0.return_date,
        l1_0.status 
    from
        equipment_loans l1_0 
    where
        l1_0.equipment_id=?
2026-03-04T23:27:25.350+01:00 DEBUG 31200 --- [medical-service] [http-nio-18086-exec-8] org.hibernate.SQL                        : 
    select
        l1_0.equipment_id,
        l1_0.id,
        l1_0.borrower_id,
        l1_0.due_date,
        l1_0.loan_date,
        l1_0.notes,
        l1_0.purpose,
        l1_0.return_date,
        l1_0.status 
    from
        equipment_loans l1_0 
    where
        l1_0.equipment_id=?
2026-03-04T23:27:25.410+01:00 DEBUG 31200 --- [medical-service] [http-nio-18086-exec-8] org.hibernate.SQL                        : 
    select
        l1_0.equipment_id,
        l1_0.id,
        l1_0.borrower_id,
        l1_0.due_date,
        l1_0.loan_date,
        l1_0.notes,
        l1_0.purpose,
        l1_0.return_date,
        l1_0.status 
    from
        equipment_loans l1_0 
    where
        l1_0.equipment_id=?
2026-03-04T23:27:25.500+01:00 DEBUG 31200 --- [medical-service] [http-nio-18086-exec-8] org.hibernate.SQL                        : 
    select
        l1_0.equipment_id,
        l1_0.id,
        l1_0.borrower_id,
        l1_0.due_date,
        l1_0.loan_date,
        l1_0.notes,
        l1_0.purpose,
        l1_0.return_date,
        l1_0.status 
    from
        equipment_loans l1_0 
    where
        l1_0.equipment_id=?
2026-03-04T23:27:25.582+01:00 DEBUG 31200 --- [medical-service] [http-nio-18086-exec-8] org.hibernate.SQL                        : 
    select
        l1_0.equipment_id,
        l1_0.id,
        l1_0.borrower_id,
        l1_0.due_date,
        l1_0.loan_date,
        l1_0.notes,
        l1_0.purpose,
        l1_0.return_date,
        l1_0.status 
    from
        equipment_loans l1_0 
    where
        l1_0.equipment_id=?
2026-03-04T23:27:25.642+01:00 DEBUG 31200 --- [medical-service] [http-nio-18086-exec-8] org.hibernate.SQL                        : 
    select
        l1_0.equipment_id,
        l1_0.id,
        l1_0.borrower_id,
        l1_0.due_date,
        l1_0.loan_date,
        l1_0.notes,
        l1_0.purpose,
        l1_0.return_date,
        l1_0.status 
    from
        equipment_loans l1_0 
    where
        l1_0.equipment_id=?
2026-03-04T23:27:25.707+01:00 DEBUG 31200 --- [medical-service] [http-nio-18086-exec-8] org.hibernate.SQL                        : 
    select
        l1_0.equipment_id,
        l1_0.id,
        l1_0.borrower_id,
        l1_0.due_date,
        l1_0.loan_date,
        l1_0.notes,
        l1_0.purpose,
        l1_0.return_date,
        l1_0.status 
    from
        equipment_loans l1_0 
    where
        l1_0.equipment_id=?
2026-03-04T23:27:25.822+01:00 DEBUG 31200 --- [medical-service] [http-nio-18086-exec-8] .m.m.a.ExceptionHandlerExceptionResolver : Using @ExceptionHandler org.techhive.medicalservice.controller.GlobalExceptionHandler#handleAllExceptions(Exception)
2026-03-04T23:27:25.823+01:00 DEBUG 31200 --- [medical-service] [http-nio-18086-exec-8] o.s.w.s.m.m.a.HttpEntityMethodProcessor  : Using 'text/plain', given [*/*] and supported [text/plain, */*, application/json, application/*+json]
2026-03-04T23:27:25.823+01:00 DEBUG 31200 --- [medical-service] [http-nio-18086-exec-8] o.s.w.s.m.m.a.HttpEntityMethodProcessor  : Writing ["org.springframework.dao.InvalidDataAccessApiUsageException: No enum constant org.techhive.medicalser (truncated)..."]
2026-03-04T23:27:25.824+01:00 DEBUG 31200 --- [medical-service] [http-nio-18086-exec-8] .m.m.a.ExceptionHandlerExceptionResolver : Resolved [org.springframework.dao.InvalidDataAccessApiUsageException: No enum constant org.techhive.medicalservice.entity.enums.EquipmentCategory.MONITORING]
2026-03-04T23:27:25.824+01:00 DEBUG 31200 --- [medical-service] [http-nio-18086-exec-8] o.s.web.servlet.DispatcherServlet        : Completed 500 INTERNAL_SERVER_ERROR
2026-03-04T23:27:55.015+01:00 DEBUG 31200 --- [medical-service] [DiscoveryClient-HeartbeatExecutor-%d] o.s.web.client.RestTemplate              : HTTP PUT http://localhost:8761/eureka/apps/MEDICAL-SERVICE/DESKTOP-I0BIKTH:medical-service:18086?status=UP&lastDirtyTimestamp=1772663064808
2026-03-04T23:27:55.015+01:00 DEBUG 31200 --- [medical-service] [DiscoveryClient-HeartbeatExecutor-%d] o.s.web.client.RestTemplate              : Accept=[application/json, application/*+json]
2026-03-04T23:27:55.034+01:00 DEBUG 31200 --- [medical-service] [DiscoveryClient-HeartbeatExecutor-%d] o.s.web.client.RestTemplate              : Response 200 OK
2026-03-04T23:27:55.109+01:00 DEBUG 31200 --- [medical-service] [DiscoveryClient-CacheRefreshExecutor-%d] o.s.web.client.RestTemplate              : HTTP GET http://localhost:8761/eureka/apps/delta
2026-03-04T23:27:55.109+01:00 DEBUG 31200 --- [medical-service] [DiscoveryClient-CacheRefreshExecutor-%d] o.s.web.client.RestTemplate              : Accept=[application/json, application/*+json]
2026-03-04T23:27:55.127+01:00 DEBUG 31200 --- [medical-service] [DiscoveryClient-CacheRefreshExecutor-%d] o.s.web.client.RestTemplate              : Response 200 OK
2026-03-04T23:27:55.127+01:00 DEBUG 31200 --- [medical-service] [DiscoveryClient-CacheRefreshExecutor-%d] o.s.web.client.RestTemplate              : Reading to [org.springframework.cloud.netflix.eureka.http.EurekaApplications]
2026-03-04T23:27:55.712+01:00 DEBUG 31200 --- [medical-service] [http-nio-18086-exec-10] o.s.web.servlet.DispatcherServlet        : GET "/api/medical/equipment/suggestions?keyword=a", parameters={masked}
2026-03-04T23:27:55.712+01:00 DEBUG 31200 --- [medical-service] [http-nio-18086-exec-10] s.w.s.m.m.a.RequestMappingHandlerMapping : Mapped to org.techhive.medicalservice.controller.EquipmentController#getEquipmentSuggestions(String)
2026-03-04T23:27:55.785+01:00  INFO 31200 --- [medical-service] [http-nio-18086-exec-10] o.t.m.controller.EquipmentController     : Getting equipment suggestions for: a
2026-03-04T23:27:55.801+01:00 DEBUG 31200 --- [medical-service] [http-nio-18086-exec-10] org.hibernate.SQL                        : 
    select
        e1_0.id,
        e1_0.category,
        e1_0.condition,
        e1_0.description,
        e1_0.donation_date,
        e1_0.donor_id,
        e1_0.name,
        e1_0.status 
    from
        equipments e1_0 
    where
        upper(e1_0.name) like upper(?) escape '\'
2026-03-04T23:27:55.928+01:00 DEBUG 31200 --- [medical-service] [http-nio-18086-exec-10] org.hibernate.SQL                        : 
    select
        l1_0.equipment_id,
        l1_0.id,
        l1_0.borrower_id,
        l1_0.due_date,
        l1_0.loan_date,
        l1_0.notes,
        l1_0.purpose,
        l1_0.return_date,
        l1_0.status 
    from
        equipment_loans l1_0 
    where
        l1_0.equipment_id=?
2026-03-04T23:27:55.986+01:00 DEBUG 31200 --- [medical-service] [http-nio-18086-exec-10] org.hibernate.SQL                        : 
    select
        l1_0.equipment_id,
        l1_0.id,
        l1_0.borrower_id,
        l1_0.due_date,
        l1_0.loan_date,
        l1_0.notes,
        l1_0.purpose,
        l1_0.return_date,
        l1_0.status 
    from
        equipment_loans l1_0 
    where
        l1_0.equipment_id=?
2026-03-04T23:27:56.041+01:00 DEBUG 31200 --- [medical-service] [http-nio-18086-exec-10] org.hibernate.SQL                        : 
    select
        l1_0.equipment_id,
        l1_0.id,
        l1_0.borrower_id,
        l1_0.due_date,
        l1_0.loan_date,
        l1_0.notes,
        l1_0.purpose,
        l1_0.return_date,
        l1_0.status 
    from
        equipment_loans l1_0 
    where
        l1_0.equipment_id=?
2026-03-04T23:27:56.106+01:00 DEBUG 31200 --- [medical-service] [http-nio-18086-exec-10] org.hibernate.SQL                        : 
    select
        l1_0.equipment_id,
        l1_0.id,
        l1_0.borrower_id,
        l1_0.due_date,
        l1_0.loan_date,
        l1_0.notes,
        l1_0.purpose,
        l1_0.return_date,
        l1_0.status 
    from
        equipment_loans l1_0 
    where
        l1_0.equipment_id=?
2026-03-04T23:27:56.168+01:00 DEBUG 31200 --- [medical-service] [http-nio-18086-exec-10] org.hibernate.SQL                        : 
    select
        l1_0.equipment_id,
        l1_0.id,
        l1_0.borrower_id,
        l1_0.due_date,
        l1_0.loan_date,
        l1_0.notes,
        l1_0.purpose,
        l1_0.return_date,
        l1_0.status 
    from
        equipment_loans l1_0 
    where
        l1_0.equipment_id=?
2026-03-04T23:27:56.227+01:00 DEBUG 31200 --- [medical-service] [http-nio-18086-exec-10] org.hibernate.SQL                        : 
    select
        l1_0.equipment_id,
        l1_0.id,
        l1_0.borrower_id,
        l1_0.due_date,
        l1_0.loan_date,
        l1_0.notes,
        l1_0.purpose,
        l1_0.return_date,
        l1_0.status 
    from
        equipment_loans l1_0 
    where
        l1_0.equipment_id=?
2026-03-04T23:27:56.282+01:00 DEBUG 31200 --- [medical-service] [http-nio-18086-exec-10] org.hibernate.SQL                        : 
    select
        l1_0.equipment_id,
        l1_0.id,
        l1_0.borrower_id,
        l1_0.due_date,
        l1_0.loan_date,
        l1_0.notes,
        l1_0.purpose,
        l1_0.return_date,
        l1_0.status 
    from
        equipment_loans l1_0 
    where
        l1_0.equipment_id=?
2026-03-04T23:27:56.349+01:00 DEBUG 31200 --- [medical-service] [http-nio-18086-exec-10] org.hibernate.SQL                        : 
    select
        l1_0.equipment_id,
        l1_0.id,
        l1_0.borrower_id,
        l1_0.due_date,
        l1_0.loan_date,
        l1_0.notes,
        l1_0.purpose,
        l1_0.return_date,
        l1_0.status 
    from
        equipment_loans l1_0 
    where
        l1_0.equipment_id=?
2026-03-04T23:27:56.406+01:00 DEBUG 31200 --- [medical-service] [http-nio-18086-exec-10] org.hibernate.SQL                        : 
    select
        l1_0.equipment_id,
        l1_0.id,
        l1_0.borrower_id,
        l1_0.due_date,
        l1_0.loan_date,
        l1_0.notes,
        l1_0.purpose,
        l1_0.return_date,
        l1_0.status 
    from
        equipment_loans l1_0 
    where
        l1_0.equipment_id=?
2026-03-04T23:27:56.465+01:00 DEBUG 31200 --- [medical-service] [http-nio-18086-exec-10] org.hibernate.SQL                        : 
    select
        l1_0.equipment_id,
        l1_0.id,
        l1_0.borrower_id,
        l1_0.due_date,
        l1_0.loan_date,
        l1_0.notes,
        l1_0.purpose,
        l1_0.return_date,
        l1_0.status 
    from
        equipment_loans l1_0 
    where
        l1_0.equipment_id=?
2026-03-04T23:27:56.526+01:00 DEBUG 31200 --- [medical-service] [http-nio-18086-exec-10] org.hibernate.SQL                        : 
    select
        l1_0.equipment_id,
        l1_0.id,
        l1_0.borrower_id,
        l1_0.due_date,
        l1_0.loan_date,
        l1_0.notes,
        l1_0.purpose,
        l1_0.return_date,
        l1_0.status 
    from
        equipment_loans l1_0 
    where
        l1_0.equipment_id=?
2026-03-04T23:27:56.587+01:00 DEBUG 31200 --- [medical-service] [http-nio-18086-exec-10] org.hibernate.SQL                        : 
    select
        l1_0.equipment_id,
        l1_0.id,
        l1_0.borrower_id,
        l1_0.due_date,
        l1_0.loan_date,
        l1_0.notes,
        l1_0.purpose,
        l1_0.return_date,
        l1_0.status 
    from
        equipment_loans l1_0 
    where
        l1_0.equipment_id=?
2026-03-04T23:27:56.705+01:00 DEBUG 31200 --- [medical-service] [http-nio-18086-exec-10] .m.m.a.ExceptionHandlerExceptionResolver : Using @ExceptionHandler org.techhive.medicalservice.controller.GlobalExceptionHandler#handleAllExceptions(Exception)
2026-03-04T23:27:56.707+01:00 DEBUG 31200 --- [medical-service] [http-nio-18086-exec-10] o.s.w.s.m.m.a.HttpEntityMethodProcessor  : Using 'text/plain', given [*/*] and supported [text/plain, */*, application/json, application/*+json]
2026-03-04T23:27:56.708+01:00 DEBUG 31200 --- [medical-service] [http-nio-18086-exec-10] o.s.w.s.m.m.a.HttpEntityMethodProcessor  : Writing ["org.springframework.dao.InvalidDataAccessApiUsageException: No enum constant org.techhive.medicalser (truncated)..."]
2026-03-04T23:27:56.708+01:00 DEBUG 31200 --- [medical-service] [http-nio-18086-exec-10] .m.m.a.ExceptionHandlerExceptionResolver : Resolved [org.springframework.dao.InvalidDataAccessApiUsageException: No enum constant org.techhive.medicalservice.entity.enums.EquipmentCategory.MONITORING]
2026-03-04T23:27:56.709+01:00 DEBUG 31200 --- [medical-service] [http-nio-18086-exec-10] o.s.web.servlet.DispatcherServlet        : Completed 500 INTERNAL_SERVER_ERROR
2026-03-04T23:28:14.230+01:00 DEBUG 31200 --- [medical-service] [http-nio-18086-exec-9] o.s.web.servlet.DispatcherServlet        : GET "/api/medical/equipment/suggestions?keyword=a", parameters={masked}
2026-03-04T23:28:14.230+01:00 DEBUG 31200 --- [medical-service] [http-nio-18086-exec-9] s.w.s.m.m.a.RequestMappingHandlerMapping : Mapped to org.techhive.medicalservice.controller.EquipmentController#getEquipmentSuggestions(String)
2026-03-04T23:28:14.287+01:00  INFO 31200 --- [medical-service] [http-nio-18086-exec-9] o.t.m.controller.EquipmentController     : Getting equipment suggestions for: a
2026-03-04T23:28:14.289+01:00 DEBUG 31200 --- [medical-service] [http-nio-18086-exec-9] org.hibernate.SQL                        : 
    select
        e1_0.id,
        e1_0.category,
        e1_0.condition,
        e1_0.description,
        e1_0.donation_date,
        e1_0.donor_id,
        e1_0.name,
        e1_0.status 
    from
        equipments e1_0 
    where
        upper(e1_0.name) like upper(?) escape '\'
2026-03-04T23:28:14.428+01:00 DEBUG 31200 --- [medical-service] [http-nio-18086-exec-9] org.hibernate.SQL                        : 
    select
        l1_0.equipment_id,
        l1_0.id,
        l1_0.borrower_id,
        l1_0.due_date,
        l1_0.loan_date,
        l1_0.notes,
        l1_0.purpose,
        l1_0.return_date,
        l1_0.status 
    from
        equipment_loans l1_0 
    where
        l1_0.equipment_id=?
2026-03-04T23:28:14.486+01:00 DEBUG 31200 --- [medical-service] [http-nio-18086-exec-9] org.hibernate.SQL                        : 
    select
        l1_0.equipment_id,
        l1_0.id,
        l1_0.borrower_id,
        l1_0.due_date,
        l1_0.loan_date,
        l1_0.notes,
        l1_0.purpose,
        l1_0.return_date,
        l1_0.status 
    from
        equipment_loans l1_0 
    where
        l1_0.equipment_id=?
2026-03-04T23:28:14.547+01:00 DEBUG 31200 --- [medical-service] [http-nio-18086-exec-9] org.hibernate.SQL                        : 
    select
        l1_0.equipment_id,
        l1_0.id,
        l1_0.borrower_id,
        l1_0.due_date,
        l1_0.loan_date,
        l1_0.notes,
        l1_0.purpose,
        l1_0.return_date,
        l1_0.status 
    from
        equipment_loans l1_0 
    where
        l1_0.equipment_id=?
2026-03-04T23:28:14.602+01:00 DEBUG 31200 --- [medical-service] [http-nio-18086-exec-9] org.hibernate.SQL                        : 
    select
        l1_0.equipment_id,
        l1_0.id,
        l1_0.borrower_id,
        l1_0.due_date,
        l1_0.loan_date,
        l1_0.notes,
        l1_0.purpose,
        l1_0.return_date,
        l1_0.status 
    from
        equipment_loans l1_0 
    where
        l1_0.equipment_id=?
2026-03-04T23:28:14.666+01:00 DEBUG 31200 --- [medical-service] [http-nio-18086-exec-9] org.hibernate.SQL                        : 
    select
        l1_0.equipment_id,
        l1_0.id,
        l1_0.borrower_id,
        l1_0.due_date,
        l1_0.loan_date,
        l1_0.notes,
        l1_0.purpose,
        l1_0.return_date,
        l1_0.status 
    from
        equipment_loans l1_0 
    where
        l1_0.equipment_id=?
2026-03-04T23:28:14.727+01:00 DEBUG 31200 --- [medical-service] [http-nio-18086-exec-9] org.hibernate.SQL                        : 
    select
        l1_0.equipment_id,
        l1_0.id,
        l1_0.borrower_id,
        l1_0.due_date,
        l1_0.loan_date,
        l1_0.notes,
        l1_0.purpose,
        l1_0.return_date,
        l1_0.status 
    from
        equipment_loans l1_0 
    where
        l1_0.equipment_id=?
2026-03-04T23:28:14.781+01:00 DEBUG 31200 --- [medical-service] [http-nio-18086-exec-9] org.hibernate.SQL                        : 
    select
        l1_0.equipment_id,
        l1_0.id,
        l1_0.borrower_id,
        l1_0.due_date,
        l1_0.loan_date,
        l1_0.notes,
        l1_0.purpose,
        l1_0.return_date,
        l1_0.status 
    from
        equipment_loans l1_0 
    where
        l1_0.equipment_id=?
2026-03-04T23:28:14.847+01:00 DEBUG 31200 --- [medical-service] [http-nio-18086-exec-9] org.hibernate.SQL                        : 
    select
        l1_0.equipment_id,
        l1_0.id,
        l1_0.borrower_id,
        l1_0.due_date,
        l1_0.loan_date,
        l1_0.notes,
        l1_0.purpose,
        l1_0.return_date,
        l1_0.status 
    from
        equipment_loans l1_0 
    where
        l1_0.equipment_id=?
2026-03-04T23:28:14.903+01:00 DEBUG 31200 --- [medical-service] [http-nio-18086-exec-9] org.hibernate.SQL                        : 
    select
        l1_0.equipment_id,
        l1_0.id,
        l1_0.borrower_id,
        l1_0.due_date,
        l1_0.loan_date,
        l1_0.notes,
        l1_0.purpose,
        l1_0.return_date,
        l1_0.status 
    from
        equipment_loans l1_0 
    where
        l1_0.equipment_id=?
2026-03-04T23:28:14.970+01:00 DEBUG 31200 --- [medical-service] [http-nio-18086-exec-9] org.hibernate.SQL                        : 
    select
        l1_0.equipment_id,
        l1_0.id,
        l1_0.borrower_id,
        l1_0.due_date,
        l1_0.loan_date,
        l1_0.notes,
        l1_0.purpose,
        l1_0.return_date,
        l1_0.status 
    from
        equipment_loans l1_0 
    where
        l1_0.equipment_id=?
2026-03-04T23:28:15.071+01:00 DEBUG 31200 --- [medical-service] [http-nio-18086-exec-9] org.hibernate.SQL                        : 
    select
        l1_0.equipment_id,
        l1_0.id,
        l1_0.borrower_id,
        l1_0.due_date,
        l1_0.loan_date,
        l1_0.notes,
        l1_0.purpose,
        l1_0.return_date,
        l1_0.status 
    from
        equipment_loans l1_0 
    where
        l1_0.equipment_id=?
2026-03-04T23:28:15.126+01:00 DEBUG 31200 --- [medical-service] [http-nio-18086-exec-9] org.hibernate.SQL                        : 
    select
        l1_0.equipment_id,
        l1_0.id,
        l1_0.borrower_id,
        l1_0.due_date,
        l1_0.loan_date,
        l1_0.notes,
        l1_0.purpose,
        l1_0.return_date,
        l1_0.status 
    from
        equipment_loans l1_0 
    where
        l1_0.equipment_id=?
2026-03-04T23:28:15.267+01:00 DEBUG 31200 --- [medical-service] [http-nio-18086-exec-9] .m.m.a.ExceptionHandlerExceptionResolver : Using @ExceptionHandler org.techhive.medicalservice.controller.GlobalExceptionHandler#handleAllExceptions(Exception)
2026-03-04T23:28:15.268+01:00 DEBUG 31200 --- [medical-service] [http-nio-18086-exec-9] o.s.w.s.m.m.a.HttpEntityMethodProcessor  : Using 'text/plain', given [*/*] and supported [text/plain, */*, application/json, application/*+json]
2026-03-04T23:28:15.268+01:00 DEBUG 31200 --- [medical-service] [http-nio-18086-exec-9] o.s.w.s.m.m.a.HttpEntityMethodProcessor  : Writing ["org.springframework.dao.InvalidDataAccessApiUsageException: No enum constant org.techhive.medicalser (truncated)..."]
2026-03-04T23:28:15.269+01:00 DEBUG 31200 --- [medical-service] [http-nio-18086-exec-9] .m.m.a.ExceptionHandlerExceptionResolver : Resolved [org.springframework.dao.InvalidDataAccessApiUsageException: No enum constant org.techhive.medicalservice.entity.enums.EquipmentCategory.MONITORING]
2026-03-04T23:28:15.269+01:00 DEBUG 31200 --- [medical-service] [http-nio-18086-exec-9] o.s.web.servlet.DispatcherServlet        : Completed 500 INTERNAL_SERVER_ERROR
2026-03-04T23:28:25.037+01:00 DEBUG 31200 --- [medical-service] [DiscoveryClient-HeartbeatExecutor-%d] o.s.web.client.RestTemplate              : HTTP PUT http://localhost:8761/eureka/apps/MEDICAL-SERVICE/DESKTOP-I0BIKTH:medical-service:18086?status=UP&lastDirtyTimestamp=1772663064808
2026-03-04T23:28:25.038+01:00 DEBUG 31200 --- [medical-service] [DiscoveryClient-HeartbeatExecutor-%d] o.s.web.client.RestTemplate              : Accept=[application/json, application/*+json]
2026-03-04T23:28:25.055+01:00 DEBUG 31200 --- [medical-service] [DiscoveryClient-HeartbeatExecutor-%d] o.s.web.client.RestTemplate              : Response 200 OK
2026-03-04T23:28:25.131+01:00 DEBUG 31200 --- [medical-service] [DiscoveryClient-CacheRefreshExecutor-%d] o.s.web.client.RestTemplate              : HTTP GET http://localhost:8761/eureka/apps/delta
2026-03-04T23:28:25.131+01:00 DEBUG 31200 --- [medical-service] [DiscoveryClient-CacheRefreshExecutor-%d] o.s.web.client.RestTemplate              : Accept=[application/json, application/*+json]
2026-03-04T23:28:25.148+01:00 DEBUG 31200 --- [medical-service] [DiscoveryClient-CacheRefreshExecutor-%d] o.s.web.client.RestTemplate              : Response 200 OK
2026-03-04T23:28:25.148+01:00 DEBUG 31200 --- [medical-service] [DiscoveryClient-CacheRefreshExecutor-%d] o.s.web.client.RestTemplate              : Reading to [org.springframework.cloud.netflix.eureka.http.EurekaApplications]
2026-03-04T23:28:55.058+01:00 DEBUG 31200 --- [medical-service] [DiscoveryClient-HeartbeatExecutor-%d] o.s.web.client.RestTemplate              : HTTP PUT http://localhost:8761/eureka/apps/MEDICAL-SERVICE/DESKTOP-I0BIKTH:medical-service:18086?status=UP&lastDirtyTimestamp=1772663064808
2026-03-04T23:28:55.059+01:00 DEBUG 31200 --- [medical-service] [DiscoveryClient-HeartbeatExecutor-%d] o.s.web.client.RestTemplate              : Accept=[application/json, application/*+json]
2026-03-04T23:28:55.076+01:00 DEBUG 31200 --- [medical-service] [DiscoveryClient-HeartbeatExecutor-%d] o.s.web.client.RestTemplate              : Response 200 OK
2026-03-04T23:28:55.152+01:00 DEBUG 31200 --- [medical-service] [DiscoveryClient-CacheRefreshExecutor-%d] o.s.web.client.RestTemplate              : HTTP GET http://localhost:8761/eureka/apps/delta
2026-03-04T23:28:55.152+01:00 DEBUG 31200 --- [medical-service] [DiscoveryClient-CacheRefreshExecutor-%d] o.s.web.client.RestTemplate              : Accept=[application/json, application/*+json]
2026-03-04T23:28:55.169+01:00 DEBUG 31200 --- [medical-service] [DiscoveryClient-CacheRefreshExecutor-%d] o.s.web.client.RestTemplate              : Response 200 OK
2026-03-04T23:28:55.169+01:00 DEBUG 31200 --- [medical-service] [DiscoveryClient-CacheRefreshExecutor-%d] o.s.web.client.RestTemplate              : Reading to [org.springframework.cloud.netflix.eureka.http.EurekaApplications]
2026-03-04T23:29:03.040+01:00 DEBUG 31200 --- [medical-service] [http-nio-18086-exec-2] o.s.web.servlet.DispatcherServlet        : GET "/api/medical/equipment", parameters={}
2026-03-04T23:29:03.041+01:00 DEBUG 31200 --- [medical-service] [http-nio-18086-exec-2] s.w.s.m.m.a.RequestMappingHandlerMapping : Mapped to org.techhive.medicalservice.controller.EquipmentController#getAllEquipment()
2026-03-04T23:29:03.107+01:00  INFO 31200 --- [medical-service] [http-nio-18086-exec-2] o.t.m.controller.EquipmentController     : Fetching all equipment
2026-03-04T23:29:03.108+01:00 DEBUG 31200 --- [medical-service] [http-nio-18086-exec-2] org.hibernate.SQL                        : 
    select
        e1_0.id,
        e1_0.category,
        e1_0.condition,
        e1_0.description,
        e1_0.donation_date,
        e1_0.donor_id,
        e1_0.name,
        e1_0.status 
    from
        equipments e1_0
2026-03-04T23:29:03.236+01:00 DEBUG 31200 --- [medical-service] [http-nio-18086-exec-2] org.hibernate.SQL                        : 
    select
        l1_0.equipment_id,
        l1_0.id,
        l1_0.borrower_id,
        l1_0.due_date,
        l1_0.loan_date,
        l1_0.notes,
        l1_0.purpose,
        l1_0.return_date,
        l1_0.status 
    from
        equipment_loans l1_0 
    where
        l1_0.equipment_id=?
2026-03-04T23:29:03.301+01:00 DEBUG 31200 --- [medical-service] [http-nio-18086-exec-2] org.hibernate.SQL                        : 
    select
        l1_0.equipment_id,
        l1_0.id,
        l1_0.borrower_id,
        l1_0.due_date,
        l1_0.loan_date,
        l1_0.notes,
        l1_0.purpose,
        l1_0.return_date,
        l1_0.status 
    from
        equipment_loans l1_0 
    where
        l1_0.equipment_id=?
2026-03-04T23:29:03.362+01:00 DEBUG 31200 --- [medical-service] [http-nio-18086-exec-2] org.hibernate.SQL                        : 
    select
        l1_0.equipment_id,
        l1_0.id,
        l1_0.borrower_id,
        l1_0.due_date,
        l1_0.loan_date,
        l1_0.notes,
        l1_0.purpose,
        l1_0.return_date,
        l1_0.status 
    from
        equipment_loans l1_0 
    where
        l1_0.equipment_id=?
2026-03-04T23:29:03.427+01:00 DEBUG 31200 --- [medical-service] [http-nio-18086-exec-2] org.hibernate.SQL                        : 
    select
        l1_0.equipment_id,
        l1_0.id,
        l1_0.borrower_id,
        l1_0.due_date,
        l1_0.loan_date,
        l1_0.notes,
        l1_0.purpose,
        l1_0.return_date,
        l1_0.status 
    from
        equipment_loans l1_0 
    where
        l1_0.equipment_id=?
2026-03-04T23:29:03.490+01:00 DEBUG 31200 --- [medical-service] [http-nio-18086-exec-2] org.hibernate.SQL                        : 
    select
        l1_0.equipment_id,
        l1_0.id,
        l1_0.borrower_id,
        l1_0.due_date,
        l1_0.loan_date,
        l1_0.notes,
        l1_0.purpose,
        l1_0.return_date,
        l1_0.status 
    from
        equipment_loans l1_0 
    where
        l1_0.equipment_id=?
2026-03-04T23:29:03.547+01:00 DEBUG 31200 --- [medical-service] [http-nio-18086-exec-2] org.hibernate.SQL                        : 
    select
        l1_0.equipment_id,
        l1_0.id,
        l1_0.borrower_id,
        l1_0.due_date,
        l1_0.loan_date,
        l1_0.notes,
        l1_0.purpose,
        l1_0.return_date,
        l1_0.status 
    from
        equipment_loans l1_0 
    where
        l1_0.equipment_id=?
2026-03-04T23:29:03.604+01:00 DEBUG 31200 --- [medical-service] [http-nio-18086-exec-2] org.hibernate.SQL                        : 
    select
        l1_0.equipment_id,
        l1_0.id,
        l1_0.borrower_id,
        l1_0.due_date,
        l1_0.loan_date,
        l1_0.notes,
        l1_0.purpose,
        l1_0.return_date,
        l1_0.status 
    from
        equipment_loans l1_0 
    where
        l1_0.equipment_id=?
2026-03-04T23:29:03.670+01:00 DEBUG 31200 --- [medical-service] [http-nio-18086-exec-2] org.hibernate.SQL                        : 
    select
        l1_0.equipment_id,
        l1_0.id,
        l1_0.borrower_id,
        l1_0.due_date,
        l1_0.loan_date,
        l1_0.notes,
        l1_0.purpose,
        l1_0.return_date,
        l1_0.status 
    from
        equipment_loans l1_0 
    where
        l1_0.equipment_id=?
2026-03-04T23:29:03.727+01:00 DEBUG 31200 --- [medical-service] [http-nio-18086-exec-2] org.hibernate.SQL                        : 
    select
        l1_0.equipment_id,
        l1_0.id,
        l1_0.borrower_id,
        l1_0.due_date,
        l1_0.loan_date,
        l1_0.notes,
        l1_0.purpose,
        l1_0.return_date,
        l1_0.status 
    from
        equipment_loans l1_0 
    where
        l1_0.equipment_id=?
2026-03-04T23:29:03.786+01:00 DEBUG 31200 --- [medical-service] [http-nio-18086-exec-2] org.hibernate.SQL                        : 
    select
        l1_0.equipment_id,
        l1_0.id,
        l1_0.borrower_id,
        l1_0.due_date,
        l1_0.loan_date,
        l1_0.notes,
        l1_0.purpose,
        l1_0.return_date,
        l1_0.status 
    from
        equipment_loans l1_0 
    where
        l1_0.equipment_id=?
2026-03-04T23:29:03.857+01:00 DEBUG 31200 --- [medical-service] [http-nio-18086-exec-2] org.hibernate.SQL                        : 
    select
        l1_0.equipment_id,
        l1_0.id,
        l1_0.borrower_id,
        l1_0.due_date,
        l1_0.loan_date,
        l1_0.notes,
        l1_0.purpose,
        l1_0.return_date,
        l1_0.status 
    from
        equipment_loans l1_0 
    where
        l1_0.equipment_id=?
2026-03-04T23:29:03.942+01:00 DEBUG 31200 --- [medical-service] [http-nio-18086-exec-2] org.hibernate.SQL                        : 
    select
        l1_0.equipment_id,
        l1_0.id,
        l1_0.borrower_id,
        l1_0.due_date,
        l1_0.loan_date,
        l1_0.notes,
        l1_0.purpose,
        l1_0.return_date,
        l1_0.status 
    from
        equipment_loans l1_0 
    where
        l1_0.equipment_id=?
2026-03-04T23:29:04.007+01:00 DEBUG 31200 --- [medical-service] [http-nio-18086-exec-2] org.hibernate.SQL                        : 
    select
        l1_0.equipment_id,
        l1_0.id,
        l1_0.borrower_id,
        l1_0.due_date,
        l1_0.loan_date,
        l1_0.notes,
        l1_0.purpose,
        l1_0.return_date,
        l1_0.status 
    from
        equipment_loans l1_0 
    where
        l1_0.equipment_id=?
2026-03-04T23:29:04.127+01:00 DEBUG 31200 --- [medical-service] [http-nio-18086-exec-2] .m.m.a.ExceptionHandlerExceptionResolver : Using @ExceptionHandler org.techhive.medicalservice.controller.GlobalExceptionHandler#handleAllExceptions(Exception)
2026-03-04T23:29:04.128+01:00 DEBUG 31200 --- [medical-service] [http-nio-18086-exec-2] o.s.w.s.m.m.a.HttpEntityMethodProcessor  : Using 'text/plain', given [*/*] and supported [text/plain, */*, application/json, application/*+json]
2026-03-04T23:29:04.128+01:00 DEBUG 31200 --- [medical-service] [http-nio-18086-exec-2] o.s.w.s.m.m.a.HttpEntityMethodProcessor  : Writing ["org.springframework.dao.InvalidDataAccessApiUsageException: No enum constant org.techhive.medicalser (truncated)..."]
2026-03-04T23:29:04.128+01:00 DEBUG 31200 --- [medical-service] [http-nio-18086-exec-2] .m.m.a.ExceptionHandlerExceptionResolver : Resolved [org.springframework.dao.InvalidDataAccessApiUsageException: No enum constant org.techhive.medicalservice.entity.enums.EquipmentCategory.MONITORING]
2026-03-04T23:29:04.129+01:00 DEBUG 31200 --- [medical-service] [http-nio-18086-exec-2] o.s.web.servlet.DispatcherServlet        : Completed 500 INTERNAL_SERVER_ERROR
2026-03-04T23:29:24.295+01:00  INFO 31200 --- [medical-service] [AsyncResolver-bootstrap-executor-%d] c.n.d.s.r.aws.ConfigClusterResolver      : Resolving eureka endpoints via configuration
2026-03-04T23:29:25.107+01:00 DEBUG 31200 --- [medical-service] [DiscoveryClient-HeartbeatExecutor-%d] o.s.web.client.RestTemplate              : HTTP PUT http://localhost:8761/eureka/apps/MEDICAL-SERVICE/DESKTOP-I0BIKTH:medical-service:18086?status=UP&lastDirtyTimestamp=1772663064808
2026-03-04T23:29:25.108+01:00 DEBUG 31200 --- [medical-service] [DiscoveryClient-HeartbeatExecutor-%d] o.s.web.client.RestTemplate              : Accept=[application/json, application/*+json]
2026-03-04T23:29:25.126+01:00 DEBUG 31200 --- [medical-service] [DiscoveryClient-HeartbeatExecutor-%d] o.s.web.client.RestTemplate              : Response 200 OK
2026-03-04T23:29:25.186+01:00 DEBUG 31200 --- [medical-service] [DiscoveryClient-CacheRefreshExecutor-%d] o.s.web.client.RestTemplate              : HTTP GET http://localhost:8761/eureka/apps/delta
2026-03-04T23:29:25.186+01:00 DEBUG 31200 --- [medical-service] [DiscoveryClient-CacheRefreshExecutor-%d] o.s.web.client.RestTemplate              : Accept=[application/json, application/*+json]
2026-03-04T23:29:25.200+01:00 DEBUG 31200 --- [medical-service] [DiscoveryClient-CacheRefreshExecutor-%d] o.s.web.client.RestTemplate              : Response 200 OK
2026-03-04T23:29:25.200+01:00 DEBUG 31200 --- [medical-service] [DiscoveryClient-CacheRefreshExecutor-%d] o.s.web.client.RestTemplate              : Reading to [org.springframework.cloud.netflix.eureka.http.EurekaApplications]
2026-03-04T23:29:42.915+01:00 DEBUG 31200 --- [medical-service] [http-nio-18086-exec-1] o.s.web.servlet.DispatcherServlet        : GET "/api/medical/loans/borrower/27/active", parameters={}
2026-03-04T23:29:42.918+01:00 DEBUG 31200 --- [medical-service] [http-nio-18086-exec-3] o.s.web.servlet.DispatcherServlet        : GET "/api/medical/equipment", parameters={}
2026-03-04T23:29:42.918+01:00 DEBUG 31200 --- [medical-service] [http-nio-18086-exec-1] s.w.s.m.m.a.RequestMappingHandlerMapping : Mapped to org.techhive.medicalservice.controller.EquipmentLoanController#getActiveLoansByBorrower(Long)
2026-03-04T23:29:42.918+01:00 DEBUG 31200 --- [medical-service] [http-nio-18086-exec-3] s.w.s.m.m.a.RequestMappingHandlerMapping : Mapped to org.techhive.medicalservice.controller.EquipmentController#getAllEquipment()
2026-03-04T23:29:42.922+01:00 DEBUG 31200 --- [medical-service] [http-nio-18086-exec-5] o.s.web.servlet.DispatcherServlet        : GET "/api/medical/loans/borrower/27", parameters={}
2026-03-04T23:29:42.923+01:00 DEBUG 31200 --- [medical-service] [http-nio-18086-exec-5] s.w.s.m.m.a.RequestMappingHandlerMapping : Mapped to org.techhive.medicalservice.controller.EquipmentLoanController#getLoansByBorrowerId(Long)
2026-03-04T23:29:42.993+01:00  INFO 31200 --- [medical-service] [http-nio-18086-exec-1] o.t.m.c.EquipmentLoanController          : Fetching active loans for borrower ID: 27
2026-03-04T23:29:42.993+01:00  INFO 31200 --- [medical-service] [http-nio-18086-exec-3] o.t.m.controller.EquipmentController     : Fetching all equipment
2026-03-04T23:29:42.993+01:00  INFO 31200 --- [medical-service] [http-nio-18086-exec-5] o.t.m.c.EquipmentLoanController          : Fetching loans for borrower ID: 27
2026-03-04T23:29:42.994+01:00 DEBUG 31200 --- [medical-service] [http-nio-18086-exec-3] org.hibernate.SQL                        : 
    select
        e1_0.id,
        e1_0.category,
        e1_0.condition,
        e1_0.description,
        e1_0.donation_date,
        e1_0.donor_id,
        e1_0.name,
        e1_0.status 
    from
        equipments e1_0
2026-03-04T23:29:42.995+01:00 DEBUG 31200 --- [medical-service] [http-nio-18086-exec-1] org.hibernate.SQL                        : 
    select
        el1_0.id,
        el1_0.borrower_id,
        el1_0.due_date,
        el1_0.equipment_id,
        el1_0.loan_date,
        el1_0.notes,
        el1_0.purpose,
        el1_0.return_date,
        el1_0.status 
    from
        equipment_loans el1_0 
    where
        el1_0.borrower_id=? 
        and el1_0.status=?
2026-03-04T23:29:42.995+01:00 DEBUG 31200 --- [medical-service] [http-nio-18086-exec-5] org.hibernate.SQL                        : 
    select
        el1_0.id,
        el1_0.borrower_id,
        el1_0.due_date,
        el1_0.equipment_id,
        el1_0.loan_date,
        el1_0.notes,
        el1_0.purpose,
        el1_0.return_date,
        el1_0.status 
    from
        equipment_loans el1_0 
    where
        el1_0.borrower_id=?
2026-03-04T23:29:43.132+01:00 DEBUG 31200 --- [medical-service] [http-nio-18086-exec-3] org.hibernate.SQL                        : 
    select
        l1_0.equipment_id,
        l1_0.id,
        l1_0.borrower_id,
        l1_0.due_date,
        l1_0.loan_date,
        l1_0.notes,
        l1_0.purpose,
        l1_0.return_date,
        l1_0.status 
    from
        equipment_loans l1_0 
    where
        l1_0.equipment_id=?
2026-03-04T23:29:43.147+01:00 DEBUG 31200 --- [medical-service] [http-nio-18086-exec-1] o.s.w.s.m.m.a.HttpEntityMethodProcessor  : Using 'application/json', given [application/json, text/plain, */*] and supported [application/json, application/*+json]
2026-03-04T23:29:43.147+01:00 DEBUG 31200 --- [medical-service] [http-nio-18086-exec-1] o.s.w.s.m.m.a.HttpEntityMethodProcessor  : Writing [[]]
2026-03-04T23:29:43.148+01:00 DEBUG 31200 --- [medical-service] [http-nio-18086-exec-1] o.s.web.servlet.DispatcherServlet        : Completed 200 OK
2026-03-04T23:29:43.154+01:00 DEBUG 31200 --- [medical-service] [http-nio-18086-exec-5] o.s.w.s.m.m.a.HttpEntityMethodProcessor  : Using 'application/json', given [application/json, text/plain, */*] and supported [application/json, application/*+json]
2026-03-04T23:29:43.154+01:00 DEBUG 31200 --- [medical-service] [http-nio-18086-exec-5] o.s.w.s.m.m.a.HttpEntityMethodProcessor  : Writing [[]]
2026-03-04T23:29:43.155+01:00 DEBUG 31200 --- [medical-service] [http-nio-18086-exec-5] o.s.web.servlet.DispatcherServlet        : Completed 200 OK
2026-03-04T23:29:43.195+01:00 DEBUG 31200 --- [medical-service] [http-nio-18086-exec-3] org.hibernate.SQL                        : 
    select
        l1_0.equipment_id,
        l1_0.id,
        l1_0.borrower_id,
        l1_0.due_date,
        l1_0.loan_date,
        l1_0.notes,
        l1_0.purpose,
        l1_0.return_date,
        l1_0.status 
    from
        equipment_loans l1_0 
    where
        l1_0.equipment_id=?
2026-03-04T23:29:43.246+01:00 DEBUG 31200 --- [medical-service] [http-nio-18086-exec-3] org.hibernate.SQL                        : 
    select
        l1_0.equipment_id,
        l1_0.id,
        l1_0.borrower_id,
        l1_0.due_date,
        l1_0.loan_date,
        l1_0.notes,
        l1_0.purpose,
        l1_0.return_date,
        l1_0.status 
    from
        equipment_loans l1_0 
    where
        l1_0.equipment_id=?
2026-03-04T23:29:43.323+01:00 DEBUG 31200 --- [medical-service] [http-nio-18086-exec-3] org.hibernate.SQL                        : 
    select
        l1_0.equipment_id,
        l1_0.id,
        l1_0.borrower_id,
        l1_0.due_date,
        l1_0.loan_date,
        l1_0.notes,
        l1_0.purpose,
        l1_0.return_date,
        l1_0.status 
    from
        equipment_loans l1_0 
    where
        l1_0.equipment_id=?
2026-03-04T23:29:43.394+01:00 DEBUG 31200 --- [medical-service] [http-nio-18086-exec-3] org.hibernate.SQL                        : 
    select
        l1_0.equipment_id,
        l1_0.id,
        l1_0.borrower_id,
        l1_0.due_date,
        l1_0.loan_date,
        l1_0.notes,
        l1_0.purpose,
        l1_0.return_date,
        l1_0.status 
    from
        equipment_loans l1_0 
    where
        l1_0.equipment_id=?
2026-03-04T23:29:43.490+01:00 DEBUG 31200 --- [medical-service] [http-nio-18086-exec-3] org.hibernate.SQL                        : 
    select
        l1_0.equipment_id,
        l1_0.id,
        l1_0.borrower_id,
        l1_0.due_date,
        l1_0.loan_date,
        l1_0.notes,
        l1_0.purpose,
        l1_0.return_date,
        l1_0.status 
    from
        equipment_loans l1_0 
    where
        l1_0.equipment_id=?
2026-03-04T23:29:43.556+01:00 DEBUG 31200 --- [medical-service] [http-nio-18086-exec-3] org.hibernate.SQL                        : 
    select
        l1_0.equipment_id,
        l1_0.id,
        l1_0.borrower_id,
        l1_0.due_date,
        l1_0.loan_date,
        l1_0.notes,
        l1_0.purpose,
        l1_0.return_date,
        l1_0.status 
    from
        equipment_loans l1_0 
    where
        l1_0.equipment_id=?
2026-03-04T23:29:43.630+01:00 DEBUG 31200 --- [medical-service] [http-nio-18086-exec-3] org.hibernate.SQL                        : 
    select
        l1_0.equipment_id,
        l1_0.id,
        l1_0.borrower_id,
        l1_0.due_date,
        l1_0.loan_date,
        l1_0.notes,
        l1_0.purpose,
        l1_0.return_date,
        l1_0.status 
    from
        equipment_loans l1_0 
    where
        l1_0.equipment_id=?
2026-03-04T23:29:43.687+01:00 DEBUG 31200 --- [medical-service] [http-nio-18086-exec-3] org.hibernate.SQL                        : 
    select
        l1_0.equipment_id,
        l1_0.id,
        l1_0.borrower_id,
        l1_0.due_date,
        l1_0.loan_date,
        l1_0.notes,
        l1_0.purpose,
        l1_0.return_date,
        l1_0.status 
    from
        equipment_loans l1_0 
    where
        l1_0.equipment_id=?
2026-03-04T23:29:43.754+01:00 DEBUG 31200 --- [medical-service] [http-nio-18086-exec-3] org.hibernate.SQL                        : 
    select
        l1_0.equipment_id,
        l1_0.id,
        l1_0.borrower_id,
        l1_0.due_date,
        l1_0.loan_date,
        l1_0.notes,
        l1_0.purpose,
        l1_0.return_date,
        l1_0.status 
    from
        equipment_loans l1_0 
    where
        l1_0.equipment_id=?
2026-03-04T23:29:43.828+01:00 DEBUG 31200 --- [medical-service] [http-nio-18086-exec-3] org.hibernate.SQL                        : 
    select
        l1_0.equipment_id,
        l1_0.id,
        l1_0.borrower_id,
        l1_0.due_date,
        l1_0.loan_date,
        l1_0.notes,
        l1_0.purpose,
        l1_0.return_date,
        l1_0.status 
    from
        equipment_loans l1_0 
    where
        l1_0.equipment_id=?
2026-03-04T23:29:43.896+01:00 DEBUG 31200 --- [medical-service] [http-nio-18086-exec-3] org.hibernate.SQL                        : 
    select
        l1_0.equipment_id,
        l1_0.id,
        l1_0.borrower_id,
        l1_0.due_date,
        l1_0.loan_date,
        l1_0.notes,
        l1_0.purpose,
        l1_0.return_date,
        l1_0.status 
    from
        equipment_loans l1_0 
    where
        l1_0.equipment_id=?
2026-03-04T23:29:43.976+01:00 DEBUG 31200 --- [medical-service] [http-nio-18086-exec-3] org.hibernate.SQL                        : 
    select
        l1_0.equipment_id,
        l1_0.id,
        l1_0.borrower_id,
        l1_0.due_date,
        l1_0.loan_date,
        l1_0.notes,
        l1_0.purpose,
        l1_0.return_date,
        l1_0.status 
    from
        equipment_loans l1_0 
    where
        l1_0.equipment_id=?
2026-03-04T23:29:44.107+01:00 DEBUG 31200 --- [medical-service] [http-nio-18086-exec-3] .m.m.a.ExceptionHandlerExceptionResolver : Using @ExceptionHandler org.techhive.medicalservice.controller.GlobalExceptionHandler#handleAllExceptions(Exception)
2026-03-04T23:29:44.108+01:00 DEBUG 31200 --- [medical-service] [http-nio-18086-exec-3] o.s.w.s.m.m.a.HttpEntityMethodProcessor  : Using 'application/json', given [application/json, text/plain, */*] and supported [text/plain, */*, application/json, application/*+json]
2026-03-04T23:29:44.108+01:00 DEBUG 31200 --- [medical-service] [http-nio-18086-exec-3] o.s.w.s.m.m.a.HttpEntityMethodProcessor  : Writing ["org.springframework.dao.InvalidDataAccessApiUsageException: No enum constant org.techhive.medicalser (truncated)..."]
2026-03-04T23:29:44.109+01:00 DEBUG 31200 --- [medical-service] [http-nio-18086-exec-3] .m.m.a.ExceptionHandlerExceptionResolver : Resolved [org.springframework.dao.InvalidDataAccessApiUsageException: No enum constant org.techhive.medicalservice.entity.enums.EquipmentCategory.MONITORING]
2026-03-04T23:29:44.110+01:00 DEBUG 31200 --- [medical-service] [http-nio-18086-exec-3] o.s.web.servlet.DispatcherServlet        : Completed 500 INTERNAL_SERVER_ERROR
2026-03-04T23:29:50.793+01:00 DEBUG 31200 --- [medical-service] [http-nio-18086-exec-4] o.s.web.servlet.DispatcherServlet        : GET "/api/medical/equipment", parameters={}
2026-03-04T23:29:50.793+01:00 DEBUG 31200 --- [medical-service] [http-nio-18086-exec-4] s.w.s.m.m.a.RequestMappingHandlerMapping : Mapped to org.techhive.medicalservice.controller.EquipmentController#getAllEquipment()
2026-03-04T23:29:50.806+01:00 DEBUG 31200 --- [medical-service] [http-nio-18086-exec-6] o.s.web.servlet.DispatcherServlet        : GET "/api/medical/loans/borrower/27", parameters={}
2026-03-04T23:29:50.809+01:00 DEBUG 31200 --- [medical-service] [http-nio-18086-exec-7] o.s.web.servlet.DispatcherServlet        : GET "/api/medical/loans/borrower/27/active", parameters={}
2026-03-04T23:29:50.810+01:00 DEBUG 31200 --- [medical-service] [http-nio-18086-exec-6] s.w.s.m.m.a.RequestMappingHandlerMapping : Mapped to org.techhive.medicalservice.controller.EquipmentLoanController#getLoansByBorrowerId(Long)
2026-03-04T23:29:50.810+01:00 DEBUG 31200 --- [medical-service] [http-nio-18086-exec-7] s.w.s.m.m.a.RequestMappingHandlerMapping : Mapped to org.techhive.medicalservice.controller.EquipmentLoanController#getActiveLoansByBorrower(Long)
2026-03-04T23:29:50.850+01:00  INFO 31200 --- [medical-service] [http-nio-18086-exec-4] o.t.m.controller.EquipmentController     : Fetching all equipment
2026-03-04T23:29:50.852+01:00 DEBUG 31200 --- [medical-service] [http-nio-18086-exec-4] org.hibernate.SQL                        : 
    select
        e1_0.id,
        e1_0.category,
        e1_0.condition,
        e1_0.description,
        e1_0.donation_date,
        e1_0.donor_id,
        e1_0.name,
        e1_0.status 
    from
        equipments e1_0
2026-03-04T23:29:50.865+01:00  INFO 31200 --- [medical-service] [http-nio-18086-exec-6] o.t.m.c.EquipmentLoanController          : Fetching loans for borrower ID: 27
2026-03-04T23:29:50.865+01:00  INFO 31200 --- [medical-service] [http-nio-18086-exec-7] o.t.m.c.EquipmentLoanController          : Fetching active loans for borrower ID: 27
2026-03-04T23:29:50.867+01:00 DEBUG 31200 --- [medical-service] [http-nio-18086-exec-6] org.hibernate.SQL                        : 
    select
        el1_0.id,
        el1_0.borrower_id,
        el1_0.due_date,
        el1_0.equipment_id,
        el1_0.loan_date,
        el1_0.notes,
        el1_0.purpose,
        el1_0.return_date,
        el1_0.status 
    from
        equipment_loans el1_0 
    where
        el1_0.borrower_id=?
2026-03-04T23:29:50.868+01:00 DEBUG 31200 --- [medical-service] [http-nio-18086-exec-7] org.hibernate.SQL                        : 
    select
        el1_0.id,
        el1_0.borrower_id,
        el1_0.due_date,
        el1_0.equipment_id,
        el1_0.loan_date,
        el1_0.notes,
        el1_0.purpose,
        el1_0.return_date,
        el1_0.status 
    from
        equipment_loans el1_0 
    where
        el1_0.borrower_id=? 
        and el1_0.status=?
2026-03-04T23:29:50.967+01:00 DEBUG 31200 --- [medical-service] [http-nio-18086-exec-4] org.hibernate.SQL                        : 
    select
        l1_0.equipment_id,
        l1_0.id,
        l1_0.borrower_id,
        l1_0.due_date,
        l1_0.loan_date,
        l1_0.notes,
        l1_0.purpose,
        l1_0.return_date,
        l1_0.status 
    from
        equipment_loans l1_0 
    where
        l1_0.equipment_id=?
2026-03-04T23:29:50.983+01:00 DEBUG 31200 --- [medical-service] [http-nio-18086-exec-6] o.s.w.s.m.m.a.HttpEntityMethodProcessor  : Using 'application/json', given [application/json, text/plain, */*] and supported [application/json, application/*+json]
2026-03-04T23:29:50.983+01:00 DEBUG 31200 --- [medical-service] [http-nio-18086-exec-6] o.s.w.s.m.m.a.HttpEntityMethodProcessor  : Writing [[]]
2026-03-04T23:29:50.984+01:00 DEBUG 31200 --- [medical-service] [http-nio-18086-exec-6] o.s.web.servlet.DispatcherServlet        : Completed 200 OK
2026-03-04T23:29:51.003+01:00 DEBUG 31200 --- [medical-service] [http-nio-18086-exec-7] o.s.w.s.m.m.a.HttpEntityMethodProcessor  : Using 'application/json', given [application/json, text/plain, */*] and supported [application/json, application/*+json]
2026-03-04T23:29:51.003+01:00 DEBUG 31200 --- [medical-service] [http-nio-18086-exec-7] o.s.w.s.m.m.a.HttpEntityMethodProcessor  : Writing [[]]
2026-03-04T23:29:51.004+01:00 DEBUG 31200 --- [medical-service] [http-nio-18086-exec-7] o.s.web.servlet.DispatcherServlet        : Completed 200 OK
2026-03-04T23:29:51.026+01:00 DEBUG 31200 --- [medical-service] [http-nio-18086-exec-4] org.hibernate.SQL                        : 
    select
        l1_0.equipment_id,
        l1_0.id,
        l1_0.borrower_id,
        l1_0.due_date,
        l1_0.loan_date,
        l1_0.notes,
        l1_0.purpose,
        l1_0.return_date,
        l1_0.status 
    from
        equipment_loans l1_0 
    where
        l1_0.equipment_id=?
2026-03-04T23:29:51.088+01:00 DEBUG 31200 --- [medical-service] [http-nio-18086-exec-4] org.hibernate.SQL                        : 
    select
        l1_0.equipment_id,
        l1_0.id,
        l1_0.borrower_id,
        l1_0.due_date,
        l1_0.loan_date,
        l1_0.notes,
        l1_0.purpose,
        l1_0.return_date,
        l1_0.status 
    from
        equipment_loans l1_0 
    where
        l1_0.equipment_id=?
2026-03-04T23:29:51.142+01:00 DEBUG 31200 --- [medical-service] [http-nio-18086-exec-4] org.hibernate.SQL                        : 
    select
        l1_0.equipment_id,
        l1_0.id,
        l1_0.borrower_id,
        l1_0.due_date,
        l1_0.loan_date,
        l1_0.notes,
        l1_0.purpose,
        l1_0.return_date,
        l1_0.status 
    from
        equipment_loans l1_0 
    where
        l1_0.equipment_id=?
2026-03-04T23:29:51.206+01:00 DEBUG 31200 --- [medical-service] [http-nio-18086-exec-4] org.hibernate.SQL                        : 
    select
        l1_0.equipment_id,
        l1_0.id,
        l1_0.borrower_id,
        l1_0.due_date,
        l1_0.loan_date,
        l1_0.notes,
        l1_0.purpose,
        l1_0.return_date,
        l1_0.status 
    from
        equipment_loans l1_0 
    where
        l1_0.equipment_id=?
2026-03-04T23:29:51.272+01:00 DEBUG 31200 --- [medical-service] [http-nio-18086-exec-4] org.hibernate.SQL                        : 
    select
        l1_0.equipment_id,
        l1_0.id,
        l1_0.borrower_id,
        l1_0.due_date,
        l1_0.loan_date,
        l1_0.notes,
        l1_0.purpose,
        l1_0.return_date,
        l1_0.status 
    from
        equipment_loans l1_0 
    where
        l1_0.equipment_id=?
2026-03-04T23:29:51.331+01:00 DEBUG 31200 --- [medical-service] [http-nio-18086-exec-4] org.hibernate.SQL                        : 
    select
        l1_0.equipment_id,
        l1_0.id,
        l1_0.borrower_id,
        l1_0.due_date,
        l1_0.loan_date,
        l1_0.notes,
        l1_0.purpose,
        l1_0.return_date,
        l1_0.status 
    from
        equipment_loans l1_0 
    where
        l1_0.equipment_id=?
2026-03-04T23:29:51.398+01:00 DEBUG 31200 --- [medical-service] [http-nio-18086-exec-4] org.hibernate.SQL                        : 
    select
        l1_0.equipment_id,
        l1_0.id,
        l1_0.borrower_id,
        l1_0.due_date,
        l1_0.loan_date,
        l1_0.notes,
        l1_0.purpose,
        l1_0.return_date,
        l1_0.status 
    from
        equipment_loans l1_0 
    where
        l1_0.equipment_id=?
2026-03-04T23:29:51.460+01:00 DEBUG 31200 --- [medical-service] [http-nio-18086-exec-4] org.hibernate.SQL                        : 
    select
        l1_0.equipment_id,
        l1_0.id,
        l1_0.borrower_id,
        l1_0.due_date,
        l1_0.loan_date,
        l1_0.notes,
        l1_0.purpose,
        l1_0.return_date,
        l1_0.status 
    from
        equipment_loans l1_0 
    where
        l1_0.equipment_id=?
2026-03-04T23:29:51.521+01:00 DEBUG 31200 --- [medical-service] [http-nio-18086-exec-4] org.hibernate.SQL                        : 
    select
        l1_0.equipment_id,
        l1_0.id,
        l1_0.borrower_id,
        l1_0.due_date,
        l1_0.loan_date,
        l1_0.notes,
        l1_0.purpose,
        l1_0.return_date,
        l1_0.status 
    from
        equipment_loans l1_0 
    where
        l1_0.equipment_id=?
2026-03-04T23:29:51.592+01:00 DEBUG 31200 --- [medical-service] [http-nio-18086-exec-4] org.hibernate.SQL                        : 
    select
        l1_0.equipment_id,
        l1_0.id,
        l1_0.borrower_id,
        l1_0.due_date,
        l1_0.loan_date,
        l1_0.notes,
        l1_0.purpose,
        l1_0.return_date,
        l1_0.status 
    from
        equipment_loans l1_0 
    where
        l1_0.equipment_id=?
2026-03-04T23:29:51.665+01:00 DEBUG 31200 --- [medical-service] [http-nio-18086-exec-4] org.hibernate.SQL                        : 
    select
        l1_0.equipment_id,
        l1_0.id,
        l1_0.borrower_id,
        l1_0.due_date,
        l1_0.loan_date,
        l1_0.notes,
        l1_0.purpose,
        l1_0.return_date,
        l1_0.status 
    from
        equipment_loans l1_0 
    where
        l1_0.equipment_id=?
2026-03-04T23:29:51.733+01:00 DEBUG 31200 --- [medical-service] [http-nio-18086-exec-4] org.hibernate.SQL                        : 
    select
        l1_0.equipment_id,
        l1_0.id,
        l1_0.borrower_id,
        l1_0.due_date,
        l1_0.loan_date,
        l1_0.notes,
        l1_0.purpose,
        l1_0.return_date,
        l1_0.status 
    from
        equipment_loans l1_0 
    where
        l1_0.equipment_id=?
2026-03-04T23:29:51.845+01:00 DEBUG 31200 --- [medical-service] [http-nio-18086-exec-4] .m.m.a.ExceptionHandlerExceptionResolver : Using @ExceptionHandler org.techhive.medicalservice.controller.GlobalExceptionHandler#handleAllExceptions(Exception)
2026-03-04T23:29:51.846+01:00 DEBUG 31200 --- [medical-service] [http-nio-18086-exec-4] o.s.w.s.m.m.a.HttpEntityMethodProcessor  : Using 'application/json', given [application/json, text/plain, */*] and supported [text/plain, */*, application/json, application/*+json]
2026-03-04T23:29:51.847+01:00 DEBUG 31200 --- [medical-service] [http-nio-18086-exec-4] o.s.w.s.m.m.a.HttpEntityMethodProcessor  : Writing ["org.springframework.dao.InvalidDataAccessApiUsageException: No enum constant org.techhive.medicalser (truncated)..."]
2026-03-04T23:29:51.847+01:00 DEBUG 31200 --- [medical-service] [http-nio-18086-exec-4] .m.m.a.ExceptionHandlerExceptionResolver : Resolved [org.springframework.dao.InvalidDataAccessApiUsageException: No enum constant org.techhive.medicalservice.entity.enums.EquipmentCategory.MONITORING]
2026-03-04T23:29:51.847+01:00 DEBUG 31200 --- [medical-service] [http-nio-18086-exec-4] o.s.web.servlet.DispatcherServlet        : Completed 500 INTERNAL_SERVER_ERROR
2026-03-04T23:29:55.138+01:00 DEBUG 31200 --- [medical-service] [DiscoveryClient-HeartbeatExecutor-%d] o.s.web.client.RestTemplate              : HTTP PUT http://localhost:8761/eureka/apps/MEDICAL-SERVICE/DESKTOP-I0BIKTH:medical-service:18086?status=UP&lastDirtyTimestamp=1772663064808
2026-03-04T23:29:55.139+01:00 DEBUG 31200 --- [medical-service] [DiscoveryClient-HeartbeatExecutor-%d] o.s.web.client.RestTemplate              : Accept=[application/json, application/*+json]
2026-03-04T23:29:55.155+01:00 DEBUG 31200 --- [medical-service] [DiscoveryClient-HeartbeatExecutor-%d] o.s.web.client.RestTemplate              : Response 200 OK
2026-03-04T23:29:55.215+01:00 DEBUG 31200 --- [medical-service] [DiscoveryClient-CacheRefreshExecutor-%d] o.s.web.client.RestTemplate              : HTTP GET http://localhost:8761/eureka/apps/delta
2026-03-04T23:29:55.215+01:00 DEBUG 31200 --- [medical-service] [DiscoveryClient-CacheRefreshExecutor-%d] o.s.web.client.RestTemplate              : Accept=[application/json, application/*+json]
2026-03-04T23:29:55.231+01:00 DEBUG 31200 --- [medical-service] [DiscoveryClient-CacheRefreshExecutor-%d] o.s.web.client.RestTemplate              : Response 200 OK
2026-03-04T23:29:55.232+01:00 DEBUG 31200 --- [medical-service] [DiscoveryClient-CacheRefreshExecutor-%d] o.s.web.client.RestTemplate              : Reading to [org.springframework.cloud.netflix.eureka.http.EurekaApplications]
2026-03-04T23:30:25.208+01:00 DEBUG 31200 --- [medical-service] [DiscoveryClient-HeartbeatExecutor-%d] o.s.web.client.RestTemplate              : HTTP PUT http://localhost:8761/eureka/apps/MEDICAL-SERVICE/DESKTOP-I0BIKTH:medical-service:18086?status=UP&lastDirtyTimestamp=1772663064808
2026-03-04T23:30:25.208+01:00 DEBUG 31200 --- [medical-service] [DiscoveryClient-HeartbeatExecutor-%d] o.s.web.client.RestTemplate              : Accept=[application/json, application/*+json]
2026-03-04T23:30:25.227+01:00 DEBUG 31200 --- [medical-service] [DiscoveryClient-HeartbeatExecutor-%d] o.s.web.client.RestTemplate              : Response 200 OK
2026-03-04T23:30:25.240+01:00 DEBUG 31200 --- [medical-service] [DiscoveryClient-CacheRefreshExecutor-%d] o.s.web.client.RestTemplate              : HTTP GET http://localhost:8761/eureka/apps/delta
2026-03-04T23:30:25.241+01:00 DEBUG 31200 --- [medical-service] [DiscoveryClient-CacheRefreshExecutor-%d] o.s.web.client.RestTemplate              : Accept=[application/json, application/*+json]
2026-03-04T23:30:25.258+01:00 DEBUG 31200 --- [medical-service] [DiscoveryClient-CacheRefreshExecutor-%d] o.s.web.client.RestTemplate              : Response 200 OK
2026-03-04T23:30:25.259+01:00 DEBUG 31200 --- [medical-service] [DiscoveryClient-CacheRefreshExecutor-%d] o.s.web.client.RestTemplate              : Reading to [org.springframework.cloud.netflix.eureka.http.EurekaApplications]
2026-03-04T23:30:41.141+01:00 DEBUG 31200 --- [medical-service] [http-nio-18086-exec-10] o.s.web.servlet.DispatcherServlet        : GET "/api/medical/equipment", parameters={}
2026-03-04T23:30:41.141+01:00 DEBUG 31200 --- [medical-service] [http-nio-18086-exec-8] o.s.web.servlet.DispatcherServlet        : GET "/api/medical/loans/borrower/27", parameters={}
2026-03-04T23:30:41.142+01:00 DEBUG 31200 --- [medical-service] [http-nio-18086-exec-9] o.s.web.servlet.DispatcherServlet        : GET "/api/medical/loans/borrower/27/active", parameters={}
2026-03-04T23:30:41.142+01:00 DEBUG 31200 --- [medical-service] [http-nio-18086-exec-10] s.w.s.m.m.a.RequestMappingHandlerMapping : Mapped to org.techhive.medicalservice.controller.EquipmentController#getAllEquipment()
2026-03-04T23:30:41.142+01:00 DEBUG 31200 --- [medical-service] [http-nio-18086-exec-8] s.w.s.m.m.a.RequestMappingHandlerMapping : Mapped to org.techhive.medicalservice.controller.EquipmentLoanController#getLoansByBorrowerId(Long)
2026-03-04T23:30:41.142+01:00 DEBUG 31200 --- [medical-service] [http-nio-18086-exec-9] s.w.s.m.m.a.RequestMappingHandlerMapping : Mapped to org.techhive.medicalservice.controller.EquipmentLoanController#getActiveLoansByBorrower(Long)
2026-03-04T23:30:41.205+01:00  INFO 31200 --- [medical-service] [http-nio-18086-exec-10] o.t.m.controller.EquipmentController     : Fetching all equipment
2026-03-04T23:30:41.205+01:00  INFO 31200 --- [medical-service] [http-nio-18086-exec-9] o.t.m.c.EquipmentLoanController          : Fetching active loans for borrower ID: 27
2026-03-04T23:30:41.208+01:00  INFO 31200 --- [medical-service] [http-nio-18086-exec-8] o.t.m.c.EquipmentLoanController          : Fetching loans for borrower ID: 27
2026-03-04T23:30:41.209+01:00 DEBUG 31200 --- [medical-service] [http-nio-18086-exec-10] org.hibernate.SQL                        : 
    select
        e1_0.id,
        e1_0.category,
        e1_0.condition,
        e1_0.description,
        e1_0.donation_date,
        e1_0.donor_id,
        e1_0.name,
        e1_0.status 
    from
        equipments e1_0
2026-03-04T23:30:41.209+01:00 DEBUG 31200 --- [medical-service] [http-nio-18086-exec-9] org.hibernate.SQL                        : 
    select
        el1_0.id,
        el1_0.borrower_id,
        el1_0.due_date,
        el1_0.equipment_id,
        el1_0.loan_date,
        el1_0.notes,
        el1_0.purpose,
        el1_0.return_date,
        el1_0.status 
    from
        equipment_loans el1_0 
    where
        el1_0.borrower_id=? 
        and el1_0.status=?
2026-03-04T23:30:41.210+01:00 DEBUG 31200 --- [medical-service] [http-nio-18086-exec-8] org.hibernate.SQL                        : 
    select
        el1_0.id,
        el1_0.borrower_id,
        el1_0.due_date,
        el1_0.equipment_id,
        el1_0.loan_date,
        el1_0.notes,
        el1_0.purpose,
        el1_0.return_date,
        el1_0.status 
    from
        equipment_loans el1_0 
    where
        el1_0.borrower_id=?
2026-03-04T23:30:41.324+01:00 DEBUG 31200 --- [medical-service] [http-nio-18086-exec-10] org.hibernate.SQL                        : 
    select
        l1_0.equipment_id,
        l1_0.id,
        l1_0.borrower_id,
        l1_0.due_date,
        l1_0.loan_date,
        l1_0.notes,
        l1_0.purpose,
        l1_0.return_date,
        l1_0.status 
    from
        equipment_loans l1_0 
    where
        l1_0.equipment_id=?
2026-03-04T23:30:41.332+01:00 DEBUG 31200 --- [medical-service] [http-nio-18086-exec-8] o.s.w.s.m.m.a.HttpEntityMethodProcessor  : Using 'application/json', given [application/json, text/plain, */*] and supported [application/json, application/*+json]
2026-03-04T23:30:41.332+01:00 DEBUG 31200 --- [medical-service] [http-nio-18086-exec-9] o.s.w.s.m.m.a.HttpEntityMethodProcessor  : Using 'application/json', given [application/json, text/plain, */*] and supported [application/json, application/*+json]
2026-03-04T23:30:41.333+01:00 DEBUG 31200 --- [medical-service] [http-nio-18086-exec-8] o.s.w.s.m.m.a.HttpEntityMethodProcessor  : Writing [[]]
2026-03-04T23:30:41.333+01:00 DEBUG 31200 --- [medical-service] [http-nio-18086-exec-9] o.s.w.s.m.m.a.HttpEntityMethodProcessor  : Writing [[]]
2026-03-04T23:30:41.336+01:00 DEBUG 31200 --- [medical-service] [http-nio-18086-exec-9] o.s.web.servlet.DispatcherServlet        : Completed 200 OK
2026-03-04T23:30:41.336+01:00 DEBUG 31200 --- [medical-service] [http-nio-18086-exec-8] o.s.web.servlet.DispatcherServlet        : Completed 200 OK
2026-03-04T23:30:41.385+01:00 DEBUG 31200 --- [medical-service] [http-nio-18086-exec-10] org.hibernate.SQL                        : 
    select
        l1_0.equipment_id,
        l1_0.id,
        l1_0.borrower_id,
        l1_0.due_date,
        l1_0.loan_date,
        l1_0.notes,
        l1_0.purpose,
        l1_0.return_date,
        l1_0.status 
    from
        equipment_loans l1_0 
    where
        l1_0.equipment_id=?
2026-03-04T23:30:41.454+01:00 DEBUG 31200 --- [medical-service] [http-nio-18086-exec-10] org.hibernate.SQL                        : 
    select
        l1_0.equipment_id,
        l1_0.id,
        l1_0.borrower_id,
        l1_0.due_date,
        l1_0.loan_date,
        l1_0.notes,
        l1_0.purpose,
        l1_0.return_date,
        l1_0.status 
    from
        equipment_loans l1_0 
    where
        l1_0.equipment_id=?
2026-03-04T23:30:41.534+01:00 DEBUG 31200 --- [medical-service] [http-nio-18086-exec-10] org.hibernate.SQL                        : 
    select
        l1_0.equipment_id,
        l1_0.id,
        l1_0.borrower_id,
        l1_0.due_date,
        l1_0.loan_date,
        l1_0.notes,
        l1_0.purpose,
        l1_0.return_date,
        l1_0.status 
    from
        equipment_loans l1_0 
    where
        l1_0.equipment_id=?
2026-03-04T23:30:41.605+01:00 DEBUG 31200 --- [medical-service] [http-nio-18086-exec-10] org.hibernate.SQL                        : 
    select
        l1_0.equipment_id,
        l1_0.id,
        l1_0.borrower_id,
        l1_0.due_date,
        l1_0.loan_date,
        l1_0.notes,
        l1_0.purpose,
        l1_0.return_date,
        l1_0.status 
    from
        equipment_loans l1_0 
    where
        l1_0.equipment_id=?
2026-03-04T23:30:41.665+01:00 DEBUG 31200 --- [medical-service] [http-nio-18086-exec-10] org.hibernate.SQL                        : 
    select
        l1_0.equipment_id,
        l1_0.id,
        l1_0.borrower_id,
        l1_0.due_date,
        l1_0.loan_date,
        l1_0.notes,
        l1_0.purpose,
        l1_0.return_date,
        l1_0.status 
    from
        equipment_loans l1_0 
    where
        l1_0.equipment_id=?
2026-03-04T23:30:41.726+01:00 DEBUG 31200 --- [medical-service] [http-nio-18086-exec-10] org.hibernate.SQL                        : 
    select
        l1_0.equipment_id,
        l1_0.id,
        l1_0.borrower_id,
        l1_0.due_date,
        l1_0.loan_date,
        l1_0.notes,
        l1_0.purpose,
        l1_0.return_date,
        l1_0.status 
    from
        equipment_loans l1_0 
    where
        l1_0.equipment_id=?
2026-03-04T23:30:41.786+01:00 DEBUG 31200 --- [medical-service] [http-nio-18086-exec-10] org.hibernate.SQL                        : 
    select
        l1_0.equipment_id,
        l1_0.id,
        l1_0.borrower_id,
        l1_0.due_date,
        l1_0.loan_date,
        l1_0.notes,
        l1_0.purpose,
        l1_0.return_date,
        l1_0.status 
    from
        equipment_loans l1_0 
    where
        l1_0.equipment_id=?
2026-03-04T23:30:41.853+01:00 DEBUG 31200 --- [medical-service] [http-nio-18086-exec-10] org.hibernate.SQL                        : 
    select
        l1_0.equipment_id,
        l1_0.id,
        l1_0.borrower_id,
        l1_0.due_date,
        l1_0.loan_date,
        l1_0.notes,
        l1_0.purpose,
        l1_0.return_date,
        l1_0.status 
    from
        equipment_loans l1_0 
    where
        l1_0.equipment_id=?
2026-03-04T23:30:41.906+01:00 DEBUG 31200 --- [medical-service] [http-nio-18086-exec-10] org.hibernate.SQL                        : 
    select
        l1_0.equipment_id,
        l1_0.id,
        l1_0.borrower_id,
        l1_0.due_date,
        l1_0.loan_date,
        l1_0.notes,
        l1_0.purpose,
        l1_0.return_date,
        l1_0.status 
    from
        equipment_loans l1_0 
    where
        l1_0.equipment_id=?
2026-03-04T23:30:41.967+01:00 DEBUG 31200 --- [medical-service] [http-nio-18086-exec-10] org.hibernate.SQL                        : 
    select
        l1_0.equipment_id,
        l1_0.id,
        l1_0.borrower_id,
        l1_0.due_date,
        l1_0.loan_date,
        l1_0.notes,
        l1_0.purpose,
        l1_0.return_date,
        l1_0.status 
    from
        equipment_loans l1_0 
    where
        l1_0.equipment_id=?
2026-03-04T23:30:42.041+01:00 DEBUG 31200 --- [medical-service] [http-nio-18086-exec-10] org.hibernate.SQL                        : 
    select
        l1_0.equipment_id,
        l1_0.id,
        l1_0.borrower_id,
        l1_0.due_date,
        l1_0.loan_date,
        l1_0.notes,
        l1_0.purpose,
        l1_0.return_date,
        l1_0.status 
    from
        equipment_loans l1_0 
    where
        l1_0.equipment_id=?
2026-03-04T23:30:42.118+01:00 DEBUG 31200 --- [medical-service] [http-nio-18086-exec-10] org.hibernate.SQL                        : 
    select
        l1_0.equipment_id,
        l1_0.id,
        l1_0.borrower_id,
        l1_0.due_date,
        l1_0.loan_date,
        l1_0.notes,
        l1_0.purpose,
        l1_0.return_date,
        l1_0.status 
    from
        equipment_loans l1_0 
    where
        l1_0.equipment_id=?
2026-03-04T23:30:42.245+01:00 DEBUG 31200 --- [medical-service] [http-nio-18086-exec-10] .m.m.a.ExceptionHandlerExceptionResolver : Using @ExceptionHandler org.techhive.medicalservice.controller.GlobalExceptionHandler#handleAllExceptions(Exception)
2026-03-04T23:30:42.247+01:00 DEBUG 31200 --- [medical-service] [http-nio-18086-exec-10] o.s.w.s.m.m.a.HttpEntityMethodProcessor  : Using 'application/json', given [application/json, text/plain, */*] and supported [text/plain, */*, application/json, application/*+json]
2026-03-04T23:30:42.248+01:00 DEBUG 31200 --- [medical-service] [http-nio-18086-exec-10] o.s.w.s.m.m.a.HttpEntityMethodProcessor  : Writing ["org.springframework.dao.InvalidDataAccessApiUsageException: No enum constant org.techhive.medicalser (truncated)..."]
2026-03-04T23:30:42.250+01:00 DEBUG 31200 --- [medical-service] [http-nio-18086-exec-10] .m.m.a.ExceptionHandlerExceptionResolver : Resolved [org.springframework.dao.InvalidDataAccessApiUsageException: No enum constant org.techhive.medicalservice.entity.enums.EquipmentCategory.MONITORING]
2026-03-04T23:30:42.250+01:00 DEBUG 31200 --- [medical-service] [http-nio-18086-exec-10] o.s.web.servlet.DispatcherServlet        : Completed 500 INTERNAL_SERVER_ERROR
2026-03-04T23:30:45.688+01:00 DEBUG 31200 --- [medical-service] [http-nio-18086-exec-2] o.s.web.servlet.DispatcherServlet        : GET "/api/medical/loans/borrower/27", parameters={}
2026-03-04T23:30:45.688+01:00 DEBUG 31200 --- [medical-service] [http-nio-18086-exec-2] s.w.s.m.m.a.RequestMappingHandlerMapping : Mapped to org.techhive.medicalservice.controller.EquipmentLoanController#getLoansByBorrowerId(Long)
2026-03-04T23:30:45.747+01:00  INFO 31200 --- [medical-service] [http-nio-18086-exec-2] o.t.m.c.EquipmentLoanController          : Fetching loans for borrower ID: 27
2026-03-04T23:30:45.751+01:00 DEBUG 31200 --- [medical-service] [http-nio-18086-exec-2] org.hibernate.SQL                        : 
    select
        el1_0.id,
        el1_0.borrower_id,
        el1_0.due_date,
        el1_0.equipment_id,
        el1_0.loan_date,
        el1_0.notes,
        el1_0.purpose,
        el1_0.return_date,
        el1_0.status 
    from
        equipment_loans el1_0 
    where
        el1_0.borrower_id=?
2026-03-04T23:30:45.903+01:00 DEBUG 31200 --- [medical-service] [http-nio-18086-exec-2] o.s.w.s.m.m.a.HttpEntityMethodProcessor  : Using 'application/json', given [application/json, text/plain, */*] and supported [application/json, application/*+json]
2026-03-04T23:30:45.903+01:00 DEBUG 31200 --- [medical-service] [http-nio-18086-exec-2] o.s.w.s.m.m.a.HttpEntityMethodProcessor  : Writing [[]]
2026-03-04T23:30:45.904+01:00 DEBUG 31200 --- [medical-service] [http-nio-18086-exec-2] o.s.web.servlet.DispatcherServlet        : Completed 200 OK
2026-03-04T23:30:55.251+01:00 DEBUG 31200 --- [medical-service] [DiscoveryClient-HeartbeatExecutor-%d] o.s.web.client.RestTemplate              : HTTP PUT http://localhost:8761/eureka/apps/MEDICAL-SERVICE/DESKTOP-I0BIKTH:medical-service:18086?status=UP&lastDirtyTimestamp=1772663064808
2026-03-04T23:30:55.251+01:00 DEBUG 31200 --- [medical-service] [DiscoveryClient-HeartbeatExecutor-%d] o.s.web.client.RestTemplate              : Accept=[application/json, application/*+json]
2026-03-04T23:30:55.266+01:00 DEBUG 31200 --- [medical-service] [DiscoveryClient-CacheRefreshExecutor-%d] o.s.web.client.RestTemplate              : HTTP GET http://localhost:8761/eureka/apps/delta
2026-03-04T23:30:55.267+01:00 DEBUG 31200 --- [medical-service] [DiscoveryClient-CacheRefreshExecutor-%d] o.s.web.client.RestTemplate              : Accept=[application/json, application/*+json]
2026-03-04T23:30:55.268+01:00 DEBUG 31200 --- [medical-service] [DiscoveryClient-HeartbeatExecutor-%d] o.s.web.client.RestTemplate              : Response 200 OK
2026-03-04T23:30:55.284+01:00 DEBUG 31200 --- [medical-service] [DiscoveryClient-CacheRefreshExecutor-%d] o.s.web.client.RestTemplate              : Response 200 OK
2026-03-04T23:30:55.284+01:00 DEBUG 31200 --- [medical-service] [DiscoveryClient-CacheRefreshExecutor-%d] o.s.web.client.RestTemplate              : Reading to [org.springframework.cloud.netflix.eureka.http.EurekaApplications]
2026-03-04T23:31:25.270+01:00 DEBUG 31200 --- [medical-service] [DiscoveryClient-HeartbeatExecutor-%d] o.s.web.client.RestTemplate              : HTTP PUT http://localhost:8761/eureka/apps/MEDICAL-SERVICE/DESKTOP-I0BIKTH:medical-service:18086?status=UP&lastDirtyTimestamp=1772663064808
2026-03-04T23:31:25.270+01:00 DEBUG 31200 --- [medical-service] [DiscoveryClient-HeartbeatExecutor-%d] o.s.web.client.RestTemplate              : Accept=[application/json, application/*+json]
2026-03-04T23:31:25.285+01:00 DEBUG 31200 --- [medical-service] [DiscoveryClient-CacheRefreshExecutor-%d] o.s.web.client.RestTemplate              : HTTP GET http://localhost:8761/eureka/apps/delta
2026-03-04T23:31:25.285+01:00 DEBUG 31200 --- [medical-service] [DiscoveryClient-CacheRefreshExecutor-%d] o.s.web.client.RestTemplate              : Accept=[application/json, application/*+json]
2026-03-04T23:31:25.288+01:00 DEBUG 31200 --- [medical-service] [DiscoveryClient-HeartbeatExecutor-%d] o.s.web.client.RestTemplate              : Response 200 OK
2026-03-04T23:31:25.305+01:00 DEBUG 31200 --- [medical-service] [DiscoveryClient-CacheRefreshExecutor-%d] o.s.web.client.RestTemplate              : Response 200 OK
2026-03-04T23:31:25.305+01:00 DEBUG 31200 --- [medical-service] [DiscoveryClient-CacheRefreshExecutor-%d] o.s.web.client.RestTemplate              : Reading to [org.springframework.cloud.netflix.eureka.http.EurekaApplications]
2026-03-04T23:31:55.299+01:00 DEBUG 31200 --- [medical-service] [DiscoveryClient-HeartbeatExecutor-%d] o.s.web.client.RestTemplate              : HTTP PUT http://localhost:8761/eureka/apps/MEDICAL-SERVICE/DESKTOP-I0BIKTH:medical-service:18086?status=UP&lastDirtyTimestamp=1772663064808
2026-03-04T23:31:55.299+01:00 DEBUG 31200 --- [medical-service] [DiscoveryClient-HeartbeatExecutor-%d] o.s.web.client.RestTemplate              : Accept=[application/json, application/*+json]
2026-03-04T23:31:55.314+01:00 DEBUG 31200 --- [medical-service] [DiscoveryClient-CacheRefreshExecutor-%d] o.s.web.client.RestTemplate              : HTTP GET http://localhost:8761/eureka/apps/delta
2026-03-04T23:31:55.319+01:00 DEBUG 31200 --- [medical-service] [DiscoveryClient-CacheRefreshExecutor-%d] o.s.web.client.RestTemplate              : Accept=[application/json, application/*+json]
2026-03-04T23:31:55.322+01:00 DEBUG 31200 --- [medical-service] [DiscoveryClient-HeartbeatExecutor-%d] o.s.web.client.RestTemplate              : Response 200 OK
2026-03-04T23:31:55.331+01:00 DEBUG 31200 --- [medical-service] [DiscoveryClient-CacheRefreshExecutor-%d] o.s.web.client.RestTemplate              : Response 200 OK
2026-03-04T23:31:55.331+01:00 DEBUG 31200 --- [medical-service] [DiscoveryClient-CacheRefreshExecutor-%d] o.s.web.client.RestTemplate              : Reading to [org.springframework.cloud.netflix.eureka.http.EurekaApplications]
2026-03-04T23:32:25.325+01:00 DEBUG 31200 --- [medical-service] [DiscoveryClient-HeartbeatExecutor-%d] o.s.web.client.RestTemplate              : HTTP PUT http://localhost:8761/eureka/apps/MEDICAL-SERVICE/DESKTOP-I0BIKTH:medical-service:18086?status=UP&lastDirtyTimestamp=1772663064808
2026-03-04T23:32:25.325+01:00 DEBUG 31200 --- [medical-service] [DiscoveryClient-HeartbeatExecutor-%d] o.s.web.client.RestTemplate              : Accept=[application/json, application/*+json]
2026-03-04T23:32:25.340+01:00 DEBUG 31200 --- [medical-service] [DiscoveryClient-CacheRefreshExecutor-%d] o.s.web.client.RestTemplate              : HTTP GET http://localhost:8761/eureka/apps/delta
2026-03-04T23:32:25.340+01:00 DEBUG 31200 --- [medical-service] [DiscoveryClient-CacheRefreshExecutor-%d] o.s.web.client.RestTemplate              : Accept=[application/json, application/*+json]
2026-03-04T23:32:25.343+01:00 DEBUG 31200 --- [medical-service] [DiscoveryClient-HeartbeatExecutor-%d] o.s.web.client.RestTemplate              : Response 200 OK
2026-03-04T23:32:25.358+01:00 DEBUG 31200 --- [medical-service] [DiscoveryClient-CacheRefreshExecutor-%d] o.s.web.client.RestTemplate              : Response 200 OK
2026-03-04T23:32:25.359+01:00 DEBUG 31200 --- [medical-service] [DiscoveryClient-CacheRefreshExecutor-%d] o.s.web.client.RestTemplate              : Reading to [org.springframework.cloud.netflix.eureka.http.EurekaApplications]
2026-03-04T23:32:42.861+01:00 DEBUG 31200 --- [medical-service] [http-nio-18086-exec-3] o.s.web.servlet.DispatcherServlet        : GET "/api/medical/equipment", parameters={}
2026-03-04T23:32:42.861+01:00 DEBUG 31200 --- [medical-service] [http-nio-18086-exec-3] s.w.s.m.m.a.RequestMappingHandlerMapping : Mapped to org.techhive.medicalservice.controller.EquipmentController#getAllEquipment()
2026-03-04T23:32:42.926+01:00  INFO 31200 --- [medical-service] [http-nio-18086-exec-3] o.t.m.controller.EquipmentController     : Fetching all equipment
2026-03-04T23:32:42.927+01:00 DEBUG 31200 --- [medical-service] [http-nio-18086-exec-3] org.hibernate.SQL                        : 
    select
        e1_0.id,
        e1_0.category,
        e1_0.condition,
        e1_0.description,
        e1_0.donation_date,
        e1_0.donor_id,
        e1_0.name,
        e1_0.status 
    from
        equipments e1_0
2026-03-04T23:32:43.049+01:00 DEBUG 31200 --- [medical-service] [http-nio-18086-exec-3] org.hibernate.SQL                        : 
    select
        l1_0.equipment_id,
        l1_0.id,
        l1_0.borrower_id,
        l1_0.due_date,
        l1_0.loan_date,
        l1_0.notes,
        l1_0.purpose,
        l1_0.return_date,
        l1_0.status 
    from
        equipment_loans l1_0 
    where
        l1_0.equipment_id=?
2026-03-04T23:32:43.105+01:00 DEBUG 31200 --- [medical-service] [http-nio-18086-exec-3] org.hibernate.SQL                        : 
    select
        l1_0.equipment_id,
        l1_0.id,
        l1_0.borrower_id,
        l1_0.due_date,
        l1_0.loan_date,
        l1_0.notes,
        l1_0.purpose,
        l1_0.return_date,
        l1_0.status 
    from
        equipment_loans l1_0 
    where
        l1_0.equipment_id=?
2026-03-04T23:32:43.165+01:00 DEBUG 31200 --- [medical-service] [http-nio-18086-exec-3] org.hibernate.SQL                        : 
    select
        l1_0.equipment_id,
        l1_0.id,
        l1_0.borrower_id,
        l1_0.due_date,
        l1_0.loan_date,
        l1_0.notes,
        l1_0.purpose,
        l1_0.return_date,
        l1_0.status 
    from
        equipment_loans l1_0 
    where
        l1_0.equipment_id=?
2026-03-04T23:32:43.229+01:00 DEBUG 31200 --- [medical-service] [http-nio-18086-exec-3] org.hibernate.SQL                        : 
    select
        l1_0.equipment_id,
        l1_0.id,
        l1_0.borrower_id,
        l1_0.due_date,
        l1_0.loan_date,
        l1_0.notes,
        l1_0.purpose,
        l1_0.return_date,
        l1_0.status 
    from
        equipment_loans l1_0 
    where
        l1_0.equipment_id=?
2026-03-04T23:32:43.284+01:00 DEBUG 31200 --- [medical-service] [http-nio-18086-exec-3] org.hibernate.SQL                        : 
    select
        l1_0.equipment_id,
        l1_0.id,
        l1_0.borrower_id,
        l1_0.due_date,
        l1_0.loan_date,
        l1_0.notes,
        l1_0.purpose,
        l1_0.return_date,
        l1_0.status 
    from
        equipment_loans l1_0 
    where
        l1_0.equipment_id=?
2026-03-04T23:32:43.358+01:00 DEBUG 31200 --- [medical-service] [http-nio-18086-exec-3] org.hibernate.SQL                        : 
    select
        l1_0.equipment_id,
        l1_0.id,
        l1_0.borrower_id,
        l1_0.due_date,
        l1_0.loan_date,
        l1_0.notes,
        l1_0.purpose,
        l1_0.return_date,
        l1_0.status 
    from
        equipment_loans l1_0 
    where
        l1_0.equipment_id=?
2026-03-04T23:32:43.426+01:00 DEBUG 31200 --- [medical-service] [http-nio-18086-exec-3] org.hibernate.SQL                        : 
    select
        l1_0.equipment_id,
        l1_0.id,
        l1_0.borrower_id,
        l1_0.due_date,
        l1_0.loan_date,
        l1_0.notes,
        l1_0.purpose,
        l1_0.return_date,
        l1_0.status 
    from
        equipment_loans l1_0 
    where
        l1_0.equipment_id=?
2026-03-04T23:32:43.485+01:00 DEBUG 31200 --- [medical-service] [http-nio-18086-exec-3] org.hibernate.SQL                        : 
    select
        l1_0.equipment_id,
        l1_0.id,
        l1_0.borrower_id,
        l1_0.due_date,
        l1_0.loan_date,
        l1_0.notes,
        l1_0.purpose,
        l1_0.return_date,
        l1_0.status 
    from
        equipment_loans l1_0 
    where
        l1_0.equipment_id=?
2026-03-04T23:32:43.540+01:00 DEBUG 31200 --- [medical-service] [http-nio-18086-exec-3] org.hibernate.SQL                        : 
    select
        l1_0.equipment_id,
        l1_0.id,
        l1_0.borrower_id,
        l1_0.due_date,
        l1_0.loan_date,
        l1_0.notes,
        l1_0.purpose,
        l1_0.return_date,
        l1_0.status 
    from
        equipment_loans l1_0 
    where
        l1_0.equipment_id=?
2026-03-04T23:32:43.607+01:00 DEBUG 31200 --- [medical-service] [http-nio-18086-exec-3] org.hibernate.SQL                        : 
    select
        l1_0.equipment_id,
        l1_0.id,
        l1_0.borrower_id,
        l1_0.due_date,
        l1_0.loan_date,
        l1_0.notes,
        l1_0.purpose,
        l1_0.return_date,
        l1_0.status 
    from
        equipment_loans l1_0 
    where
        l1_0.equipment_id=?
2026-03-04T23:32:43.664+01:00 DEBUG 31200 --- [medical-service] [http-nio-18086-exec-3] org.hibernate.SQL                        : 
    select
        l1_0.equipment_id,
        l1_0.id,
        l1_0.borrower_id,
        l1_0.due_date,
        l1_0.loan_date,
        l1_0.notes,
        l1_0.purpose,
        l1_0.return_date,
        l1_0.status 
    from
        equipment_loans l1_0 
    where
        l1_0.equipment_id=?
2026-03-04T23:32:43.728+01:00 DEBUG 31200 --- [medical-service] [http-nio-18086-exec-3] org.hibernate.SQL                        : 
    select
        l1_0.equipment_id,
        l1_0.id,
        l1_0.borrower_id,
        l1_0.due_date,
        l1_0.loan_date,
        l1_0.notes,
        l1_0.purpose,
        l1_0.return_date,
        l1_0.status 
    from
        equipment_loans l1_0 
    where
        l1_0.equipment_id=?
2026-03-04T23:32:43.785+01:00 DEBUG 31200 --- [medical-service] [http-nio-18086-exec-3] org.hibernate.SQL                        : 
    select
        l1_0.equipment_id,
        l1_0.id,
        l1_0.borrower_id,
        l1_0.due_date,
        l1_0.loan_date,
        l1_0.notes,
        l1_0.purpose,
        l1_0.return_date,
        l1_0.status 
    from
        equipment_loans l1_0 
    where
        l1_0.equipment_id=?
2026-03-04T23:32:43.912+01:00 DEBUG 31200 --- [medical-service] [http-nio-18086-exec-3] .m.m.a.ExceptionHandlerExceptionResolver : Using @ExceptionHandler org.techhive.medicalservice.controller.GlobalExceptionHandler#handleAllExceptions(Exception)
2026-03-04T23:32:43.913+01:00 DEBUG 31200 --- [medical-service] [http-nio-18086-exec-3] o.s.w.s.m.m.a.HttpEntityMethodProcessor  : Using 'text/plain', given [*/*] and supported [text/plain, */*, application/json, application/*+json]
2026-03-04T23:32:43.913+01:00 DEBUG 31200 --- [medical-service] [http-nio-18086-exec-3] o.s.w.s.m.m.a.HttpEntityMethodProcessor  : Writing ["org.springframework.dao.InvalidDataAccessApiUsageException: No enum constant org.techhive.medicalser (truncated)..."]
2026-03-04T23:32:43.913+01:00 DEBUG 31200 --- [medical-service] [http-nio-18086-exec-3] .m.m.a.ExceptionHandlerExceptionResolver : Resolved [org.springframework.dao.InvalidDataAccessApiUsageException: No enum constant org.techhive.medicalservice.entity.enums.EquipmentCategory.MONITORING]
2026-03-04T23:32:43.914+01:00 DEBUG 31200 --- [medical-service] [http-nio-18086-exec-3] o.s.web.servlet.DispatcherServlet        : Completed 500 INTERNAL_SERVER_ERROR
2026-03-04T23:32:55.346+01:00 DEBUG 31200 --- [medical-service] [DiscoveryClient-HeartbeatExecutor-%d] o.s.web.client.RestTemplate              : HTTP PUT http://localhost:8761/eureka/apps/MEDICAL-SERVICE/DESKTOP-I0BIKTH:medical-service:18086?status=UP&lastDirtyTimestamp=1772663064808
2026-03-04T23:32:55.347+01:00 DEBUG 31200 --- [medical-service] [DiscoveryClient-HeartbeatExecutor-%d] o.s.web.client.RestTemplate              : Accept=[application/json, application/*+json]
2026-03-04T23:32:55.362+01:00 DEBUG 31200 --- [medical-service] [DiscoveryClient-CacheRefreshExecutor-%d] o.s.web.client.RestTemplate              : HTTP GET http://localhost:8761/eureka/apps/delta
2026-03-04T23:32:55.363+01:00 DEBUG 31200 --- [medical-service] [DiscoveryClient-CacheRefreshExecutor-%d] o.s.web.client.RestTemplate              : Accept=[application/json, application/*+json]
2026-03-04T23:32:55.364+01:00 DEBUG 31200 --- [medical-service] [DiscoveryClient-HeartbeatExecutor-%d] o.s.web.client.RestTemplate              : Response 200 OK
2026-03-04T23:32:55.380+01:00 DEBUG 31200 --- [medical-service] [DiscoveryClient-CacheRefreshExecutor-%d] o.s.web.client.RestTemplate              : Response 200 OK
2026-03-04T23:32:55.380+01:00 DEBUG 31200 --- [medical-service] [DiscoveryClient-CacheRefreshExecutor-%d] o.s.web.client.RestTemplate              : Reading to [org.springframework.cloud.netflix.eureka.http.EurekaApplications]
2026-03-04T23:33:25.376+01:00 DEBUG 31200 --- [medical-service] [DiscoveryClient-HeartbeatExecutor-%d] o.s.web.client.RestTemplate              : HTTP PUT http://localhost:8761/eureka/apps/MEDICAL-SERVICE/DESKTOP-I0BIKTH:medical-service:18086?status=UP&lastDirtyTimestamp=1772663064808
2026-03-04T23:33:25.377+01:00 DEBUG 31200 --- [medical-service] [DiscoveryClient-HeartbeatExecutor-%d] o.s.web.client.RestTemplate              : Accept=[application/json, application/*+json]
2026-03-04T23:33:25.392+01:00 DEBUG 31200 --- [medical-service] [DiscoveryClient-CacheRefreshExecutor-%d] o.s.web.client.RestTemplate              : HTTP GET http://localhost:8761/eureka/apps/delta
2026-03-04T23:33:25.392+01:00 DEBUG 31200 --- [medical-service] [DiscoveryClient-CacheRefreshExecutor-%d] o.s.web.client.RestTemplate              : Accept=[application/json, application/*+json]
2026-03-04T23:33:25.395+01:00 DEBUG 31200 --- [medical-service] [DiscoveryClient-HeartbeatExecutor-%d] o.s.web.client.RestTemplate              : Response 200 OK
2026-03-04T23:33:25.410+01:00 DEBUG 31200 --- [medical-service] [DiscoveryClient-CacheRefreshExecutor-%d] o.s.web.client.RestTemplate              : Response 200 OK
2026-03-04T23:33:25.410+01:00 DEBUG 31200 --- [medical-service] [DiscoveryClient-CacheRefreshExecutor-%d] o.s.web.client.RestTemplate              : Reading to [org.springframework.cloud.netflix.eureka.http.EurekaApplications]
2026-03-04T23:33:55.400+01:00 DEBUG 31200 --- [medical-service] [DiscoveryClient-HeartbeatExecutor-%d] o.s.web.client.RestTemplate              : HTTP PUT http://localhost:8761/eureka/apps/MEDICAL-SERVICE/DESKTOP-I0BIKTH:medical-service:18086?status=UP&lastDirtyTimestamp=1772663064808
2026-03-04T23:33:55.401+01:00 DEBUG 31200 --- [medical-service] [DiscoveryClient-HeartbeatExecutor-%d] o.s.web.client.RestTemplate              : Accept=[application/json, application/*+json]
2026-03-04T23:33:55.415+01:00 DEBUG 31200 --- [medical-service] [DiscoveryClient-CacheRefreshExecutor-%d] o.s.web.client.RestTemplate              : HTTP GET http://localhost:8761/eureka/apps/delta
2026-03-04T23:33:55.415+01:00 DEBUG 31200 --- [medical-service] [DiscoveryClient-CacheRefreshExecutor-%d] o.s.web.client.RestTemplate              : Accept=[application/json, application/*+json]
2026-03-04T23:33:55.417+01:00 DEBUG 31200 --- [medical-service] [DiscoveryClient-HeartbeatExecutor-%d] o.s.web.client.RestTemplate              : Response 200 OK
2026-03-04T23:33:55.433+01:00 DEBUG 31200 --- [medical-service] [DiscoveryClient-CacheRefreshExecutor-%d] o.s.web.client.RestTemplate              : Response 200 OK
2026-03-04T23:33:55.433+01:00 DEBUG 31200 --- [medical-service] [DiscoveryClient-CacheRefreshExecutor-%d] o.s.web.client.RestTemplate              : Reading to [org.springframework.cloud.netflix.eureka.http.EurekaApplications]
2026-03-04T23:34:24.307+01:00  INFO 31200 --- [medical-service] [AsyncResolver-bootstrap-executor-%d] c.n.d.s.r.aws.ConfigClusterResolver      : Resolving eureka endpoints via configuration
2026-03-04T23:34:25.424+01:00 DEBUG 31200 --- [medical-service] [DiscoveryClient-HeartbeatExecutor-%d] o.s.web.client.RestTemplate              : HTTP PUT http://localhost:8761/eureka/apps/MEDICAL-SERVICE/DESKTOP-I0BIKTH:medical-service:18086?status=UP&lastDirtyTimestamp=1772663064808
2026-03-04T23:34:25.425+01:00 DEBUG 31200 --- [medical-service] [DiscoveryClient-HeartbeatExecutor-%d] o.s.web.client.RestTemplate              : Accept=[application/json, application/*+json]
2026-03-04T23:34:25.440+01:00 DEBUG 31200 --- [medical-service] [DiscoveryClient-CacheRefreshExecutor-%d] o.s.web.client.RestTemplate              : HTTP GET http://localhost:8761/eureka/apps/delta
2026-03-04T23:34:25.440+01:00 DEBUG 31200 --- [medical-service] [DiscoveryClient-CacheRefreshExecutor-%d] o.s.web.client.RestTemplate              : Accept=[application/json, application/*+json]
2026-03-04T23:34:25.442+01:00 DEBUG 31200 --- [medical-service] [DiscoveryClient-HeartbeatExecutor-%d] o.s.web.client.RestTemplate              : Response 200 OK
2026-03-04T23:34:25.457+01:00 DEBUG 31200 --- [medical-service] [DiscoveryClient-CacheRefreshExecutor-%d] o.s.web.client.RestTemplate              : Response 200 OK
2026-03-04T23:34:25.457+01:00 DEBUG 31200 --- [medical-service] [DiscoveryClient-CacheRefreshExecutor-%d] o.s.web.client.RestTemplate              : Reading to [org.springframework.cloud.netflix.eureka.http.EurekaApplications]
2026-03-04T23:34:55.451+01:00 DEBUG 31200 --- [medical-service] [DiscoveryClient-HeartbeatExecutor-%d] o.s.web.client.RestTemplate              : HTTP PUT http://localhost:8761/eureka/apps/MEDICAL-SERVICE/DESKTOP-I0BIKTH:medical-service:18086?status=UP&lastDirtyTimestamp=1772663064808
2026-03-04T23:34:55.452+01:00 DEBUG 31200 --- [medical-service] [DiscoveryClient-HeartbeatExecutor-%d] o.s.web.client.RestTemplate              : Accept=[application/json, application/*+json]
2026-03-04T23:34:55.467+01:00 DEBUG 31200 --- [medical-service] [DiscoveryClient-CacheRefreshExecutor-%d] o.s.web.client.RestTemplate              : HTTP GET http://localhost:8761/eureka/apps/delta
2026-03-04T23:34:55.468+01:00 DEBUG 31200 --- [medical-service] [DiscoveryClient-CacheRefreshExecutor-%d] o.s.web.client.RestTemplate              : Accept=[application/json, application/*+json]
2026-03-04T23:34:55.469+01:00 DEBUG 31200 --- [medical-service] [DiscoveryClient-HeartbeatExecutor-%d] o.s.web.client.RestTemplate              : Response 200 OK
2026-03-04T23:34:55.485+01:00 DEBUG 31200 --- [medical-service] [DiscoveryClient-CacheRefreshExecutor-%d] o.s.web.client.RestTemplate              : Response 200 OK
2026-03-04T23:34:55.485+01:00 DEBUG 31200 --- [medical-service] [DiscoveryClient-CacheRefreshExecutor-%d] o.s.web.client.RestTemplate              : Reading to [org.springframework.cloud.netflix.eureka.http.EurekaApplications]
2026-03-04T23:35:25.469+01:00 DEBUG 31200 --- [medical-service] [DiscoveryClient-HeartbeatExecutor-%d] o.s.web.client.RestTemplate              : HTTP PUT http://localhost:8761/eureka/apps/MEDICAL-SERVICE/DESKTOP-I0BIKTH:medical-service:18086?status=UP&lastDirtyTimestamp=1772663064808
2026-03-04T23:35:25.470+01:00 DEBUG 31200 --- [medical-service] [DiscoveryClient-HeartbeatExecutor-%d] o.s.web.client.RestTemplate              : Accept=[application/json, application/*+json]
2026-03-04T23:35:25.488+01:00 DEBUG 31200 --- [medical-service] [DiscoveryClient-HeartbeatExecutor-%d] o.s.web.client.RestTemplate              : Response 200 OK
2026-03-04T23:35:25.489+01:00 DEBUG 31200 --- [medical-service] [DiscoveryClient-CacheRefreshExecutor-%d] o.s.web.client.RestTemplate              : HTTP GET http://localhost:8761/eureka/apps/delta
2026-03-04T23:35:25.489+01:00 DEBUG 31200 --- [medical-service] [DiscoveryClient-CacheRefreshExecutor-%d] o.s.web.client.RestTemplate              : Accept=[application/json, application/*+json]
2026-03-04T23:35:25.504+01:00 DEBUG 31200 --- [medical-service] [DiscoveryClient-CacheRefreshExecutor-%d] o.s.web.client.RestTemplate              : Response 200 OK
2026-03-04T23:35:25.504+01:00 DEBUG 31200 --- [medical-service] [DiscoveryClient-CacheRefreshExecutor-%d] o.s.web.client.RestTemplate              : Reading to [org.springframework.cloud.netflix.eureka.http.EurekaApplications]
2026-03-04T23:35:55.505+01:00 DEBUG 31200 --- [medical-service] [DiscoveryClient-HeartbeatExecutor-%d] o.s.web.client.RestTemplate              : HTTP PUT http://localhost:8761/eureka/apps/MEDICAL-SERVICE/DESKTOP-I0BIKTH:medical-service:18086?status=UP&lastDirtyTimestamp=1772663064808
2026-03-04T23:35:55.506+01:00 DEBUG 31200 --- [medical-service] [DiscoveryClient-HeartbeatExecutor-%d] o.s.web.client.RestTemplate              : Accept=[application/json, application/*+json]
2026-03-04T23:35:55.520+01:00 DEBUG 31200 --- [medical-service] [DiscoveryClient-CacheRefreshExecutor-%d] o.s.web.client.RestTemplate              : HTTP GET http://localhost:8761/eureka/apps/delta
2026-03-04T23:35:55.521+01:00 DEBUG 31200 --- [medical-service] [DiscoveryClient-CacheRefreshExecutor-%d] o.s.web.client.RestTemplate              : Accept=[application/json, application/*+json]
2026-03-04T23:35:55.523+01:00 DEBUG 31200 --- [medical-service] [DiscoveryClient-HeartbeatExecutor-%d] o.s.web.client.RestTemplate              : Response 200 OK
2026-03-04T23:35:55.537+01:00 DEBUG 31200 --- [medical-service] [DiscoveryClient-CacheRefreshExecutor-%d] o.s.web.client.RestTemplate              : Response 200 OK
2026-03-04T23:35:55.537+01:00 DEBUG 31200 --- [medical-service] [DiscoveryClient-CacheRefreshExecutor-%d] o.s.web.client.RestTemplate              : Reading to [org.springframework.cloud.netflix.eureka.http.EurekaApplications]
2026-03-04T23:35:58.846+01:00 DEBUG 31200 --- [medical-service] [http-nio-18086-exec-7] o.s.web.servlet.DispatcherServlet        : GET "/api/medical/loans/borrower/27", parameters={}
2026-03-04T23:35:58.846+01:00 DEBUG 31200 --- [medical-service] [http-nio-18086-exec-6] o.s.web.servlet.DispatcherServlet        : GET "/api/medical/loans/borrower/27/active", parameters={}
2026-03-04T23:35:58.846+01:00 DEBUG 31200 --- [medical-service] [http-nio-18086-exec-6] s.w.s.m.m.a.RequestMappingHandlerMapping : Mapped to org.techhive.medicalservice.controller.EquipmentLoanController#getActiveLoansByBorrower(Long)
2026-03-04T23:35:58.846+01:00 DEBUG 31200 --- [medical-service] [http-nio-18086-exec-7] s.w.s.m.m.a.RequestMappingHandlerMapping : Mapped to org.techhive.medicalservice.controller.EquipmentLoanController#getLoansByBorrowerId(Long)
2026-03-04T23:35:58.847+01:00 DEBUG 31200 --- [medical-service] [http-nio-18086-exec-4] o.s.web.servlet.DispatcherServlet        : GET "/api/medical/equipment", parameters={}
2026-03-04T23:35:58.847+01:00 DEBUG 31200 --- [medical-service] [http-nio-18086-exec-4] s.w.s.m.m.a.RequestMappingHandlerMapping : Mapped to org.techhive.medicalservice.controller.EquipmentController#getAllEquipment()
2026-03-04T23:35:58.910+01:00  INFO 31200 --- [medical-service] [http-nio-18086-exec-6] o.t.m.c.EquipmentLoanController          : Fetching active loans for borrower ID: 27
2026-03-04T23:35:58.910+01:00  INFO 31200 --- [medical-service] [http-nio-18086-exec-4] o.t.m.controller.EquipmentController     : Fetching all equipment
2026-03-04T23:35:58.912+01:00 DEBUG 31200 --- [medical-service] [http-nio-18086-exec-4] org.hibernate.SQL                        : 
    select
        e1_0.id,
        e1_0.category,
        e1_0.condition,
        e1_0.description,
        e1_0.donation_date,
        e1_0.donor_id,
        e1_0.name,
        e1_0.status 
    from
        equipments e1_0
2026-03-04T23:35:58.912+01:00 DEBUG 31200 --- [medical-service] [http-nio-18086-exec-6] org.hibernate.SQL                        : 
    select
        el1_0.id,
        el1_0.borrower_id,
        el1_0.due_date,
        el1_0.equipment_id,
        el1_0.loan_date,
        el1_0.notes,
        el1_0.purpose,
        el1_0.return_date,
        el1_0.status 
    from
        equipment_loans el1_0 
    where
        el1_0.borrower_id=? 
        and el1_0.status=?
2026-03-04T23:35:58.912+01:00  INFO 31200 --- [medical-service] [http-nio-18086-exec-7] o.t.m.c.EquipmentLoanController          : Fetching loans for borrower ID: 27
2026-03-04T23:35:58.914+01:00 DEBUG 31200 --- [medical-service] [http-nio-18086-exec-7] org.hibernate.SQL                        : 
    select
        el1_0.id,
        el1_0.borrower_id,
        el1_0.due_date,
        el1_0.equipment_id,
        el1_0.loan_date,
        el1_0.notes,
        el1_0.purpose,
        el1_0.return_date,
        el1_0.status 
    from
        equipment_loans el1_0 
    where
        el1_0.borrower_id=?
2026-03-04T23:35:59.025+01:00 DEBUG 31200 --- [medical-service] [http-nio-18086-exec-4] o.s.w.s.m.m.a.HttpEntityMethodProcessor  : Using 'application/json', given [application/json, text/plain, */*] and supported [application/json, application/*+json]
2026-03-04T23:35:59.025+01:00 DEBUG 31200 --- [medical-service] [http-nio-18086-exec-4] o.s.w.s.m.m.a.HttpEntityMethodProcessor  : Writing [[]]
2026-03-04T23:35:59.026+01:00 DEBUG 31200 --- [medical-service] [http-nio-18086-exec-4] o.s.web.servlet.DispatcherServlet        : Completed 200 OK
2026-03-04T23:35:59.057+01:00 DEBUG 31200 --- [medical-service] [http-nio-18086-exec-6] o.s.w.s.m.m.a.HttpEntityMethodProcessor  : Using 'application/json', given [application/json, text/plain, */*] and supported [application/json, application/*+json]
2026-03-04T23:35:59.057+01:00 DEBUG 31200 --- [medical-service] [http-nio-18086-exec-6] o.s.w.s.m.m.a.HttpEntityMethodProcessor  : Writing [[]]
2026-03-04T23:35:59.059+01:00 DEBUG 31200 --- [medical-service] [http-nio-18086-exec-6] o.s.web.servlet.DispatcherServlet        : Completed 200 OK
2026-03-04T23:35:59.062+01:00 DEBUG 31200 --- [medical-service] [http-nio-18086-exec-7] o.s.w.s.m.m.a.HttpEntityMethodProcessor  : Using 'application/json', given [application/json, text/plain, */*] and supported [application/json, application/*+json]
2026-03-04T23:35:59.062+01:00 DEBUG 31200 --- [medical-service] [http-nio-18086-exec-7] o.s.w.s.m.m.a.HttpEntityMethodProcessor  : Writing [[]]
2026-03-04T23:35:59.063+01:00 DEBUG 31200 --- [medical-service] [http-nio-18086-exec-7] o.s.web.servlet.DispatcherServlet        : Completed 200 OK
2026-03-04T23:36:25.529+01:00 DEBUG 31200 --- [medical-service] [DiscoveryClient-HeartbeatExecutor-%d] o.s.web.client.RestTemplate              : HTTP PUT http://localhost:8761/eureka/apps/MEDICAL-SERVICE/DESKTOP-I0BIKTH:medical-service:18086?status=UP&lastDirtyTimestamp=1772663064808
2026-03-04T23:36:25.530+01:00 DEBUG 31200 --- [medical-service] [DiscoveryClient-HeartbeatExecutor-%d] o.s.web.client.RestTemplate              : Accept=[application/json, application/*+json]
2026-03-04T23:36:25.546+01:00 DEBUG 31200 --- [medical-service] [DiscoveryClient-CacheRefreshExecutor-%d] o.s.web.client.RestTemplate              : HTTP GET http://localhost:8761/eureka/apps/delta
2026-03-04T23:36:25.546+01:00 DEBUG 31200 --- [medical-service] [DiscoveryClient-CacheRefreshExecutor-%d] o.s.web.client.RestTemplate              : Accept=[application/json, application/*+json]
2026-03-04T23:36:25.548+01:00 DEBUG 31200 --- [medical-service] [DiscoveryClient-HeartbeatExecutor-%d] o.s.web.client.RestTemplate              : Response 200 OK
2026-03-04T23:36:25.563+01:00 DEBUG 31200 --- [medical-service] [DiscoveryClient-CacheRefreshExecutor-%d] o.s.web.client.RestTemplate              : Response 200 OK
2026-03-04T23:36:25.563+01:00 DEBUG 31200 --- [medical-service] [DiscoveryClient-CacheRefreshExecutor-%d] o.s.web.client.RestTemplate              : Reading to [org.springframework.cloud.netflix.eureka.http.EurekaApplications]
2026-03-04T23:36:55.550+01:00 DEBUG 31200 --- [medical-service] [DiscoveryClient-HeartbeatExecutor-%d] o.s.web.client.RestTemplate              : HTTP PUT http://localhost:8761/eureka/apps/MEDICAL-SERVICE/DESKTOP-I0BIKTH:medical-service:18086?status=UP&lastDirtyTimestamp=1772663064808
2026-03-04T23:36:55.550+01:00 DEBUG 31200 --- [medical-service] [DiscoveryClient-HeartbeatExecutor-%d] o.s.web.client.RestTemplate              : Accept=[application/json, application/*+json]
2026-03-04T23:36:55.566+01:00 DEBUG 31200 --- [medical-service] [DiscoveryClient-CacheRefreshExecutor-%d] o.s.web.client.RestTemplate              : HTTP GET http://localhost:8761/eureka/apps/delta
2026-03-04T23:36:55.568+01:00 DEBUG 31200 --- [medical-service] [DiscoveryClient-CacheRefreshExecutor-%d] o.s.web.client.RestTemplate              : Accept=[application/json, application/*+json]
2026-03-04T23:36:55.573+01:00 DEBUG 31200 --- [medical-service] [DiscoveryClient-HeartbeatExecutor-%d] o.s.web.client.RestTemplate              : Response 200 OK
2026-03-04T23:36:55.585+01:00 DEBUG 31200 --- [medical-service] [DiscoveryClient-CacheRefreshExecutor-%d] o.s.web.client.RestTemplate              : Response 200 OK
2026-03-04T23:36:55.585+01:00 DEBUG 31200 --- [medical-service] [DiscoveryClient-CacheRefreshExecutor-%d] o.s.web.client.RestTemplate              : Reading to [org.springframework.cloud.netflix.eureka.http.EurekaApplications]
2026-03-04T23:37:25.579+01:00 DEBUG 31200 --- [medical-service] [DiscoveryClient-HeartbeatExecutor-%d] o.s.web.client.RestTemplate              : HTTP PUT http://localhost:8761/eureka/apps/MEDICAL-SERVICE/DESKTOP-I0BIKTH:medical-service:18086?status=UP&lastDirtyTimestamp=1772663064808
2026-03-04T23:37:25.579+01:00 DEBUG 31200 --- [medical-service] [DiscoveryClient-HeartbeatExecutor-%d] o.s.web.client.RestTemplate              : Accept=[application/json, application/*+json]
2026-03-04T23:37:25.597+01:00 DEBUG 31200 --- [medical-service] [DiscoveryClient-HeartbeatExecutor-%d] o.s.web.client.RestTemplate              : Response 200 OK
2026-03-04T23:37:25.600+01:00 DEBUG 31200 --- [medical-service] [DiscoveryClient-CacheRefreshExecutor-%d] o.s.web.client.RestTemplate              : HTTP GET http://localhost:8761/eureka/apps/delta
2026-03-04T23:37:25.605+01:00 DEBUG 31200 --- [medical-service] [DiscoveryClient-CacheRefreshExecutor-%d] o.s.web.client.RestTemplate              : Accept=[application/json, application/*+json]
2026-03-04T23:37:25.610+01:00 DEBUG 31200 --- [medical-service] [DiscoveryClient-CacheRefreshExecutor-%d] o.s.web.client.RestTemplate              : Response 200 OK
2026-03-04T23:37:25.610+01:00 DEBUG 31200 --- [medical-service] [DiscoveryClient-CacheRefreshExecutor-%d] o.s.web.client.RestTemplate              : Reading to [org.springframework.cloud.netflix.eureka.http.EurekaApplications]
2026-03-04T23:37:55.600+01:00 DEBUG 31200 --- [medical-service] [DiscoveryClient-HeartbeatExecutor-%d] o.s.web.client.RestTemplate              : HTTP PUT http://localhost:8761/eureka/apps/MEDICAL-SERVICE/DESKTOP-I0BIKTH:medical-service:18086?status=UP&lastDirtyTimestamp=1772663064808
2026-03-04T23:37:55.600+01:00 DEBUG 31200 --- [medical-service] [DiscoveryClient-HeartbeatExecutor-%d] o.s.web.client.RestTemplate              : Accept=[application/json, application/*+json]
2026-03-04T23:37:55.615+01:00 DEBUG 31200 --- [medical-service] [DiscoveryClient-CacheRefreshExecutor-%d] o.s.web.client.RestTemplate              : HTTP GET http://localhost:8761/eureka/apps/delta
2026-03-04T23:37:55.615+01:00 DEBUG 31200 --- [medical-service] [DiscoveryClient-CacheRefreshExecutor-%d] o.s.web.client.RestTemplate              : Accept=[application/json, application/*+json]
2026-03-04T23:37:55.616+01:00 DEBUG 31200 --- [medical-service] [DiscoveryClient-HeartbeatExecutor-%d] o.s.web.client.RestTemplate              : Response 200 OK
2026-03-04T23:37:55.631+01:00 DEBUG 31200 --- [medical-service] [DiscoveryClient-CacheRefreshExecutor-%d] o.s.web.client.RestTemplate              : Response 200 OK
2026-03-04T23:37:55.632+01:00 DEBUG 31200 --- [medical-service] [DiscoveryClient-CacheRefreshExecutor-%d] o.s.web.client.RestTemplate              : Reading to [org.springframework.cloud.netflix.eureka.http.EurekaApplications]
2026-03-04T23:38:25.624+01:00 DEBUG 31200 --- [medical-service] [DiscoveryClient-HeartbeatExecutor-%d] o.s.web.client.RestTemplate              : HTTP PUT http://localhost:8761/eureka/apps/MEDICAL-SERVICE/DESKTOP-I0BIKTH:medical-service:18086?status=UP&lastDirtyTimestamp=1772663064808
2026-03-04T23:38:25.624+01:00 DEBUG 31200 --- [medical-service] [DiscoveryClient-HeartbeatExecutor-%d] o.s.web.client.RestTemplate              : Accept=[application/json, application/*+json]
2026-03-04T23:38:25.639+01:00 DEBUG 31200 --- [medical-service] [DiscoveryClient-CacheRefreshExecutor-%d] o.s.web.client.RestTemplate              : HTTP GET http://localhost:8761/eureka/apps/delta
2026-03-04T23:38:25.640+01:00 DEBUG 31200 --- [medical-service] [DiscoveryClient-CacheRefreshExecutor-%d] o.s.web.client.RestTemplate              : Accept=[application/json, application/*+json]
2026-03-04T23:38:25.641+01:00 DEBUG 31200 --- [medical-service] [DiscoveryClient-HeartbeatExecutor-%d] o.s.web.client.RestTemplate              : Response 200 OK
2026-03-04T23:38:25.656+01:00 DEBUG 31200 --- [medical-service] [DiscoveryClient-CacheRefreshExecutor-%d] o.s.web.client.RestTemplate              : Response 200 OK
2026-03-04T23:38:25.657+01:00 DEBUG 31200 --- [medical-service] [DiscoveryClient-CacheRefreshExecutor-%d] o.s.web.client.RestTemplate              : Reading to [org.springframework.cloud.netflix.eureka.http.EurekaApplications]
2026-03-04T23:38:32.220+01:00  INFO 31200 --- [medical-service] [SpringApplicationShutdownHook] o.s.c.n.e.s.EurekaServiceRegistry        : Unregistering application MEDICAL-SERVICE with eureka with status DOWN
2026-03-04T23:38:32.221+01:00  INFO 31200 --- [medical-service] [SpringApplicationShutdownHook] com.netflix.discovery.DiscoveryClient    : Saw local status change event StatusChangeEvent [timestamp=1772663912220, current=DOWN, previous=UP]
2026-03-04T23:38:32.221+01:00  INFO 31200 --- [medical-service] [DiscoveryClient-InstanceInfoReplicator-%d] com.netflix.discovery.DiscoveryClient    : DiscoveryClient_MEDICAL-SERVICE/DESKTOP-I0BIKTH:medical-service:18086: registering service...
2026-03-04T23:38:32.221+01:00 DEBUG 31200 --- [medical-service] [DiscoveryClient-InstanceInfoReplicator-%d] o.s.web.client.RestTemplate              : HTTP POST http://localhost:8761/eureka/apps/MEDICAL-SERVICE
2026-03-04T23:38:32.221+01:00 DEBUG 31200 --- [medical-service] [DiscoveryClient-InstanceInfoReplicator-%d] o.s.web.client.RestTemplate              : Accept=[application/json, application/*+json]
2026-03-04T23:38:32.221+01:00 DEBUG 31200 --- [medical-service] [DiscoveryClient-InstanceInfoReplicator-%d] o.s.web.client.RestTemplate              : Writing [InstanceInfo [instanceId = DESKTOP-I0BIKTH:medical-service:18086, appName = MEDICAL-SERVICE, hostName = DESKTOP-I0BIKTH, status = DOWN, ipAddr = 192.168.3.1, port = 18086, securePort = 443, dataCenterInfo = com.netflix.appinfo.MyDataCenterInfo@61ab2bcc] as "application/json"
2026-03-04T23:38:32.238+01:00  INFO 31200 --- [medical-service] [SpringApplicationShutdownHook] j.LocalContainerEntityManagerFactoryBean : Closing JPA EntityManagerFactory for persistence unit 'default'
2026-03-04T23:38:32.243+01:00 DEBUG 31200 --- [medical-service] [DiscoveryClient-InstanceInfoReplicator-%d] o.s.web.client.RestTemplate              : Response 204 NO_CONTENT
2026-03-04T23:38:32.243+01:00  INFO 31200 --- [medical-service] [SpringApplicationShutdownHook] com.zaxxer.hikari.HikariDataSource       : HikariPool-1 - Shutdown initiated...
2026-03-04T23:38:32.243+01:00  INFO 31200 --- [medical-service] [DiscoveryClient-InstanceInfoReplicator-%d] com.netflix.discovery.DiscoveryClient    : DiscoveryClient_MEDICAL-SERVICE/DESKTOP-I0BIKTH:medical-service:18086 - registration status: 204
2026-03-04T23:38:32.843+01:00  INFO 31200 --- [medical-service] [SpringApplicationShutdownHook] com.zaxxer.hikari.HikariDataSource       : HikariPool-1 - Shutdown completed.
2026-03-04T23:38:32.844+01:00  INFO 31200 --- [medical-service] [SpringApplicationShutdownHook] com.netflix.discovery.DiscoveryClient    : Shutting down DiscoveryClient ...
2026-03-04T23:38:35.846+01:00  INFO 31200 --- [medical-service] [SpringApplicationShutdownHook] com.netflix.discovery.DiscoveryClient    : Unregistering ...
2026-03-04T23:38:35.847+01:00 DEBUG 31200 --- [medical-service] [SpringApplicationShutdownHook] o.s.web.client.RestTemplate              : HTTP DELETE http://localhost:8761/eureka/apps/MEDICAL-SERVICE/DESKTOP-I0BIKTH:medical-service:18086
2026-03-04T23:38:35.848+01:00 DEBUG 31200 --- [medical-service] [SpringApplicationShutdownHook] o.s.web.client.RestTemplate              : Accept=[application/json, application/*+json]
2026-03-04T23:38:35.866+01:00 DEBUG 31200 --- [medical-service] [SpringApplicationShutdownHook] o.s.web.client.RestTemplate              : Response 200 OK
2026-03-04T23:38:35.866+01:00  INFO 31200 --- [medical-service] [SpringApplicationShutdownHook] com.netflix.discovery.DiscoveryClient    : DiscoveryClient_MEDICAL-SERVICE/DESKTOP-I0BIKTH:medical-service:18086 - deregister  status: 200
2026-03-04T23:38:35.867+01:00  INFO 31200 --- [medical-service] [SpringApplicationShutdownHook] com.netflix.discovery.DiscoveryClient    : Completed shut down of DiscoveryClient
2026-03-04T23:38:42.598+01:00  INFO 33404 --- [medical-service] [main] o.t.m.MedicalServiceApplication          : Starting MedicalServiceApplication using Java 21.0.2 with PID 33404 (C:\Users\Lenovo\OneDrive - ESPRIT\Documents\GitHub\ESPRIT-PI-4SAE11-2026-Tfakkarni\backend\medical-service\target\classes started by Lenovo in C:\Users\Lenovo\OneDrive - ESPRIT\Documents\GitHub\ESPRIT-PI-4SAE11-2026-Tfakkarni\backend)
2026-03-04T23:38:42.602+01:00  INFO 33404 --- [medical-service] [main] o.t.m.MedicalServiceApplication          : No active profile set, falling back to 1 default profile: "default"
2026-03-04T23:38:43.991+01:00  INFO 33404 --- [medical-service] [main] .s.d.r.c.RepositoryConfigurationDelegate : Bootstrapping Spring Data JPA repositories in DEFAULT mode.
2026-03-04T23:38:44.190+01:00  INFO 33404 --- [medical-service] [main] .s.d.r.c.RepositoryConfigurationDelegate : Finished Spring Data repository scanning in 191 ms. Found 2 JPA repository interfaces.
2026-03-04T23:38:44.474+01:00  INFO 33404 --- [medical-service] [main] o.s.cloud.context.scope.GenericScope     : BeanFactory id=6094d7b7-ad19-38dc-89bb-c80e5295751a
2026-03-04T23:38:44.943+01:00  INFO 33404 --- [medical-service] [main] o.s.b.w.embedded.tomcat.TomcatWebServer  : Tomcat initialized with port 18086 (http)
2026-03-04T23:38:44.966+01:00  INFO 33404 --- [medical-service] [main] o.apache.catalina.core.StandardService   : Starting service [Tomcat]
2026-03-04T23:38:44.966+01:00  INFO 33404 --- [medical-service] [main] o.apache.catalina.core.StandardEngine    : Starting Servlet engine: [Apache Tomcat/10.1.33]
2026-03-04T23:38:45.070+01:00  INFO 33404 --- [medical-service] [main] o.a.c.c.C.[Tomcat].[localhost].[/]       : Initializing Spring embedded WebApplicationContext
2026-03-04T23:38:45.070+01:00  INFO 33404 --- [medical-service] [main] w.s.c.ServletWebServerApplicationContext : Root WebApplicationContext: initialization completed in 2380 ms
2026-03-04T23:38:45.303+01:00  INFO 33404 --- [medical-service] [main] o.hibernate.jpa.internal.util.LogHelper  : HHH000204: Processing PersistenceUnitInfo [name: default]
2026-03-04T23:38:45.402+01:00  INFO 33404 --- [medical-service] [main] org.hibernate.Version                    : HHH000412: Hibernate ORM core version 6.5.3.Final
2026-03-04T23:38:45.446+01:00  INFO 33404 --- [medical-service] [main] o.h.c.internal.RegionFactoryInitiator    : HHH000026: Second-level cache disabled
2026-03-04T23:38:45.835+01:00  INFO 33404 --- [medical-service] [main] o.s.o.j.p.SpringPersistenceUnitInfo      : No LoadTimeWeaver setup: ignoring JPA class transformer
2026-03-04T23:38:45.883+01:00  INFO 33404 --- [medical-service] [main] com.zaxxer.hikari.HikariDataSource       : HikariPool-1 - Starting...
2026-03-04T23:38:57.897+01:00  INFO 33404 --- [medical-service] [main] com.zaxxer.hikari.pool.HikariPool        : HikariPool-1 - Added connection org.postgresql.jdbc.PgConnection@3856d0cb
2026-03-04T23:38:57.898+01:00  INFO 33404 --- [medical-service] [main] com.zaxxer.hikari.HikariDataSource       : HikariPool-1 - Start completed.
2026-03-04T23:38:58.005+01:00  WARN 33404 --- [medical-service] [main] org.hibernate.orm.deprecation            : HHH90000025: PostgreSQLDialect does not need to be specified explicitly using 'hibernate.dialect' (remove the property setting and it will be selected by default)
2026-03-04T23:38:59.534+01:00  INFO 33404 --- [medical-service] [main] o.h.e.t.j.p.i.JtaPlatformInitiator       : HHH000489: No JTA platform available (set 'hibernate.transaction.jta.platform' to enable JTA platform integration)
2026-03-04T23:39:00.294+01:00  INFO 33404 --- [medical-service] [main] j.LocalContainerEntityManagerFactoryBean : Initialized JPA EntityManagerFactory for persistence unit 'default'
2026-03-04T23:39:00.567+01:00  INFO 33404 --- [medical-service] [main] o.s.d.j.r.query.QueryEnhancerFactory     : Hibernate is in classpath; If applicable, HQL parser will be used.
2026-03-04T23:39:01.578+01:00  WARN 33404 --- [medical-service] [main] JpaBaseConfiguration$JpaWebConfiguration : spring.jpa.open-in-view is enabled by default. Therefore, database queries may be performed during view rendering. Explicitly configure spring.jpa.open-in-view to disable this warning
2026-03-04T23:39:01.781+01:00 DEBUG 33404 --- [medical-service] [main] s.w.s.m.m.a.RequestMappingHandlerMapping : 45 mappings in 'requestMappingHandlerMapping'
2026-03-04T23:39:01.882+01:00 DEBUG 33404 --- [medical-service] [main] o.s.w.s.handler.SimpleUrlHandlerMapping  : Patterns [/webjars/**, /**, /swagger-ui*/*swagger-initializer.js, /swagger-ui*/**] in 'resourceHandlerMapping'
2026-03-04T23:39:01.923+01:00 DEBUG 33404 --- [medical-service] [main] s.w.s.m.m.a.RequestMappingHandlerAdapter : ControllerAdvice beans: 0 @ModelAttribute, 0 @InitBinder, 1 RequestBodyAdvice, 1 ResponseBodyAdvice
2026-03-04T23:39:01.964+01:00 DEBUG 33404 --- [medical-service] [main] .m.m.a.ExceptionHandlerExceptionResolver : ControllerAdvice beans: 2 @ExceptionHandler, 1 ResponseBodyAdvice
2026-03-04T23:39:02.284+01:00  INFO 33404 --- [medical-service] [main] DiscoveryClientOptionalArgsConfiguration : Eureka HTTP Client uses RestTemplate.
2026-03-04T23:39:02.325+01:00  WARN 33404 --- [medical-service] [main] iguration$LoadBalancerCaffeineWarnLogger : Spring Cloud LoadBalancer is currently working with the default cache. While this cache implementation is useful for development and tests, it's recommended to use Caffeine cache in production.You can switch to using Caffeine cache, by adding it and org.springframework.cache.caffeine.CaffeineCacheManager to the classpath.
2026-03-04T23:39:02.385+01:00  INFO 33404 --- [medical-service] [main] o.s.c.n.eureka.InstanceInfoFactory       : Setting initial instance status as: STARTING
2026-03-04T23:39:02.418+01:00  INFO 33404 --- [medical-service] [main] com.netflix.discovery.DiscoveryClient    : Initializing Eureka in region us-east-1
2026-03-04T23:39:02.422+01:00  INFO 33404 --- [medical-service] [main] c.n.d.s.r.aws.ConfigClusterResolver      : Resolving eureka endpoints via configuration
2026-03-04T23:39:02.432+01:00  INFO 33404 --- [medical-service] [main] com.netflix.discovery.DiscoveryClient    : Disable delta property : false
2026-03-04T23:39:02.433+01:00  INFO 33404 --- [medical-service] [main] com.netflix.discovery.DiscoveryClient    : Single vip registry refresh property : null
2026-03-04T23:39:02.433+01:00  INFO 33404 --- [medical-service] [main] com.netflix.discovery.DiscoveryClient    : Force full registry fetch : false
2026-03-04T23:39:02.433+01:00  INFO 33404 --- [medical-service] [main] com.netflix.discovery.DiscoveryClient    : Application is null : false
2026-03-04T23:39:02.433+01:00  INFO 33404 --- [medical-service] [main] com.netflix.discovery.DiscoveryClient    : Registered Applications size is zero : true
2026-03-04T23:39:02.433+01:00  INFO 33404 --- [medical-service] [main] com.netflix.discovery.DiscoveryClient    : Application version is -1: true
2026-03-04T23:39:02.433+01:00  INFO 33404 --- [medical-service] [main] com.netflix.discovery.DiscoveryClient    : Getting all instance registry info from the eureka server
2026-03-04T23:39:02.611+01:00 DEBUG 33404 --- [medical-service] [main] o.s.web.client.RestTemplate              : HTTP GET http://localhost:8761/eureka/apps/
2026-03-04T23:39:02.756+01:00 DEBUG 33404 --- [medical-service] [main] o.s.web.client.RestTemplate              : Accept=[application/json, application/*+json]
2026-03-04T23:39:02.843+01:00 DEBUG 33404 --- [medical-service] [main] o.s.web.client.RestTemplate              : Response 200 OK
2026-03-04T23:39:02.847+01:00 DEBUG 33404 --- [medical-service] [main] o.s.web.client.RestTemplate              : Reading to [org.springframework.cloud.netflix.eureka.http.EurekaApplications]
2026-03-04T23:39:02.897+01:00  INFO 33404 --- [medical-service] [main] com.netflix.discovery.DiscoveryClient    : The response status is 200
2026-03-04T23:39:02.900+01:00  INFO 33404 --- [medical-service] [main] com.netflix.discovery.DiscoveryClient    : Starting heartbeat executor: renew interval is: 30
2026-03-04T23:39:02.902+01:00  INFO 33404 --- [medical-service] [main] c.n.discovery.InstanceInfoReplicator     : InstanceInfoReplicator onDemand update allowed rate per min is 4
2026-03-04T23:39:02.904+01:00  INFO 33404 --- [medical-service] [main] com.netflix.discovery.DiscoveryClient    : Discovery Client initialized at timestamp 1772663942903 with initial instances count: 6
2026-03-04T23:39:02.910+01:00  INFO 33404 --- [medical-service] [main] o.s.c.n.e.s.EurekaServiceRegistry        : Registering application MEDICAL-SERVICE with eureka with status UP
2026-03-04T23:39:02.910+01:00  INFO 33404 --- [medical-service] [main] com.netflix.discovery.DiscoveryClient    : Saw local status change event StatusChangeEvent [timestamp=1772663942910, current=UP, previous=STARTING]
2026-03-04T23:39:02.912+01:00  INFO 33404 --- [medical-service] [DiscoveryClient-InstanceInfoReplicator-%d] com.netflix.discovery.DiscoveryClient    : DiscoveryClient_MEDICAL-SERVICE/DESKTOP-I0BIKTH:medical-service:18086: registering service...
2026-03-04T23:39:02.918+01:00 DEBUG 33404 --- [medical-service] [DiscoveryClient-InstanceInfoReplicator-%d] o.s.web.client.RestTemplate              : HTTP POST http://localhost:8761/eureka/apps/MEDICAL-SERVICE
2026-03-04T23:39:02.921+01:00 DEBUG 33404 --- [medical-service] [DiscoveryClient-InstanceInfoReplicator-%d] o.s.web.client.RestTemplate              : Accept=[application/json, application/*+json]
2026-03-04T23:39:02.934+01:00  INFO 33404 --- [medical-service] [main] o.s.b.w.embedded.tomcat.TomcatWebServer  : Tomcat started on port 18086 (http) with context path '/'
2026-03-04T23:39:02.935+01:00  INFO 33404 --- [medical-service] [main] .s.c.n.e.s.EurekaAutoServiceRegistration : Updating port to 18086
2026-03-04T23:39:02.937+01:00 DEBUG 33404 --- [medical-service] [DiscoveryClient-InstanceInfoReplicator-%d] o.s.web.client.RestTemplate              : Writing [InstanceInfo [instanceId = DESKTOP-I0BIKTH:medical-service:18086, appName = MEDICAL-SERVICE, hostName = DESKTOP-I0BIKTH, status = UP, ipAddr = 192.168.3.1, port = 18086, securePort = 443, dataCenterInfo = com.netflix.appinfo.MyDataCenterInfo@536905ed] as "application/json"
2026-03-04T23:39:02.955+01:00  INFO 33404 --- [medical-service] [main] o.t.m.MedicalServiceApplication          : Started MedicalServiceApplication in 21.249 seconds (process running for 22.443)
2026-03-04T23:39:02.961+01:00 DEBUG 33404 --- [medical-service] [DiscoveryClient-InstanceInfoReplicator-%d] o.s.web.client.RestTemplate              : Response 204 NO_CONTENT
2026-03-04T23:39:02.961+01:00  INFO 33404 --- [medical-service] [DiscoveryClient-InstanceInfoReplicator-%d] com.netflix.discovery.DiscoveryClient    : DiscoveryClient_MEDICAL-SERVICE/DESKTOP-I0BIKTH:medical-service:18086 - registration status: 204
2026-03-04T23:39:32.904+01:00 DEBUG 33404 --- [medical-service] [DiscoveryClient-CacheRefreshExecutor-%d] o.s.web.client.RestTemplate              : HTTP GET http://localhost:8761/eureka/apps/delta
2026-03-04T23:39:32.904+01:00 DEBUG 33404 --- [medical-service] [DiscoveryClient-HeartbeatExecutor-%d] o.s.web.client.RestTemplate              : HTTP PUT http://localhost:8761/eureka/apps/MEDICAL-SERVICE/DESKTOP-I0BIKTH:medical-service:18086?status=UP&lastDirtyTimestamp=1772663942910
2026-03-04T23:39:32.904+01:00 DEBUG 33404 --- [medical-service] [DiscoveryClient-CacheRefreshExecutor-%d] o.s.web.client.RestTemplate              : Accept=[application/json, application/*+json]
2026-03-04T23:39:32.909+01:00 DEBUG 33404 --- [medical-service] [DiscoveryClient-HeartbeatExecutor-%d] o.s.web.client.RestTemplate              : Accept=[application/json, application/*+json]
2026-03-04T23:39:32.920+01:00 DEBUG 33404 --- [medical-service] [DiscoveryClient-HeartbeatExecutor-%d] o.s.web.client.RestTemplate              : Response 200 OK
2026-03-04T23:39:32.920+01:00 DEBUG 33404 --- [medical-service] [DiscoveryClient-CacheRefreshExecutor-%d] o.s.web.client.RestTemplate              : Response 200 OK
2026-03-04T23:39:32.920+01:00 DEBUG 33404 --- [medical-service] [DiscoveryClient-CacheRefreshExecutor-%d] o.s.web.client.RestTemplate              : Reading to [org.springframework.cloud.netflix.eureka.http.EurekaApplications]
2026-03-04T23:40:02.935+01:00 DEBUG 33404 --- [medical-service] [DiscoveryClient-CacheRefreshExecutor-%d] o.s.web.client.RestTemplate              : HTTP GET http://localhost:8761/eureka/apps/delta
2026-03-04T23:40:02.935+01:00 DEBUG 33404 --- [medical-service] [DiscoveryClient-HeartbeatExecutor-%d] o.s.web.client.RestTemplate              : HTTP PUT http://localhost:8761/eureka/apps/MEDICAL-SERVICE/DESKTOP-I0BIKTH:medical-service:18086?status=UP&lastDirtyTimestamp=1772663942910
2026-03-04T23:40:02.935+01:00 DEBUG 33404 --- [medical-service] [DiscoveryClient-CacheRefreshExecutor-%d] o.s.web.client.RestTemplate              : Accept=[application/json, application/*+json]
2026-03-04T23:40:02.935+01:00 DEBUG 33404 --- [medical-service] [DiscoveryClient-HeartbeatExecutor-%d] o.s.web.client.RestTemplate              : Accept=[application/json, application/*+json]
2026-03-04T23:40:02.953+01:00 DEBUG 33404 --- [medical-service] [DiscoveryClient-CacheRefreshExecutor-%d] o.s.web.client.RestTemplate              : Response 200 OK
2026-03-04T23:40:02.953+01:00 DEBUG 33404 --- [medical-service] [DiscoveryClient-HeartbeatExecutor-%d] o.s.web.client.RestTemplate              : Response 200 OK
2026-03-04T23:40:02.953+01:00 DEBUG 33404 --- [medical-service] [DiscoveryClient-CacheRefreshExecutor-%d] o.s.web.client.RestTemplate              : Reading to [org.springframework.cloud.netflix.eureka.http.EurekaApplications]
2026-03-04T23:40:32.966+01:00 DEBUG 33404 --- [medical-service] [DiscoveryClient-HeartbeatExecutor-%d] o.s.web.client.RestTemplate              : HTTP PUT http://localhost:8761/eureka/apps/MEDICAL-SERVICE/DESKTOP-I0BIKTH:medical-service:18086?status=UP&lastDirtyTimestamp=1772663942910
2026-03-04T23:40:32.966+01:00 DEBUG 33404 --- [medical-service] [DiscoveryClient-CacheRefreshExecutor-%d] o.s.web.client.RestTemplate              : HTTP GET http://localhost:8761/eureka/apps/delta
2026-03-04T23:40:32.966+01:00 DEBUG 33404 --- [medical-service] [DiscoveryClient-HeartbeatExecutor-%d] o.s.web.client.RestTemplate              : Accept=[application/json, application/*+json]
2026-03-04T23:40:32.966+01:00 DEBUG 33404 --- [medical-service] [DiscoveryClient-CacheRefreshExecutor-%d] o.s.web.client.RestTemplate              : Accept=[application/json, application/*+json]
2026-03-04T23:40:32.983+01:00 DEBUG 33404 --- [medical-service] [DiscoveryClient-CacheRefreshExecutor-%d] o.s.web.client.RestTemplate              : Response 200 OK
2026-03-04T23:40:32.983+01:00 DEBUG 33404 --- [medical-service] [DiscoveryClient-HeartbeatExecutor-%d] o.s.web.client.RestTemplate              : Response 200 OK
2026-03-04T23:40:32.984+01:00 DEBUG 33404 --- [medical-service] [DiscoveryClient-CacheRefreshExecutor-%d] o.s.web.client.RestTemplate              : Reading to [org.springframework.cloud.netflix.eureka.http.EurekaApplications]
2026-03-04T23:40:44.707+01:00  INFO 33404 --- [medical-service] [http-nio-18086-exec-2] o.a.c.c.C.[Tomcat].[localhost].[/]       : Initializing Spring DispatcherServlet 'dispatcherServlet'
2026-03-04T23:40:44.708+01:00  INFO 33404 --- [medical-service] [http-nio-18086-exec-2] o.s.web.servlet.DispatcherServlet        : Initializing Servlet 'dispatcherServlet'
2026-03-04T23:40:44.708+01:00 DEBUG 33404 --- [medical-service] [http-nio-18086-exec-2] o.s.web.servlet.DispatcherServlet        : Detected StandardServletMultipartResolver
2026-03-04T23:40:44.708+01:00 DEBUG 33404 --- [medical-service] [http-nio-18086-exec-2] o.s.web.servlet.DispatcherServlet        : Detected AcceptHeaderLocaleResolver
2026-03-04T23:40:44.708+01:00 DEBUG 33404 --- [medical-service] [http-nio-18086-exec-2] o.s.web.servlet.DispatcherServlet        : Detected FixedThemeResolver
2026-03-04T23:40:44.713+01:00 DEBUG 33404 --- [medical-service] [http-nio-18086-exec-2] o.s.web.servlet.DispatcherServlet        : Detected org.springframework.web.servlet.view.DefaultRequestToViewNameTranslator@327dcf8c
2026-03-04T23:40:44.714+01:00 DEBUG 33404 --- [medical-service] [http-nio-18086-exec-2] o.s.web.servlet.DispatcherServlet        : Detected org.springframework.web.servlet.support.SessionFlashMapManager@496203da
2026-03-04T23:40:44.714+01:00 DEBUG 33404 --- [medical-service] [http-nio-18086-exec-2] o.s.web.servlet.DispatcherServlet        : enableLoggingRequestDetails='false': request parameters and headers will be masked to prevent unsafe logging of potentially sensitive data
2026-03-04T23:40:44.715+01:00  INFO 33404 --- [medical-service] [http-nio-18086-exec-2] o.s.web.servlet.DispatcherServlet        : Completed initialization in 7 ms
2026-03-04T23:40:44.730+01:00 DEBUG 33404 --- [medical-service] [http-nio-18086-exec-2] o.s.web.servlet.DispatcherServlet        : GET "/api/medical/equipment", parameters={}
2026-03-04T23:40:44.748+01:00 DEBUG 33404 --- [medical-service] [http-nio-18086-exec-2] s.w.s.m.m.a.RequestMappingHandlerMapping : Mapped to org.techhive.medicalservice.controller.EquipmentController#getAllEquipment()
2026-03-04T23:40:44.855+01:00  INFO 33404 --- [medical-service] [http-nio-18086-exec-2] o.t.m.controller.EquipmentController     : Fetching all equipment
2026-03-04T23:40:45.025+01:00 DEBUG 33404 --- [medical-service] [http-nio-18086-exec-2] org.hibernate.SQL                        : 
    select
        e1_0.id,
        e1_0.category,
        e1_0.condition,
        e1_0.description,
        e1_0.donation_date,
        e1_0.donor_id,
        e1_0.name,
        e1_0.status 
    from
        equipments e1_0
2026-03-04T23:40:45.204+01:00 DEBUG 33404 --- [medical-service] [http-nio-18086-exec-2] org.hibernate.SQL                        : 
    select
        l1_0.equipment_id,
        l1_0.id,
        l1_0.borrower_id,
        l1_0.due_date,
        l1_0.loan_date,
        l1_0.notes,
        l1_0.purpose,
        l1_0.return_date,
        l1_0.status 
    from
        equipment_loans l1_0 
    where
        l1_0.equipment_id=?
2026-03-04T23:40:45.269+01:00 DEBUG 33404 --- [medical-service] [http-nio-18086-exec-2] org.hibernate.SQL                        : 
    select
        l1_0.equipment_id,
        l1_0.id,
        l1_0.borrower_id,
        l1_0.due_date,
        l1_0.loan_date,
        l1_0.notes,
        l1_0.purpose,
        l1_0.return_date,
        l1_0.status 
    from
        equipment_loans l1_0 
    where
        l1_0.equipment_id=?
2026-03-04T23:40:45.324+01:00 DEBUG 33404 --- [medical-service] [http-nio-18086-exec-2] org.hibernate.SQL                        : 
    select
        l1_0.equipment_id,
        l1_0.id,
        l1_0.borrower_id,
        l1_0.due_date,
        l1_0.loan_date,
        l1_0.notes,
        l1_0.purpose,
        l1_0.return_date,
        l1_0.status 
    from
        equipment_loans l1_0 
    where
        l1_0.equipment_id=?
2026-03-04T23:40:45.390+01:00 DEBUG 33404 --- [medical-service] [http-nio-18086-exec-2] org.hibernate.SQL                        : 
    select
        l1_0.equipment_id,
        l1_0.id,
        l1_0.borrower_id,
        l1_0.due_date,
        l1_0.loan_date,
        l1_0.notes,
        l1_0.purpose,
        l1_0.return_date,
        l1_0.status 
    from
        equipment_loans l1_0 
    where
        l1_0.equipment_id=?
2026-03-04T23:40:45.443+01:00 DEBUG 33404 --- [medical-service] [http-nio-18086-exec-2] org.hibernate.SQL                        : 
    select
        l1_0.equipment_id,
        l1_0.id,
        l1_0.borrower_id,
        l1_0.due_date,
        l1_0.loan_date,
        l1_0.notes,
        l1_0.purpose,
        l1_0.return_date,
        l1_0.status 
    from
        equipment_loans l1_0 
    where
        l1_0.equipment_id=?
2026-03-04T23:40:45.504+01:00 DEBUG 33404 --- [medical-service] [http-nio-18086-exec-2] org.hibernate.SQL                        : 
    select
        l1_0.equipment_id,
        l1_0.id,
        l1_0.borrower_id,
        l1_0.due_date,
        l1_0.loan_date,
        l1_0.notes,
        l1_0.purpose,
        l1_0.return_date,
        l1_0.status 
    from
        equipment_loans l1_0 
    where
        l1_0.equipment_id=?
2026-03-04T23:40:45.563+01:00 DEBUG 33404 --- [medical-service] [http-nio-18086-exec-2] org.hibernate.SQL                        : 
    select
        l1_0.equipment_id,
        l1_0.id,
        l1_0.borrower_id,
        l1_0.due_date,
        l1_0.loan_date,
        l1_0.notes,
        l1_0.purpose,
        l1_0.return_date,
        l1_0.status 
    from
        equipment_loans l1_0 
    where
        l1_0.equipment_id=?
2026-03-04T23:40:45.624+01:00 DEBUG 33404 --- [medical-service] [http-nio-18086-exec-2] org.hibernate.SQL                        : 
    select
        l1_0.equipment_id,
        l1_0.id,
        l1_0.borrower_id,
        l1_0.due_date,
        l1_0.loan_date,
        l1_0.notes,
        l1_0.purpose,
        l1_0.return_date,
        l1_0.status 
    from
        equipment_loans l1_0 
    where
        l1_0.equipment_id=?
2026-03-04T23:40:45.684+01:00 DEBUG 33404 --- [medical-service] [http-nio-18086-exec-2] org.hibernate.SQL                        : 
    select
        l1_0.equipment_id,
        l1_0.id,
        l1_0.borrower_id,
        l1_0.due_date,
        l1_0.loan_date,
        l1_0.notes,
        l1_0.purpose,
        l1_0.return_date,
        l1_0.status 
    from
        equipment_loans l1_0 
    where
        l1_0.equipment_id=?
2026-03-04T23:40:45.757+01:00 DEBUG 33404 --- [medical-service] [http-nio-18086-exec-2] org.hibernate.SQL                        : 
    select
        l1_0.equipment_id,
        l1_0.id,
        l1_0.borrower_id,
        l1_0.due_date,
        l1_0.loan_date,
        l1_0.notes,
        l1_0.purpose,
        l1_0.return_date,
        l1_0.status 
    from
        equipment_loans l1_0 
    where
        l1_0.equipment_id=?
2026-03-04T23:40:45.823+01:00 DEBUG 33404 --- [medical-service] [http-nio-18086-exec-2] org.hibernate.SQL                        : 
    select
        l1_0.equipment_id,
        l1_0.id,
        l1_0.borrower_id,
        l1_0.due_date,
        l1_0.loan_date,
        l1_0.notes,
        l1_0.purpose,
        l1_0.return_date,
        l1_0.status 
    from
        equipment_loans l1_0 
    where
        l1_0.equipment_id=?
2026-03-04T23:40:45.887+01:00 DEBUG 33404 --- [medical-service] [http-nio-18086-exec-2] org.hibernate.SQL                        : 
    select
        l1_0.equipment_id,
        l1_0.id,
        l1_0.borrower_id,
        l1_0.due_date,
        l1_0.loan_date,
        l1_0.notes,
        l1_0.purpose,
        l1_0.return_date,
        l1_0.status 
    from
        equipment_loans l1_0 
    where
        l1_0.equipment_id=?
2026-03-04T23:40:45.949+01:00 DEBUG 33404 --- [medical-service] [http-nio-18086-exec-2] org.hibernate.SQL                        : 
    select
        l1_0.equipment_id,
        l1_0.id,
        l1_0.borrower_id,
        l1_0.due_date,
        l1_0.loan_date,
        l1_0.notes,
        l1_0.purpose,
        l1_0.return_date,
        l1_0.status 
    from
        equipment_loans l1_0 
    where
        l1_0.equipment_id=?
2026-03-04T23:40:46.013+01:00 DEBUG 33404 --- [medical-service] [http-nio-18086-exec-2] org.hibernate.SQL                        : 
    select
        l1_0.equipment_id,
        l1_0.id,
        l1_0.borrower_id,
        l1_0.due_date,
        l1_0.loan_date,
        l1_0.notes,
        l1_0.purpose,
        l1_0.return_date,
        l1_0.status 
    from
        equipment_loans l1_0 
    where
        l1_0.equipment_id=?
2026-03-04T23:40:46.084+01:00 DEBUG 33404 --- [medical-service] [http-nio-18086-exec-2] org.hibernate.SQL                        : 
    select
        l1_0.equipment_id,
        l1_0.id,
        l1_0.borrower_id,
        l1_0.due_date,
        l1_0.loan_date,
        l1_0.notes,
        l1_0.purpose,
        l1_0.return_date,
        l1_0.status 
    from
        equipment_loans l1_0 
    where
        l1_0.equipment_id=?
2026-03-04T23:40:46.157+01:00 DEBUG 33404 --- [medical-service] [http-nio-18086-exec-2] org.hibernate.SQL                        : 
    select
        l1_0.equipment_id,
        l1_0.id,
        l1_0.borrower_id,
        l1_0.due_date,
        l1_0.loan_date,
        l1_0.notes,
        l1_0.purpose,
        l1_0.return_date,
        l1_0.status 
    from
        equipment_loans l1_0 
    where
        l1_0.equipment_id=?
2026-03-04T23:40:46.233+01:00 DEBUG 33404 --- [medical-service] [http-nio-18086-exec-2] org.hibernate.SQL                        : 
    select
        l1_0.equipment_id,
        l1_0.id,
        l1_0.borrower_id,
        l1_0.due_date,
        l1_0.loan_date,
        l1_0.notes,
        l1_0.purpose,
        l1_0.return_date,
        l1_0.status 
    from
        equipment_loans l1_0 
    where
        l1_0.equipment_id=?
2026-03-04T23:40:46.298+01:00 DEBUG 33404 --- [medical-service] [http-nio-18086-exec-2] org.hibernate.SQL                        : 
    select
        l1_0.equipment_id,
        l1_0.id,
        l1_0.borrower_id,
        l1_0.due_date,
        l1_0.loan_date,
        l1_0.notes,
        l1_0.purpose,
        l1_0.return_date,
        l1_0.status 
    from
        equipment_loans l1_0 
    where
        l1_0.equipment_id=?
2026-03-04T23:40:46.368+01:00 DEBUG 33404 --- [medical-service] [http-nio-18086-exec-2] org.hibernate.SQL                        : 
    select
        l1_0.equipment_id,
        l1_0.id,
        l1_0.borrower_id,
        l1_0.due_date,
        l1_0.loan_date,
        l1_0.notes,
        l1_0.purpose,
        l1_0.return_date,
        l1_0.status 
    from
        equipment_loans l1_0 
    where
        l1_0.equipment_id=?
2026-03-04T23:40:46.437+01:00 DEBUG 33404 --- [medical-service] [http-nio-18086-exec-2] org.hibernate.SQL                        : 
    select
        l1_0.equipment_id,
        l1_0.id,
        l1_0.borrower_id,
        l1_0.due_date,
        l1_0.loan_date,
        l1_0.notes,
        l1_0.purpose,
        l1_0.return_date,
        l1_0.status 
    from
        equipment_loans l1_0 
    where
        l1_0.equipment_id=?
2026-03-04T23:40:46.520+01:00 DEBUG 33404 --- [medical-service] [http-nio-18086-exec-2] org.hibernate.SQL                        : 
    select
        l1_0.equipment_id,
        l1_0.id,
        l1_0.borrower_id,
        l1_0.due_date,
        l1_0.loan_date,
        l1_0.notes,
        l1_0.purpose,
        l1_0.return_date,
        l1_0.status 
    from
        equipment_loans l1_0 
    where
        l1_0.equipment_id=?
2026-03-04T23:40:46.583+01:00 DEBUG 33404 --- [medical-service] [http-nio-18086-exec-2] org.hibernate.SQL                        : 
    select
        l1_0.equipment_id,
        l1_0.id,
        l1_0.borrower_id,
        l1_0.due_date,
        l1_0.loan_date,
        l1_0.notes,
        l1_0.purpose,
        l1_0.return_date,
        l1_0.status 
    from
        equipment_loans l1_0 
    where
        l1_0.equipment_id=?
2026-03-04T23:40:46.658+01:00 DEBUG 33404 --- [medical-service] [http-nio-18086-exec-2] org.hibernate.SQL                        : 
    select
        l1_0.equipment_id,
        l1_0.id,
        l1_0.borrower_id,
        l1_0.due_date,
        l1_0.loan_date,
        l1_0.notes,
        l1_0.purpose,
        l1_0.return_date,
        l1_0.status 
    from
        equipment_loans l1_0 
    where
        l1_0.equipment_id=?
2026-03-04T23:40:46.719+01:00 DEBUG 33404 --- [medical-service] [http-nio-18086-exec-2] org.hibernate.SQL                        : 
    select
        l1_0.equipment_id,
        l1_0.id,
        l1_0.borrower_id,
        l1_0.due_date,
        l1_0.loan_date,
        l1_0.notes,
        l1_0.purpose,
        l1_0.return_date,
        l1_0.status 
    from
        equipment_loans l1_0 
    where
        l1_0.equipment_id=?
2026-03-04T23:40:46.792+01:00 DEBUG 33404 --- [medical-service] [http-nio-18086-exec-2] org.hibernate.SQL                        : 
    select
        l1_0.equipment_id,
        l1_0.id,
        l1_0.borrower_id,
        l1_0.due_date,
        l1_0.loan_date,
        l1_0.notes,
        l1_0.purpose,
        l1_0.return_date,
        l1_0.status 
    from
        equipment_loans l1_0 
    where
        l1_0.equipment_id=?
2026-03-04T23:40:46.849+01:00 DEBUG 33404 --- [medical-service] [http-nio-18086-exec-2] org.hibernate.SQL                        : 
    select
        l1_0.equipment_id,
        l1_0.id,
        l1_0.borrower_id,
        l1_0.due_date,
        l1_0.loan_date,
        l1_0.notes,
        l1_0.purpose,
        l1_0.return_date,
        l1_0.status 
    from
        equipment_loans l1_0 
    where
        l1_0.equipment_id=?
2026-03-04T23:40:46.903+01:00 DEBUG 33404 --- [medical-service] [http-nio-18086-exec-2] org.hibernate.SQL                        : 
    select
        l1_0.equipment_id,
        l1_0.id,
        l1_0.borrower_id,
        l1_0.due_date,
        l1_0.loan_date,
        l1_0.notes,
        l1_0.purpose,
        l1_0.return_date,
        l1_0.status 
    from
        equipment_loans l1_0 
    where
        l1_0.equipment_id=?
2026-03-04T23:40:46.964+01:00 DEBUG 33404 --- [medical-service] [http-nio-18086-exec-2] org.hibernate.SQL                        : 
    select
        l1_0.equipment_id,
        l1_0.id,
        l1_0.borrower_id,
        l1_0.due_date,
        l1_0.loan_date,
        l1_0.notes,
        l1_0.purpose,
        l1_0.return_date,
        l1_0.status 
    from
        equipment_loans l1_0 
    where
        l1_0.equipment_id=?
2026-03-04T23:40:47.023+01:00 DEBUG 33404 --- [medical-service] [http-nio-18086-exec-2] org.hibernate.SQL                        : 
    select
        l1_0.equipment_id,
        l1_0.id,
        l1_0.borrower_id,
        l1_0.due_date,
        l1_0.loan_date,
        l1_0.notes,
        l1_0.purpose,
        l1_0.return_date,
        l1_0.status 
    from
        equipment_loans l1_0 
    where
        l1_0.equipment_id=?
2026-03-04T23:40:47.079+01:00 DEBUG 33404 --- [medical-service] [http-nio-18086-exec-2] org.hibernate.SQL                        : 
    select
        l1_0.equipment_id,
        l1_0.id,
        l1_0.borrower_id,
        l1_0.due_date,
        l1_0.loan_date,
        l1_0.notes,
        l1_0.purpose,
        l1_0.return_date,
        l1_0.status 
    from
        equipment_loans l1_0 
    where
        l1_0.equipment_id=?
2026-03-04T23:40:47.148+01:00 DEBUG 33404 --- [medical-service] [http-nio-18086-exec-2] org.hibernate.SQL                        : 
    select
        l1_0.equipment_id,
        l1_0.id,
        l1_0.borrower_id,
        l1_0.due_date,
        l1_0.loan_date,
        l1_0.notes,
        l1_0.purpose,
        l1_0.return_date,
        l1_0.status 
    from
        equipment_loans l1_0 
    where
        l1_0.equipment_id=?
2026-03-04T23:40:47.203+01:00 DEBUG 33404 --- [medical-service] [http-nio-18086-exec-2] org.hibernate.SQL                        : 
    select
        l1_0.equipment_id,
        l1_0.id,
        l1_0.borrower_id,
        l1_0.due_date,
        l1_0.loan_date,
        l1_0.notes,
        l1_0.purpose,
        l1_0.return_date,
        l1_0.status 
    from
        equipment_loans l1_0 
    where
        l1_0.equipment_id=?
2026-03-04T23:40:47.263+01:00 DEBUG 33404 --- [medical-service] [http-nio-18086-exec-2] org.hibernate.SQL                        : 
    select
        l1_0.equipment_id,
        l1_0.id,
        l1_0.borrower_id,
        l1_0.due_date,
        l1_0.loan_date,
        l1_0.notes,
        l1_0.purpose,
        l1_0.return_date,
        l1_0.status 
    from
        equipment_loans l1_0 
    where
        l1_0.equipment_id=?
2026-03-04T23:40:47.328+01:00 DEBUG 33404 --- [medical-service] [http-nio-18086-exec-2] org.hibernate.SQL                        : 
    select
        l1_0.equipment_id,
        l1_0.id,
        l1_0.borrower_id,
        l1_0.due_date,
        l1_0.loan_date,
        l1_0.notes,
        l1_0.purpose,
        l1_0.return_date,
        l1_0.status 
    from
        equipment_loans l1_0 
    where
        l1_0.equipment_id=?
2026-03-04T23:40:47.383+01:00 DEBUG 33404 --- [medical-service] [http-nio-18086-exec-2] org.hibernate.SQL                        : 
    select
        l1_0.equipment_id,
        l1_0.id,
        l1_0.borrower_id,
        l1_0.due_date,
        l1_0.loan_date,
        l1_0.notes,
        l1_0.purpose,
        l1_0.return_date,
        l1_0.status 
    from
        equipment_loans l1_0 
    where
        l1_0.equipment_id=?
2026-03-04T23:40:47.443+01:00 DEBUG 33404 --- [medical-service] [http-nio-18086-exec-2] org.hibernate.SQL                        : 
    select
        l1_0.equipment_id,
        l1_0.id,
        l1_0.borrower_id,
        l1_0.due_date,
        l1_0.loan_date,
        l1_0.notes,
        l1_0.purpose,
        l1_0.return_date,
        l1_0.status 
    from
        equipment_loans l1_0 
    where
        l1_0.equipment_id=?
2026-03-04T23:40:47.518+01:00 DEBUG 33404 --- [medical-service] [http-nio-18086-exec-2] org.hibernate.SQL                        : 
    select
        l1_0.equipment_id,
        l1_0.id,
        l1_0.borrower_id,
        l1_0.due_date,
        l1_0.loan_date,
        l1_0.notes,
        l1_0.purpose,
        l1_0.return_date,
        l1_0.status 
    from
        equipment_loans l1_0 
    where
        l1_0.equipment_id=?
2026-03-04T23:40:47.585+01:00 DEBUG 33404 --- [medical-service] [http-nio-18086-exec-2] org.hibernate.SQL                        : 
    select
        l1_0.equipment_id,
        l1_0.id,
        l1_0.borrower_id,
        l1_0.due_date,
        l1_0.loan_date,
        l1_0.notes,
        l1_0.purpose,
        l1_0.return_date,
        l1_0.status 
    from
        equipment_loans l1_0 
    where
        l1_0.equipment_id=?
2026-03-04T23:40:47.643+01:00 DEBUG 33404 --- [medical-service] [http-nio-18086-exec-2] org.hibernate.SQL                        : 
    select
        l1_0.equipment_id,
        l1_0.id,
        l1_0.borrower_id,
        l1_0.due_date,
        l1_0.loan_date,
        l1_0.notes,
        l1_0.purpose,
        l1_0.return_date,
        l1_0.status 
    from
        equipment_loans l1_0 
    where
        l1_0.equipment_id=?
2026-03-04T23:40:47.706+01:00 DEBUG 33404 --- [medical-service] [http-nio-18086-exec-2] org.hibernate.SQL                        : 
    select
        l1_0.equipment_id,
        l1_0.id,
        l1_0.borrower_id,
        l1_0.due_date,
        l1_0.loan_date,
        l1_0.notes,
        l1_0.purpose,
        l1_0.return_date,
        l1_0.status 
    from
        equipment_loans l1_0 
    where
        l1_0.equipment_id=?
2026-03-04T23:40:47.763+01:00 DEBUG 33404 --- [medical-service] [http-nio-18086-exec-2] org.hibernate.SQL                        : 
    select
        l1_0.equipment_id,
        l1_0.id,
        l1_0.borrower_id,
        l1_0.due_date,
        l1_0.loan_date,
        l1_0.notes,
        l1_0.purpose,
        l1_0.return_date,
        l1_0.status 
    from
        equipment_loans l1_0 
    where
        l1_0.equipment_id=?
2026-03-04T23:40:47.824+01:00 DEBUG 33404 --- [medical-service] [http-nio-18086-exec-2] org.hibernate.SQL                        : 
    select
        l1_0.equipment_id,
        l1_0.id,
        l1_0.borrower_id,
        l1_0.due_date,
        l1_0.loan_date,
        l1_0.notes,
        l1_0.purpose,
        l1_0.return_date,
        l1_0.status 
    from
        equipment_loans l1_0 
    where
        l1_0.equipment_id=?
2026-03-04T23:40:47.885+01:00 DEBUG 33404 --- [medical-service] [http-nio-18086-exec-2] org.hibernate.SQL                        : 
    select
        l1_0.equipment_id,
        l1_0.id,
        l1_0.borrower_id,
        l1_0.due_date,
        l1_0.loan_date,
        l1_0.notes,
        l1_0.purpose,
        l1_0.return_date,
        l1_0.status 
    from
        equipment_loans l1_0 
    where
        l1_0.equipment_id=?
2026-03-04T23:40:47.943+01:00 DEBUG 33404 --- [medical-service] [http-nio-18086-exec-2] org.hibernate.SQL                        : 
    select
        l1_0.equipment_id,
        l1_0.id,
        l1_0.borrower_id,
        l1_0.due_date,
        l1_0.loan_date,
        l1_0.notes,
        l1_0.purpose,
        l1_0.return_date,
        l1_0.status 
    from
        equipment_loans l1_0 
    where
        l1_0.equipment_id=?
2026-03-04T23:40:48.004+01:00 DEBUG 33404 --- [medical-service] [http-nio-18086-exec-2] org.hibernate.SQL                        : 
    select
        l1_0.equipment_id,
        l1_0.id,
        l1_0.borrower_id,
        l1_0.due_date,
        l1_0.loan_date,
        l1_0.notes,
        l1_0.purpose,
        l1_0.return_date,
        l1_0.status 
    from
        equipment_loans l1_0 
    where
        l1_0.equipment_id=?
2026-03-04T23:40:48.058+01:00 DEBUG 33404 --- [medical-service] [http-nio-18086-exec-2] org.hibernate.SQL                        : 
    select
        l1_0.equipment_id,
        l1_0.id,
        l1_0.borrower_id,
        l1_0.due_date,
        l1_0.loan_date,
        l1_0.notes,
        l1_0.purpose,
        l1_0.return_date,
        l1_0.status 
    from
        equipment_loans l1_0 
    where
        l1_0.equipment_id=?
2026-03-04T23:40:48.124+01:00 DEBUG 33404 --- [medical-service] [http-nio-18086-exec-2] org.hibernate.SQL                        : 
    select
        l1_0.equipment_id,
        l1_0.id,
        l1_0.borrower_id,
        l1_0.due_date,
        l1_0.loan_date,
        l1_0.notes,
        l1_0.purpose,
        l1_0.return_date,
        l1_0.status 
    from
        equipment_loans l1_0 
    where
        l1_0.equipment_id=?
2026-03-04T23:40:48.185+01:00 DEBUG 33404 --- [medical-service] [http-nio-18086-exec-2] org.hibernate.SQL                        : 
    select
        l1_0.equipment_id,
        l1_0.id,
        l1_0.borrower_id,
        l1_0.due_date,
        l1_0.loan_date,
        l1_0.notes,
        l1_0.purpose,
        l1_0.return_date,
        l1_0.status 
    from
        equipment_loans l1_0 
    where
        l1_0.equipment_id=?
2026-03-04T23:40:48.242+01:00 DEBUG 33404 --- [medical-service] [http-nio-18086-exec-2] org.hibernate.SQL                        : 
    select
        l1_0.equipment_id,
        l1_0.id,
        l1_0.borrower_id,
        l1_0.due_date,
        l1_0.loan_date,
        l1_0.notes,
        l1_0.purpose,
        l1_0.return_date,
        l1_0.status 
    from
        equipment_loans l1_0 
    where
        l1_0.equipment_id=?
2026-03-04T23:40:48.306+01:00 DEBUG 33404 --- [medical-service] [http-nio-18086-exec-2] org.hibernate.SQL                        : 
    select
        l1_0.equipment_id,
        l1_0.id,
        l1_0.borrower_id,
        l1_0.due_date,
        l1_0.loan_date,
        l1_0.notes,
        l1_0.purpose,
        l1_0.return_date,
        l1_0.status 
    from
        equipment_loans l1_0 
    where
        l1_0.equipment_id=?
2026-03-04T23:40:48.373+01:00 DEBUG 33404 --- [medical-service] [http-nio-18086-exec-2] org.hibernate.SQL                        : 
    select
        l1_0.equipment_id,
        l1_0.id,
        l1_0.borrower_id,
        l1_0.due_date,
        l1_0.loan_date,
        l1_0.notes,
        l1_0.purpose,
        l1_0.return_date,
        l1_0.status 
    from
        equipment_loans l1_0 
    where
        l1_0.equipment_id=?
2026-03-04T23:40:48.434+01:00 DEBUG 33404 --- [medical-service] [http-nio-18086-exec-2] org.hibernate.SQL                        : 
    select
        l1_0.equipment_id,
        l1_0.id,
        l1_0.borrower_id,
        l1_0.due_date,
        l1_0.loan_date,
        l1_0.notes,
        l1_0.purpose,
        l1_0.return_date,
        l1_0.status 
    from
        equipment_loans l1_0 
    where
        l1_0.equipment_id=?
2026-03-04T23:40:48.488+01:00 DEBUG 33404 --- [medical-service] [http-nio-18086-exec-2] org.hibernate.SQL                        : 
    select
        l1_0.equipment_id,
        l1_0.id,
        l1_0.borrower_id,
        l1_0.due_date,
        l1_0.loan_date,
        l1_0.notes,
        l1_0.purpose,
        l1_0.return_date,
        l1_0.status 
    from
        equipment_loans l1_0 
    where
        l1_0.equipment_id=?
2026-03-04T23:40:48.544+01:00 DEBUG 33404 --- [medical-service] [http-nio-18086-exec-2] org.hibernate.SQL                        : 
    select
        l1_0.equipment_id,
        l1_0.id,
        l1_0.borrower_id,
        l1_0.due_date,
        l1_0.loan_date,
        l1_0.notes,
        l1_0.purpose,
        l1_0.return_date,
        l1_0.status 
    from
        equipment_loans l1_0 
    where
        l1_0.equipment_id=?
2026-03-04T23:40:48.609+01:00 DEBUG 33404 --- [medical-service] [http-nio-18086-exec-2] org.hibernate.SQL                        : 
    select
        l1_0.equipment_id,
        l1_0.id,
        l1_0.borrower_id,
        l1_0.due_date,
        l1_0.loan_date,
        l1_0.notes,
        l1_0.purpose,
        l1_0.return_date,
        l1_0.status 
    from
        equipment_loans l1_0 
    where
        l1_0.equipment_id=?
2026-03-04T23:40:48.666+01:00 DEBUG 33404 --- [medical-service] [http-nio-18086-exec-2] org.hibernate.SQL                        : 
    select
        l1_0.equipment_id,
        l1_0.id,
        l1_0.borrower_id,
        l1_0.due_date,
        l1_0.loan_date,
        l1_0.notes,
        l1_0.purpose,
        l1_0.return_date,
        l1_0.status 
    from
        equipment_loans l1_0 
    where
        l1_0.equipment_id=?
2026-03-04T23:40:48.723+01:00 DEBUG 33404 --- [medical-service] [http-nio-18086-exec-2] org.hibernate.SQL                        : 
    select
        l1_0.equipment_id,
        l1_0.id,
        l1_0.borrower_id,
        l1_0.due_date,
        l1_0.loan_date,
        l1_0.notes,
        l1_0.purpose,
        l1_0.return_date,
        l1_0.status 
    from
        equipment_loans l1_0 
    where
        l1_0.equipment_id=?
2026-03-04T23:40:48.784+01:00 DEBUG 33404 --- [medical-service] [http-nio-18086-exec-2] org.hibernate.SQL                        : 
    select
        l1_0.equipment_id,
        l1_0.id,
        l1_0.borrower_id,
        l1_0.due_date,
        l1_0.loan_date,
        l1_0.notes,
        l1_0.purpose,
        l1_0.return_date,
        l1_0.status 
    from
        equipment_loans l1_0 
    where
        l1_0.equipment_id=?
2026-03-04T23:40:48.851+01:00 DEBUG 33404 --- [medical-service] [http-nio-18086-exec-2] org.hibernate.SQL                        : 
    select
        l1_0.equipment_id,
        l1_0.id,
        l1_0.borrower_id,
        l1_0.due_date,
        l1_0.loan_date,
        l1_0.notes,
        l1_0.purpose,
        l1_0.return_date,
        l1_0.status 
    from
        equipment_loans l1_0 
    where
        l1_0.equipment_id=?
2026-03-04T23:40:48.923+01:00 DEBUG 33404 --- [medical-service] [http-nio-18086-exec-2] org.hibernate.SQL                        : 
    select
        l1_0.equipment_id,
        l1_0.id,
        l1_0.borrower_id,
        l1_0.due_date,
        l1_0.loan_date,
        l1_0.notes,
        l1_0.purpose,
        l1_0.return_date,
        l1_0.status 
    from
        equipment_loans l1_0 
    where
        l1_0.equipment_id=?
2026-03-04T23:40:48.988+01:00 DEBUG 33404 --- [medical-service] [http-nio-18086-exec-2] org.hibernate.SQL                        : 
    select
        l1_0.equipment_id,
        l1_0.id,
        l1_0.borrower_id,
        l1_0.due_date,
        l1_0.loan_date,
        l1_0.notes,
        l1_0.purpose,
        l1_0.return_date,
        l1_0.status 
    from
        equipment_loans l1_0 
    where
        l1_0.equipment_id=?
2026-03-04T23:40:49.112+01:00 DEBUG 33404 --- [medical-service] [http-nio-18086-exec-2] o.s.w.s.m.m.a.HttpEntityMethodProcessor  : Using 'application/json', given [*/*] and supported [application/json, application/*+json]
2026-03-04T23:40:49.114+01:00 DEBUG 33404 --- [medical-service] [http-nio-18086-exec-2] o.s.w.s.m.m.a.HttpEntityMethodProcessor  : Writing [[EquipmentDTO(id=40, name=Standard Wheelchair, description=Folding wheelchair with footrests, 18" se (truncated)...]
2026-03-04T23:40:49.132+01:00 DEBUG 33404 --- [medical-service] [http-nio-18086-exec-2] o.s.web.servlet.DispatcherServlet        : Completed 200 OK
2026-03-04T23:40:58.650+01:00 DEBUG 33404 --- [medical-service] [http-nio-18086-exec-3] o.s.web.servlet.DispatcherServlet        : GET "/api/medical/equipment", parameters={}
2026-03-04T23:40:58.650+01:00 DEBUG 33404 --- [medical-service] [http-nio-18086-exec-3] s.w.s.m.m.a.RequestMappingHandlerMapping : Mapped to org.techhive.medicalservice.controller.EquipmentController#getAllEquipment()
2026-03-04T23:40:58.728+01:00  INFO 33404 --- [medical-service] [http-nio-18086-exec-3] o.t.m.controller.EquipmentController     : Fetching all equipment
2026-03-04T23:40:58.730+01:00 DEBUG 33404 --- [medical-service] [http-nio-18086-exec-3] org.hibernate.SQL                        : 
    select
        e1_0.id,
        e1_0.category,
        e1_0.condition,
        e1_0.description,
        e1_0.donation_date,
        e1_0.donor_id,
        e1_0.name,
        e1_0.status 
    from
        equipments e1_0
2026-03-04T23:40:58.871+01:00 DEBUG 33404 --- [medical-service] [http-nio-18086-exec-3] org.hibernate.SQL                        : 
    select
        l1_0.equipment_id,
        l1_0.id,
        l1_0.borrower_id,
        l1_0.due_date,
        l1_0.loan_date,
        l1_0.notes,
        l1_0.purpose,
        l1_0.return_date,
        l1_0.status 
    from
        equipment_loans l1_0 
    where
        l1_0.equipment_id=?
2026-03-04T23:40:58.930+01:00 DEBUG 33404 --- [medical-service] [http-nio-18086-exec-3] org.hibernate.SQL                        : 
    select
        l1_0.equipment_id,
        l1_0.id,
        l1_0.borrower_id,
        l1_0.due_date,
        l1_0.loan_date,
        l1_0.notes,
        l1_0.purpose,
        l1_0.return_date,
        l1_0.status 
    from
        equipment_loans l1_0 
    where
        l1_0.equipment_id=?
2026-03-04T23:40:58.983+01:00 DEBUG 33404 --- [medical-service] [http-nio-18086-exec-3] org.hibernate.SQL                        : 
    select
        l1_0.equipment_id,
        l1_0.id,
        l1_0.borrower_id,
        l1_0.due_date,
        l1_0.loan_date,
        l1_0.notes,
        l1_0.purpose,
        l1_0.return_date,
        l1_0.status 
    from
        equipment_loans l1_0 
    where
        l1_0.equipment_id=?
2026-03-04T23:40:59.045+01:00 DEBUG 33404 --- [medical-service] [http-nio-18086-exec-3] org.hibernate.SQL                        : 
    select
        l1_0.equipment_id,
        l1_0.id,
        l1_0.borrower_id,
        l1_0.due_date,
        l1_0.loan_date,
        l1_0.notes,
        l1_0.purpose,
        l1_0.return_date,
        l1_0.status 
    from
        equipment_loans l1_0 
    where
        l1_0.equipment_id=?
2026-03-04T23:40:59.104+01:00 DEBUG 33404 --- [medical-service] [http-nio-18086-exec-3] org.hibernate.SQL                        : 
    select
        l1_0.equipment_id,
        l1_0.id,
        l1_0.borrower_id,
        l1_0.due_date,
        l1_0.loan_date,
        l1_0.notes,
        l1_0.purpose,
        l1_0.return_date,
        l1_0.status 
    from
        equipment_loans l1_0 
    where
        l1_0.equipment_id=?
2026-03-04T23:40:59.179+01:00 DEBUG 33404 --- [medical-service] [http-nio-18086-exec-3] org.hibernate.SQL                        : 
    select
        l1_0.equipment_id,
        l1_0.id,
        l1_0.borrower_id,
        l1_0.due_date,
        l1_0.loan_date,
        l1_0.notes,
        l1_0.purpose,
        l1_0.return_date,
        l1_0.status 
    from
        equipment_loans l1_0 
    where
        l1_0.equipment_id=?
2026-03-04T23:40:59.243+01:00 DEBUG 33404 --- [medical-service] [http-nio-18086-exec-3] org.hibernate.SQL                        : 
    select
        l1_0.equipment_id,
        l1_0.id,
        l1_0.borrower_id,
        l1_0.due_date,
        l1_0.loan_date,
        l1_0.notes,
        l1_0.purpose,
        l1_0.return_date,
        l1_0.status 
    from
        equipment_loans l1_0 
    where
        l1_0.equipment_id=?
2026-03-04T23:40:59.302+01:00 DEBUG 33404 --- [medical-service] [http-nio-18086-exec-3] org.hibernate.SQL                        : 
    select
        l1_0.equipment_id,
        l1_0.id,
        l1_0.borrower_id,
        l1_0.due_date,
        l1_0.loan_date,
        l1_0.notes,
        l1_0.purpose,
        l1_0.return_date,
        l1_0.status 
    from
        equipment_loans l1_0 
    where
        l1_0.equipment_id=?
2026-03-04T23:40:59.368+01:00 DEBUG 33404 --- [medical-service] [http-nio-18086-exec-3] org.hibernate.SQL                        : 
    select
        l1_0.equipment_id,
        l1_0.id,
        l1_0.borrower_id,
        l1_0.due_date,
        l1_0.loan_date,
        l1_0.notes,
        l1_0.purpose,
        l1_0.return_date,
        l1_0.status 
    from
        equipment_loans l1_0 
    where
        l1_0.equipment_id=?
2026-03-04T23:40:59.435+01:00 DEBUG 33404 --- [medical-service] [http-nio-18086-exec-3] org.hibernate.SQL                        : 
    select
        l1_0.equipment_id,
        l1_0.id,
        l1_0.borrower_id,
        l1_0.due_date,
        l1_0.loan_date,
        l1_0.notes,
        l1_0.purpose,
        l1_0.return_date,
        l1_0.status 
    from
        equipment_loans l1_0 
    where
        l1_0.equipment_id=?
2026-03-04T23:40:59.502+01:00 DEBUG 33404 --- [medical-service] [http-nio-18086-exec-3] org.hibernate.SQL                        : 
    select
        l1_0.equipment_id,
        l1_0.id,
        l1_0.borrower_id,
        l1_0.due_date,
        l1_0.loan_date,
        l1_0.notes,
        l1_0.purpose,
        l1_0.return_date,
        l1_0.status 
    from
        equipment_loans l1_0 
    where
        l1_0.equipment_id=?
2026-03-04T23:40:59.565+01:00 DEBUG 33404 --- [medical-service] [http-nio-18086-exec-3] org.hibernate.SQL                        : 
    select
        l1_0.equipment_id,
        l1_0.id,
        l1_0.borrower_id,
        l1_0.due_date,
        l1_0.loan_date,
        l1_0.notes,
        l1_0.purpose,
        l1_0.return_date,
        l1_0.status 
    from
        equipment_loans l1_0 
    where
        l1_0.equipment_id=?
2026-03-04T23:40:59.685+01:00 DEBUG 33404 --- [medical-service] [http-nio-18086-exec-3] org.hibernate.SQL                        : 
    select
        l1_0.equipment_id,
        l1_0.id,
        l1_0.borrower_id,
        l1_0.due_date,
        l1_0.loan_date,
        l1_0.notes,
        l1_0.purpose,
        l1_0.return_date,
        l1_0.status 
    from
        equipment_loans l1_0 
    where
        l1_0.equipment_id=?
2026-03-04T23:40:59.743+01:00 DEBUG 33404 --- [medical-service] [http-nio-18086-exec-3] org.hibernate.SQL                        : 
    select
        l1_0.equipment_id,
        l1_0.id,
        l1_0.borrower_id,
        l1_0.due_date,
        l1_0.loan_date,
        l1_0.notes,
        l1_0.purpose,
        l1_0.return_date,
        l1_0.status 
    from
        equipment_loans l1_0 
    where
        l1_0.equipment_id=?
2026-03-04T23:40:59.793+01:00 DEBUG 33404 --- [medical-service] [http-nio-18086-exec-3] org.hibernate.SQL                        : 
    select
        l1_0.equipment_id,
        l1_0.id,
        l1_0.borrower_id,
        l1_0.due_date,
        l1_0.loan_date,
        l1_0.notes,
        l1_0.purpose,
        l1_0.return_date,
        l1_0.status 
    from
        equipment_loans l1_0 
    where
        l1_0.equipment_id=?
2026-03-04T23:40:59.848+01:00 DEBUG 33404 --- [medical-service] [http-nio-18086-exec-3] org.hibernate.SQL                        : 
    select
        l1_0.equipment_id,
        l1_0.id,
        l1_0.borrower_id,
        l1_0.due_date,
        l1_0.loan_date,
        l1_0.notes,
        l1_0.purpose,
        l1_0.return_date,
        l1_0.status 
    from
        equipment_loans l1_0 
    where
        l1_0.equipment_id=?
2026-03-04T23:40:59.903+01:00 DEBUG 33404 --- [medical-service] [http-nio-18086-exec-3] org.hibernate.SQL                        : 
    select
        l1_0.equipment_id,
        l1_0.id,
        l1_0.borrower_id,
        l1_0.due_date,
        l1_0.loan_date,
        l1_0.notes,
        l1_0.purpose,
        l1_0.return_date,
        l1_0.status 
    from
        equipment_loans l1_0 
    where
        l1_0.equipment_id=?
2026-03-04T23:40:59.968+01:00 DEBUG 33404 --- [medical-service] [http-nio-18086-exec-3] org.hibernate.SQL                        : 
    select
        l1_0.equipment_id,
        l1_0.id,
        l1_0.borrower_id,
        l1_0.due_date,
        l1_0.loan_date,
        l1_0.notes,
        l1_0.purpose,
        l1_0.return_date,
        l1_0.status 
    from
        equipment_loans l1_0 
    where
        l1_0.equipment_id=?
2026-03-04T23:41:00.023+01:00 DEBUG 33404 --- [medical-service] [http-nio-18086-exec-3] org.hibernate.SQL                        : 
    select
        l1_0.equipment_id,
        l1_0.id,
        l1_0.borrower_id,
        l1_0.due_date,
        l1_0.loan_date,
        l1_0.notes,
        l1_0.purpose,
        l1_0.return_date,
        l1_0.status 
    from
        equipment_loans l1_0 
    where
        l1_0.equipment_id=?
2026-03-04T23:41:00.083+01:00 DEBUG 33404 --- [medical-service] [http-nio-18086-exec-3] org.hibernate.SQL                        : 
    select
        l1_0.equipment_id,
        l1_0.id,
        l1_0.borrower_id,
        l1_0.due_date,
        l1_0.loan_date,
        l1_0.notes,
        l1_0.purpose,
        l1_0.return_date,
        l1_0.status 
    from
        equipment_loans l1_0 
    where
        l1_0.equipment_id=?
2026-03-04T23:41:00.142+01:00 DEBUG 33404 --- [medical-service] [http-nio-18086-exec-3] org.hibernate.SQL                        : 
    select
        l1_0.equipment_id,
        l1_0.id,
        l1_0.borrower_id,
        l1_0.due_date,
        l1_0.loan_date,
        l1_0.notes,
        l1_0.purpose,
        l1_0.return_date,
        l1_0.status 
    from
        equipment_loans l1_0 
    where
        l1_0.equipment_id=?
2026-03-04T23:41:00.208+01:00 DEBUG 33404 --- [medical-service] [http-nio-18086-exec-3] org.hibernate.SQL                        : 
    select
        l1_0.equipment_id,
        l1_0.id,
        l1_0.borrower_id,
        l1_0.due_date,
        l1_0.loan_date,
        l1_0.notes,
        l1_0.purpose,
        l1_0.return_date,
        l1_0.status 
    from
        equipment_loans l1_0 
    where
        l1_0.equipment_id=?
2026-03-04T23:41:00.278+01:00 DEBUG 33404 --- [medical-service] [http-nio-18086-exec-3] org.hibernate.SQL                        : 
    select
        l1_0.equipment_id,
        l1_0.id,
        l1_0.borrower_id,
        l1_0.due_date,
        l1_0.loan_date,
        l1_0.notes,
        l1_0.purpose,
        l1_0.return_date,
        l1_0.status 
    from
        equipment_loans l1_0 
    where
        l1_0.equipment_id=?
2026-03-04T23:41:00.340+01:00 DEBUG 33404 --- [medical-service] [http-nio-18086-exec-3] org.hibernate.SQL                        : 
    select
        l1_0.equipment_id,
        l1_0.id,
        l1_0.borrower_id,
        l1_0.due_date,
        l1_0.loan_date,
        l1_0.notes,
        l1_0.purpose,
        l1_0.return_date,
        l1_0.status 
    from
        equipment_loans l1_0 
    where
        l1_0.equipment_id=?
2026-03-04T23:41:00.403+01:00 DEBUG 33404 --- [medical-service] [http-nio-18086-exec-3] org.hibernate.SQL                        : 
    select
        l1_0.equipment_id,
        l1_0.id,
        l1_0.borrower_id,
        l1_0.due_date,
        l1_0.loan_date,
        l1_0.notes,
        l1_0.purpose,
        l1_0.return_date,
        l1_0.status 
    from
        equipment_loans l1_0 
    where
        l1_0.equipment_id=?
2026-03-04T23:41:00.476+01:00 DEBUG 33404 --- [medical-service] [http-nio-18086-exec-3] org.hibernate.SQL                        : 
    select
        l1_0.equipment_id,
        l1_0.id,
        l1_0.borrower_id,
        l1_0.due_date,
        l1_0.loan_date,
        l1_0.notes,
        l1_0.purpose,
        l1_0.return_date,
        l1_0.status 
    from
        equipment_loans l1_0 
    where
        l1_0.equipment_id=?
2026-03-04T23:41:00.543+01:00 DEBUG 33404 --- [medical-service] [http-nio-18086-exec-3] org.hibernate.SQL                        : 
    select
        l1_0.equipment_id,
        l1_0.id,
        l1_0.borrower_id,
        l1_0.due_date,
        l1_0.loan_date,
        l1_0.notes,
        l1_0.purpose,
        l1_0.return_date,
        l1_0.status 
    from
        equipment_loans l1_0 
    where
        l1_0.equipment_id=?
2026-03-04T23:41:00.603+01:00 DEBUG 33404 --- [medical-service] [http-nio-18086-exec-3] org.hibernate.SQL                        : 
    select
        l1_0.equipment_id,
        l1_0.id,
        l1_0.borrower_id,
        l1_0.due_date,
        l1_0.loan_date,
        l1_0.notes,
        l1_0.purpose,
        l1_0.return_date,
        l1_0.status 
    from
        equipment_loans l1_0 
    where
        l1_0.equipment_id=?
2026-03-04T23:41:00.663+01:00 DEBUG 33404 --- [medical-service] [http-nio-18086-exec-3] org.hibernate.SQL                        : 
    select
        l1_0.equipment_id,
        l1_0.id,
        l1_0.borrower_id,
        l1_0.due_date,
        l1_0.loan_date,
        l1_0.notes,
        l1_0.purpose,
        l1_0.return_date,
        l1_0.status 
    from
        equipment_loans l1_0 
    where
        l1_0.equipment_id=?
2026-03-04T23:41:00.723+01:00 DEBUG 33404 --- [medical-service] [http-nio-18086-exec-3] org.hibernate.SQL                        : 
    select
        l1_0.equipment_id,
        l1_0.id,
        l1_0.borrower_id,
        l1_0.due_date,
        l1_0.loan_date,
        l1_0.notes,
        l1_0.purpose,
        l1_0.return_date,
        l1_0.status 
    from
        equipment_loans l1_0 
    where
        l1_0.equipment_id=?
2026-03-04T23:41:00.783+01:00 DEBUG 33404 --- [medical-service] [http-nio-18086-exec-3] org.hibernate.SQL                        : 
    select
        l1_0.equipment_id,
        l1_0.id,
        l1_0.borrower_id,
        l1_0.due_date,
        l1_0.loan_date,
        l1_0.notes,
        l1_0.purpose,
        l1_0.return_date,
        l1_0.status 
    from
        equipment_loans l1_0 
    where
        l1_0.equipment_id=?
2026-03-04T23:41:00.843+01:00 DEBUG 33404 --- [medical-service] [http-nio-18086-exec-3] org.hibernate.SQL                        : 
    select
        l1_0.equipment_id,
        l1_0.id,
        l1_0.borrower_id,
        l1_0.due_date,
        l1_0.loan_date,
        l1_0.notes,
        l1_0.purpose,
        l1_0.return_date,
        l1_0.status 
    from
        equipment_loans l1_0 
    where
        l1_0.equipment_id=?
2026-03-04T23:41:00.897+01:00 DEBUG 33404 --- [medical-service] [http-nio-18086-exec-3] org.hibernate.SQL                        : 
    select
        l1_0.equipment_id,
        l1_0.id,
        l1_0.borrower_id,
        l1_0.due_date,
        l1_0.loan_date,
        l1_0.notes,
        l1_0.purpose,
        l1_0.return_date,
        l1_0.status 
    from
        equipment_loans l1_0 
    where
        l1_0.equipment_id=?
2026-03-04T23:41:00.956+01:00 DEBUG 33404 --- [medical-service] [http-nio-18086-exec-3] org.hibernate.SQL                        : 
    select
        l1_0.equipment_id,
        l1_0.id,
        l1_0.borrower_id,
        l1_0.due_date,
        l1_0.loan_date,
        l1_0.notes,
        l1_0.purpose,
        l1_0.return_date,
        l1_0.status 
    from
        equipment_loans l1_0 
    where
        l1_0.equipment_id=?
2026-03-04T23:41:01.008+01:00 DEBUG 33404 --- [medical-service] [http-nio-18086-exec-3] org.hibernate.SQL                        : 
    select
        l1_0.equipment_id,
        l1_0.id,
        l1_0.borrower_id,
        l1_0.due_date,
        l1_0.loan_date,
        l1_0.notes,
        l1_0.purpose,
        l1_0.return_date,
        l1_0.status 
    from
        equipment_loans l1_0 
    where
        l1_0.equipment_id=?
2026-03-04T23:41:01.075+01:00 DEBUG 33404 --- [medical-service] [http-nio-18086-exec-3] org.hibernate.SQL                        : 
    select
        l1_0.equipment_id,
        l1_0.id,
        l1_0.borrower_id,
        l1_0.due_date,
        l1_0.loan_date,
        l1_0.notes,
        l1_0.purpose,
        l1_0.return_date,
        l1_0.status 
    from
        equipment_loans l1_0 
    where
        l1_0.equipment_id=?
2026-03-04T23:41:01.140+01:00 DEBUG 33404 --- [medical-service] [http-nio-18086-exec-3] org.hibernate.SQL                        : 
    select
        l1_0.equipment_id,
        l1_0.id,
        l1_0.borrower_id,
        l1_0.due_date,
        l1_0.loan_date,
        l1_0.notes,
        l1_0.purpose,
        l1_0.return_date,
        l1_0.status 
    from
        equipment_loans l1_0 
    where
        l1_0.equipment_id=?
2026-03-04T23:41:01.210+01:00 DEBUG 33404 --- [medical-service] [http-nio-18086-exec-3] org.hibernate.SQL                        : 
    select
        l1_0.equipment_id,
        l1_0.id,
        l1_0.borrower_id,
        l1_0.due_date,
        l1_0.loan_date,
        l1_0.notes,
        l1_0.purpose,
        l1_0.return_date,
        l1_0.status 
    from
        equipment_loans l1_0 
    where
        l1_0.equipment_id=?
2026-03-04T23:41:01.265+01:00 DEBUG 33404 --- [medical-service] [http-nio-18086-exec-3] org.hibernate.SQL                        : 
    select
        l1_0.equipment_id,
        l1_0.id,
        l1_0.borrower_id,
        l1_0.due_date,
        l1_0.loan_date,
        l1_0.notes,
        l1_0.purpose,
        l1_0.return_date,
        l1_0.status 
    from
        equipment_loans l1_0 
    where
        l1_0.equipment_id=?
2026-03-04T23:41:01.330+01:00 DEBUG 33404 --- [medical-service] [http-nio-18086-exec-3] org.hibernate.SQL                        : 
    select
        l1_0.equipment_id,
        l1_0.id,
        l1_0.borrower_id,
        l1_0.due_date,
        l1_0.loan_date,
        l1_0.notes,
        l1_0.purpose,
        l1_0.return_date,
        l1_0.status 
    from
        equipment_loans l1_0 
    where
        l1_0.equipment_id=?
2026-03-04T23:41:01.402+01:00 DEBUG 33404 --- [medical-service] [http-nio-18086-exec-3] org.hibernate.SQL                        : 
    select
        l1_0.equipment_id,
        l1_0.id,
        l1_0.borrower_id,
        l1_0.due_date,
        l1_0.loan_date,
        l1_0.notes,
        l1_0.purpose,
        l1_0.return_date,
        l1_0.status 
    from
        equipment_loans l1_0 
    where
        l1_0.equipment_id=?
2026-03-04T23:41:01.456+01:00 DEBUG 33404 --- [medical-service] [http-nio-18086-exec-3] org.hibernate.SQL                        : 
    select
        l1_0.equipment_id,
        l1_0.id,
        l1_0.borrower_id,
        l1_0.due_date,
        l1_0.loan_date,
        l1_0.notes,
        l1_0.purpose,
        l1_0.return_date,
        l1_0.status 
    from
        equipment_loans l1_0 
    where
        l1_0.equipment_id=?
2026-03-04T23:41:01.529+01:00 DEBUG 33404 --- [medical-service] [http-nio-18086-exec-3] org.hibernate.SQL                        : 
    select
        l1_0.equipment_id,
        l1_0.id,
        l1_0.borrower_id,
        l1_0.due_date,
        l1_0.loan_date,
        l1_0.notes,
        l1_0.purpose,
        l1_0.return_date,
        l1_0.status 
    from
        equipment_loans l1_0 
    where
        l1_0.equipment_id=?
2026-03-04T23:41:01.584+01:00 DEBUG 33404 --- [medical-service] [http-nio-18086-exec-3] org.hibernate.SQL                        : 
    select
        l1_0.equipment_id,
        l1_0.id,
        l1_0.borrower_id,
        l1_0.due_date,
        l1_0.loan_date,
        l1_0.notes,
        l1_0.purpose,
        l1_0.return_date,
        l1_0.status 
    from
        equipment_loans l1_0 
    where
        l1_0.equipment_id=?
2026-03-04T23:41:01.643+01:00 DEBUG 33404 --- [medical-service] [http-nio-18086-exec-3] org.hibernate.SQL                        : 
    select
        l1_0.equipment_id,
        l1_0.id,
        l1_0.borrower_id,
        l1_0.due_date,
        l1_0.loan_date,
        l1_0.notes,
        l1_0.purpose,
        l1_0.return_date,
        l1_0.status 
    from
        equipment_loans l1_0 
    where
        l1_0.equipment_id=?
2026-03-04T23:41:01.703+01:00 DEBUG 33404 --- [medical-service] [http-nio-18086-exec-3] org.hibernate.SQL                        : 
    select
        l1_0.equipment_id,
        l1_0.id,
        l1_0.borrower_id,
        l1_0.due_date,
        l1_0.loan_date,
        l1_0.notes,
        l1_0.purpose,
        l1_0.return_date,
        l1_0.status 
    from
        equipment_loans l1_0 
    where
        l1_0.equipment_id=?
2026-03-04T23:41:01.766+01:00 DEBUG 33404 --- [medical-service] [http-nio-18086-exec-3] org.hibernate.SQL                        : 
    select
        l1_0.equipment_id,
        l1_0.id,
        l1_0.borrower_id,
        l1_0.due_date,
        l1_0.loan_date,
        l1_0.notes,
        l1_0.purpose,
        l1_0.return_date,
        l1_0.status 
    from
        equipment_loans l1_0 
    where
        l1_0.equipment_id=?
2026-03-04T23:41:01.822+01:00 DEBUG 33404 --- [medical-service] [http-nio-18086-exec-3] org.hibernate.SQL                        : 
    select
        l1_0.equipment_id,
        l1_0.id,
        l1_0.borrower_id,
        l1_0.due_date,
        l1_0.loan_date,
        l1_0.notes,
        l1_0.purpose,
        l1_0.return_date,
        l1_0.status 
    from
        equipment_loans l1_0 
    where
        l1_0.equipment_id=?
2026-03-04T23:41:01.882+01:00 DEBUG 33404 --- [medical-service] [http-nio-18086-exec-3] org.hibernate.SQL                        : 
    select
        l1_0.equipment_id,
        l1_0.id,
        l1_0.borrower_id,
        l1_0.due_date,
        l1_0.loan_date,
        l1_0.notes,
        l1_0.purpose,
        l1_0.return_date,
        l1_0.status 
    from
        equipment_loans l1_0 
    where
        l1_0.equipment_id=?
2026-03-04T23:41:01.934+01:00 DEBUG 33404 --- [medical-service] [http-nio-18086-exec-3] org.hibernate.SQL                        : 
    select
        l1_0.equipment_id,
        l1_0.id,
        l1_0.borrower_id,
        l1_0.due_date,
        l1_0.loan_date,
        l1_0.notes,
        l1_0.purpose,
        l1_0.return_date,
        l1_0.status 
    from
        equipment_loans l1_0 
    where
        l1_0.equipment_id=?
2026-03-04T23:41:02.004+01:00 DEBUG 33404 --- [medical-service] [http-nio-18086-exec-3] org.hibernate.SQL                        : 
    select
        l1_0.equipment_id,
        l1_0.id,
        l1_0.borrower_id,
        l1_0.due_date,
        l1_0.loan_date,
        l1_0.notes,
        l1_0.purpose,
        l1_0.return_date,
        l1_0.status 
    from
        equipment_loans l1_0 
    where
        l1_0.equipment_id=?
2026-03-04T23:41:02.071+01:00 DEBUG 33404 --- [medical-service] [http-nio-18086-exec-3] org.hibernate.SQL                        : 
    select
        l1_0.equipment_id,
        l1_0.id,
        l1_0.borrower_id,
        l1_0.due_date,
        l1_0.loan_date,
        l1_0.notes,
        l1_0.purpose,
        l1_0.return_date,
        l1_0.status 
    from
        equipment_loans l1_0 
    where
        l1_0.equipment_id=?
2026-03-04T23:41:02.148+01:00 DEBUG 33404 --- [medical-service] [http-nio-18086-exec-3] org.hibernate.SQL                        : 
    select
        l1_0.equipment_id,
        l1_0.id,
        l1_0.borrower_id,
        l1_0.due_date,
        l1_0.loan_date,
        l1_0.notes,
        l1_0.purpose,
        l1_0.return_date,
        l1_0.status 
    from
        equipment_loans l1_0 
    where
        l1_0.equipment_id=?
2026-03-04T23:41:02.207+01:00 DEBUG 33404 --- [medical-service] [http-nio-18086-exec-3] org.hibernate.SQL                        : 
    select
        l1_0.equipment_id,
        l1_0.id,
        l1_0.borrower_id,
        l1_0.due_date,
        l1_0.loan_date,
        l1_0.notes,
        l1_0.purpose,
        l1_0.return_date,
        l1_0.status 
    from
        equipment_loans l1_0 
    where
        l1_0.equipment_id=?
2026-03-04T23:41:02.263+01:00 DEBUG 33404 --- [medical-service] [http-nio-18086-exec-3] org.hibernate.SQL                        : 
    select
        l1_0.equipment_id,
        l1_0.id,
        l1_0.borrower_id,
        l1_0.due_date,
        l1_0.loan_date,
        l1_0.notes,
        l1_0.purpose,
        l1_0.return_date,
        l1_0.status 
    from
        equipment_loans l1_0 
    where
        l1_0.equipment_id=?
2026-03-04T23:41:02.324+01:00 DEBUG 33404 --- [medical-service] [http-nio-18086-exec-3] org.hibernate.SQL                        : 
    select
        l1_0.equipment_id,
        l1_0.id,
        l1_0.borrower_id,
        l1_0.due_date,
        l1_0.loan_date,
        l1_0.notes,
        l1_0.purpose,
        l1_0.return_date,
        l1_0.status 
    from
        equipment_loans l1_0 
    where
        l1_0.equipment_id=?
2026-03-04T23:41:02.383+01:00 DEBUG 33404 --- [medical-service] [http-nio-18086-exec-3] org.hibernate.SQL                        : 
    select
        l1_0.equipment_id,
        l1_0.id,
        l1_0.borrower_id,
        l1_0.due_date,
        l1_0.loan_date,
        l1_0.notes,
        l1_0.purpose,
        l1_0.return_date,
        l1_0.status 
    from
        equipment_loans l1_0 
    where
        l1_0.equipment_id=?
2026-03-04T23:41:02.443+01:00 DEBUG 33404 --- [medical-service] [http-nio-18086-exec-3] org.hibernate.SQL                        : 
    select
        l1_0.equipment_id,
        l1_0.id,
        l1_0.borrower_id,
        l1_0.due_date,
        l1_0.loan_date,
        l1_0.notes,
        l1_0.purpose,
        l1_0.return_date,
        l1_0.status 
    from
        equipment_loans l1_0 
    where
        l1_0.equipment_id=?
2026-03-04T23:41:02.503+01:00 DEBUG 33404 --- [medical-service] [http-nio-18086-exec-3] org.hibernate.SQL                        : 
    select
        l1_0.equipment_id,
        l1_0.id,
        l1_0.borrower_id,
        l1_0.due_date,
        l1_0.loan_date,
        l1_0.notes,
        l1_0.purpose,
        l1_0.return_date,
        l1_0.status 
    from
        equipment_loans l1_0 
    where
        l1_0.equipment_id=?
2026-03-04T23:41:02.564+01:00 DEBUG 33404 --- [medical-service] [http-nio-18086-exec-3] org.hibernate.SQL                        : 
    select
        l1_0.equipment_id,
        l1_0.id,
        l1_0.borrower_id,
        l1_0.due_date,
        l1_0.loan_date,
        l1_0.notes,
        l1_0.purpose,
        l1_0.return_date,
        l1_0.status 
    from
        equipment_loans l1_0 
    where
        l1_0.equipment_id=?
2026-03-04T23:41:02.638+01:00 DEBUG 33404 --- [medical-service] [http-nio-18086-exec-3] org.hibernate.SQL                        : 
    select
        l1_0.equipment_id,
        l1_0.id,
        l1_0.borrower_id,
        l1_0.due_date,
        l1_0.loan_date,
        l1_0.notes,
        l1_0.purpose,
        l1_0.return_date,
        l1_0.status 
    from
        equipment_loans l1_0 
    where
        l1_0.equipment_id=?
2026-03-04T23:41:02.763+01:00 DEBUG 33404 --- [medical-service] [http-nio-18086-exec-3] o.s.w.s.m.m.a.HttpEntityMethodProcessor  : Using 'application/json', given [*/*] and supported [application/json, application/*+json]
2026-03-04T23:41:02.764+01:00 DEBUG 33404 --- [medical-service] [http-nio-18086-exec-3] o.s.w.s.m.m.a.HttpEntityMethodProcessor  : Writing [[EquipmentDTO(id=40, name=Standard Wheelchair, description=Folding wheelchair with footrests, 18" se (truncated)...]
2026-03-04T23:41:02.765+01:00 DEBUG 33404 --- [medical-service] [http-nio-18086-exec-3] o.s.web.servlet.DispatcherServlet        : Completed 200 OK
2026-03-04T23:41:02.993+01:00 DEBUG 33404 --- [medical-service] [DiscoveryClient-CacheRefreshExecutor-%d] o.s.web.client.RestTemplate              : HTTP GET http://localhost:8761/eureka/apps/delta
2026-03-04T23:41:02.993+01:00 DEBUG 33404 --- [medical-service] [DiscoveryClient-HeartbeatExecutor-%d] o.s.web.client.RestTemplate              : HTTP PUT http://localhost:8761/eureka/apps/MEDICAL-SERVICE/DESKTOP-I0BIKTH:medical-service:18086?status=UP&lastDirtyTimestamp=1772663942910
2026-03-04T23:41:02.993+01:00 DEBUG 33404 --- [medical-service] [DiscoveryClient-HeartbeatExecutor-%d] o.s.web.client.RestTemplate              : Accept=[application/json, application/*+json]
2026-03-04T23:41:02.993+01:00 DEBUG 33404 --- [medical-service] [DiscoveryClient-CacheRefreshExecutor-%d] o.s.web.client.RestTemplate              : Accept=[application/json, application/*+json]
2026-03-04T23:41:03.011+01:00 DEBUG 33404 --- [medical-service] [DiscoveryClient-HeartbeatExecutor-%d] o.s.web.client.RestTemplate              : Response 200 OK
2026-03-04T23:41:03.011+01:00 DEBUG 33404 --- [medical-service] [DiscoveryClient-CacheRefreshExecutor-%d] o.s.web.client.RestTemplate              : Response 200 OK
2026-03-04T23:41:03.011+01:00 DEBUG 33404 --- [medical-service] [DiscoveryClient-CacheRefreshExecutor-%d] o.s.web.client.RestTemplate              : Reading to [org.springframework.cloud.netflix.eureka.http.EurekaApplications]
2026-03-04T23:41:33.018+01:00 DEBUG 33404 --- [medical-service] [DiscoveryClient-CacheRefreshExecutor-%d] o.s.web.client.RestTemplate              : HTTP GET http://localhost:8761/eureka/apps/delta
2026-03-04T23:41:33.018+01:00 DEBUG 33404 --- [medical-service] [DiscoveryClient-HeartbeatExecutor-%d] o.s.web.client.RestTemplate              : HTTP PUT http://localhost:8761/eureka/apps/MEDICAL-SERVICE/DESKTOP-I0BIKTH:medical-service:18086?status=UP&lastDirtyTimestamp=1772663942910
2026-03-04T23:41:33.019+01:00 DEBUG 33404 --- [medical-service] [DiscoveryClient-CacheRefreshExecutor-%d] o.s.web.client.RestTemplate              : Accept=[application/json, application/*+json]
2026-03-04T23:41:33.019+01:00 DEBUG 33404 --- [medical-service] [DiscoveryClient-HeartbeatExecutor-%d] o.s.web.client.RestTemplate              : Accept=[application/json, application/*+json]
2026-03-04T23:41:33.035+01:00 DEBUG 33404 --- [medical-service] [DiscoveryClient-HeartbeatExecutor-%d] o.s.web.client.RestTemplate              : Response 200 OK
2026-03-04T23:41:33.035+01:00 DEBUG 33404 --- [medical-service] [DiscoveryClient-CacheRefreshExecutor-%d] o.s.web.client.RestTemplate              : Response 200 OK
2026-03-04T23:41:33.036+01:00 DEBUG 33404 --- [medical-service] [DiscoveryClient-CacheRefreshExecutor-%d] o.s.web.client.RestTemplate              : Reading to [org.springframework.cloud.netflix.eureka.http.EurekaApplications]
2026-03-04T23:41:57.504+01:00 DEBUG 33404 --- [medical-service] [http-nio-18086-exec-5] o.s.web.servlet.DispatcherServlet        : GET "/api/medical/equipment", parameters={}
2026-03-04T23:41:57.509+01:00 DEBUG 33404 --- [medical-service] [http-nio-18086-exec-5] s.w.s.m.m.a.RequestMappingHandlerMapping : Mapped to org.techhive.medicalservice.controller.EquipmentController#getAllEquipment()
2026-03-04T23:41:57.520+01:00 DEBUG 33404 --- [medical-service] [http-nio-18086-exec-6] o.s.web.servlet.DispatcherServlet        : GET "/api/medical/loans/borrower/27/active", parameters={}
2026-03-04T23:41:57.523+01:00 DEBUG 33404 --- [medical-service] [http-nio-18086-exec-6] s.w.s.m.m.a.RequestMappingHandlerMapping : Mapped to org.techhive.medicalservice.controller.EquipmentLoanController#getActiveLoansByBorrower(Long)
2026-03-04T23:41:57.538+01:00 DEBUG 33404 --- [medical-service] [http-nio-18086-exec-7] o.s.web.servlet.DispatcherServlet        : GET "/api/medical/loans/borrower/27", parameters={}
2026-03-04T23:41:57.541+01:00 DEBUG 33404 --- [medical-service] [http-nio-18086-exec-7] s.w.s.m.m.a.RequestMappingHandlerMapping : Mapped to org.techhive.medicalservice.controller.EquipmentLoanController#getLoansByBorrowerId(Long)
2026-03-04T23:41:57.587+01:00  INFO 33404 --- [medical-service] [http-nio-18086-exec-5] o.t.m.controller.EquipmentController     : Fetching all equipment
2026-03-04T23:41:57.590+01:00 DEBUG 33404 --- [medical-service] [http-nio-18086-exec-5] org.hibernate.SQL                        : 
    select
        e1_0.id,
        e1_0.category,
        e1_0.condition,
        e1_0.description,
        e1_0.donation_date,
        e1_0.donor_id,
        e1_0.name,
        e1_0.status 
    from
        equipments e1_0
2026-03-04T23:41:57.610+01:00  INFO 33404 --- [medical-service] [http-nio-18086-exec-7] o.t.m.c.EquipmentLoanController          : Fetching loans for borrower ID: 27
2026-03-04T23:41:57.610+01:00  INFO 33404 --- [medical-service] [http-nio-18086-exec-6] o.t.m.c.EquipmentLoanController          : Fetching active loans for borrower ID: 27
2026-03-04T23:41:57.643+01:00 DEBUG 33404 --- [medical-service] [http-nio-18086-exec-6] org.hibernate.SQL                        : 
    select
        el1_0.id,
        el1_0.borrower_id,
        el1_0.due_date,
        el1_0.equipment_id,
        el1_0.loan_date,
        el1_0.notes,
        el1_0.purpose,
        el1_0.return_date,
        el1_0.status 
    from
        equipment_loans el1_0 
    where
        el1_0.borrower_id=? 
        and el1_0.status=?
2026-03-04T23:41:57.646+01:00 DEBUG 33404 --- [medical-service] [http-nio-18086-exec-7] org.hibernate.SQL                        : 
    select
        el1_0.id,
        el1_0.borrower_id,
        el1_0.due_date,
        el1_0.equipment_id,
        el1_0.loan_date,
        el1_0.notes,
        el1_0.purpose,
        el1_0.return_date,
        el1_0.status 
    from
        equipment_loans el1_0 
    where
        el1_0.borrower_id=?
2026-03-04T23:41:57.714+01:00 DEBUG 33404 --- [medical-service] [http-nio-18086-exec-5] org.hibernate.SQL                        : 
    select
        l1_0.equipment_id,
        l1_0.id,
        l1_0.borrower_id,
        l1_0.due_date,
        l1_0.loan_date,
        l1_0.notes,
        l1_0.purpose,
        l1_0.return_date,
        l1_0.status 
    from
        equipment_loans l1_0 
    where
        l1_0.equipment_id=?
2026-03-04T23:41:57.784+01:00 DEBUG 33404 --- [medical-service] [http-nio-18086-exec-5] org.hibernate.SQL                        : 
    select
        l1_0.equipment_id,
        l1_0.id,
        l1_0.borrower_id,
        l1_0.due_date,
        l1_0.loan_date,
        l1_0.notes,
        l1_0.purpose,
        l1_0.return_date,
        l1_0.status 
    from
        equipment_loans l1_0 
    where
        l1_0.equipment_id=?
2026-03-04T23:41:57.784+01:00 DEBUG 33404 --- [medical-service] [http-nio-18086-exec-6] o.s.w.s.m.m.a.HttpEntityMethodProcessor  : Using 'application/json', given [application/json, text/plain, */*] and supported [application/json, application/*+json]
2026-03-04T23:41:57.785+01:00 DEBUG 33404 --- [medical-service] [http-nio-18086-exec-6] o.s.w.s.m.m.a.HttpEntityMethodProcessor  : Writing [[]]
2026-03-04T23:41:57.786+01:00 DEBUG 33404 --- [medical-service] [http-nio-18086-exec-6] o.s.web.servlet.DispatcherServlet        : Completed 200 OK
2026-03-04T23:41:57.795+01:00 DEBUG 33404 --- [medical-service] [http-nio-18086-exec-7] o.s.w.s.m.m.a.HttpEntityMethodProcessor  : Using 'application/json', given [application/json, text/plain, */*] and supported [application/json, application/*+json]
2026-03-04T23:41:57.795+01:00 DEBUG 33404 --- [medical-service] [http-nio-18086-exec-7] o.s.w.s.m.m.a.HttpEntityMethodProcessor  : Writing [[]]
2026-03-04T23:41:57.796+01:00 DEBUG 33404 --- [medical-service] [http-nio-18086-exec-7] o.s.web.servlet.DispatcherServlet        : Completed 200 OK
2026-03-04T23:41:57.843+01:00 DEBUG 33404 --- [medical-service] [http-nio-18086-exec-5] org.hibernate.SQL                        : 
    select
        l1_0.equipment_id,
        l1_0.id,
        l1_0.borrower_id,
        l1_0.due_date,
        l1_0.loan_date,
        l1_0.notes,
        l1_0.purpose,
        l1_0.return_date,
        l1_0.status 
    from
        equipment_loans l1_0 
    where
        l1_0.equipment_id=?
2026-03-04T23:41:57.904+01:00 DEBUG 33404 --- [medical-service] [http-nio-18086-exec-5] org.hibernate.SQL                        : 
    select
        l1_0.equipment_id,
        l1_0.id,
        l1_0.borrower_id,
        l1_0.due_date,
        l1_0.loan_date,
        l1_0.notes,
        l1_0.purpose,
        l1_0.return_date,
        l1_0.status 
    from
        equipment_loans l1_0 
    where
        l1_0.equipment_id=?
2026-03-04T23:41:57.965+01:00 DEBUG 33404 --- [medical-service] [http-nio-18086-exec-5] org.hibernate.SQL                        : 
    select
        l1_0.equipment_id,
        l1_0.id,
        l1_0.borrower_id,
        l1_0.due_date,
        l1_0.loan_date,
        l1_0.notes,
        l1_0.purpose,
        l1_0.return_date,
        l1_0.status 
    from
        equipment_loans l1_0 
    where
        l1_0.equipment_id=?
2026-03-04T23:41:58.024+01:00 DEBUG 33404 --- [medical-service] [http-nio-18086-exec-5] org.hibernate.SQL                        : 
    select
        l1_0.equipment_id,
        l1_0.id,
        l1_0.borrower_id,
        l1_0.due_date,
        l1_0.loan_date,
        l1_0.notes,
        l1_0.purpose,
        l1_0.return_date,
        l1_0.status 
    from
        equipment_loans l1_0 
    where
        l1_0.equipment_id=?
2026-03-04T23:41:58.084+01:00 DEBUG 33404 --- [medical-service] [http-nio-18086-exec-5] org.hibernate.SQL                        : 
    select
        l1_0.equipment_id,
        l1_0.id,
        l1_0.borrower_id,
        l1_0.due_date,
        l1_0.loan_date,
        l1_0.notes,
        l1_0.purpose,
        l1_0.return_date,
        l1_0.status 
    from
        equipment_loans l1_0 
    where
        l1_0.equipment_id=?
2026-03-04T23:41:58.153+01:00 DEBUG 33404 --- [medical-service] [http-nio-18086-exec-5] org.hibernate.SQL                        : 
    select
        l1_0.equipment_id,
        l1_0.id,
        l1_0.borrower_id,
        l1_0.due_date,
        l1_0.loan_date,
        l1_0.notes,
        l1_0.purpose,
        l1_0.return_date,
        l1_0.status 
    from
        equipment_loans l1_0 
    where
        l1_0.equipment_id=?
2026-03-04T23:41:58.203+01:00 DEBUG 33404 --- [medical-service] [http-nio-18086-exec-5] org.hibernate.SQL                        : 
    select
        l1_0.equipment_id,
        l1_0.id,
        l1_0.borrower_id,
        l1_0.due_date,
        l1_0.loan_date,
        l1_0.notes,
        l1_0.purpose,
        l1_0.return_date,
        l1_0.status 
    from
        equipment_loans l1_0 
    where
        l1_0.equipment_id=?
2026-03-04T23:41:58.270+01:00 DEBUG 33404 --- [medical-service] [http-nio-18086-exec-5] org.hibernate.SQL                        : 
    select
        l1_0.equipment_id,
        l1_0.id,
        l1_0.borrower_id,
        l1_0.due_date,
        l1_0.loan_date,
        l1_0.notes,
        l1_0.purpose,
        l1_0.return_date,
        l1_0.status 
    from
        equipment_loans l1_0 
    where
        l1_0.equipment_id=?
2026-03-04T23:41:58.343+01:00 DEBUG 33404 --- [medical-service] [http-nio-18086-exec-5] org.hibernate.SQL                        : 
    select
        l1_0.equipment_id,
        l1_0.id,
        l1_0.borrower_id,
        l1_0.due_date,
        l1_0.loan_date,
        l1_0.notes,
        l1_0.purpose,
        l1_0.return_date,
        l1_0.status 
    from
        equipment_loans l1_0 
    where
        l1_0.equipment_id=?
2026-03-04T23:41:58.403+01:00 DEBUG 33404 --- [medical-service] [http-nio-18086-exec-5] org.hibernate.SQL                        : 
    select
        l1_0.equipment_id,
        l1_0.id,
        l1_0.borrower_id,
        l1_0.due_date,
        l1_0.loan_date,
        l1_0.notes,
        l1_0.purpose,
        l1_0.return_date,
        l1_0.status 
    from
        equipment_loans l1_0 
    where
        l1_0.equipment_id=?
2026-03-04T23:41:58.464+01:00 DEBUG 33404 --- [medical-service] [http-nio-18086-exec-5] org.hibernate.SQL                        : 
    select
        l1_0.equipment_id,
        l1_0.id,
        l1_0.borrower_id,
        l1_0.due_date,
        l1_0.loan_date,
        l1_0.notes,
        l1_0.purpose,
        l1_0.return_date,
        l1_0.status 
    from
        equipment_loans l1_0 
    where
        l1_0.equipment_id=?
2026-03-04T23:41:58.533+01:00 DEBUG 33404 --- [medical-service] [http-nio-18086-exec-5] org.hibernate.SQL                        : 
    select
        l1_0.equipment_id,
        l1_0.id,
        l1_0.borrower_id,
        l1_0.due_date,
        l1_0.loan_date,
        l1_0.notes,
        l1_0.purpose,
        l1_0.return_date,
        l1_0.status 
    from
        equipment_loans l1_0 
    where
        l1_0.equipment_id=?
2026-03-04T23:41:58.588+01:00 DEBUG 33404 --- [medical-service] [http-nio-18086-exec-5] org.hibernate.SQL                        : 
    select
        l1_0.equipment_id,
        l1_0.id,
        l1_0.borrower_id,
        l1_0.due_date,
        l1_0.loan_date,
        l1_0.notes,
        l1_0.purpose,
        l1_0.return_date,
        l1_0.status 
    from
        equipment_loans l1_0 
    where
        l1_0.equipment_id=?
2026-03-04T23:41:58.648+01:00 DEBUG 33404 --- [medical-service] [http-nio-18086-exec-5] org.hibernate.SQL                        : 
    select
        l1_0.equipment_id,
        l1_0.id,
        l1_0.borrower_id,
        l1_0.due_date,
        l1_0.loan_date,
        l1_0.notes,
        l1_0.purpose,
        l1_0.return_date,
        l1_0.status 
    from
        equipment_loans l1_0 
    where
        l1_0.equipment_id=?
2026-03-04T23:41:58.704+01:00 DEBUG 33404 --- [medical-service] [http-nio-18086-exec-5] org.hibernate.SQL                        : 
    select
        l1_0.equipment_id,
        l1_0.id,
        l1_0.borrower_id,
        l1_0.due_date,
        l1_0.loan_date,
        l1_0.notes,
        l1_0.purpose,
        l1_0.return_date,
        l1_0.status 
    from
        equipment_loans l1_0 
    where
        l1_0.equipment_id=?
2026-03-04T23:41:58.767+01:00 DEBUG 33404 --- [medical-service] [http-nio-18086-exec-5] org.hibernate.SQL                        : 
    select
        l1_0.equipment_id,
        l1_0.id,
        l1_0.borrower_id,
        l1_0.due_date,
        l1_0.loan_date,
        l1_0.notes,
        l1_0.purpose,
        l1_0.return_date,
        l1_0.status 
    from
        equipment_loans l1_0 
    where
        l1_0.equipment_id=?
2026-03-04T23:41:58.823+01:00 DEBUG 33404 --- [medical-service] [http-nio-18086-exec-5] org.hibernate.SQL                        : 
    select
        l1_0.equipment_id,
        l1_0.id,
        l1_0.borrower_id,
        l1_0.due_date,
        l1_0.loan_date,
        l1_0.notes,
        l1_0.purpose,
        l1_0.return_date,
        l1_0.status 
    from
        equipment_loans l1_0 
    where
        l1_0.equipment_id=?
2026-03-04T23:41:58.883+01:00 DEBUG 33404 --- [medical-service] [http-nio-18086-exec-5] org.hibernate.SQL                        : 
    select
        l1_0.equipment_id,
        l1_0.id,
        l1_0.borrower_id,
        l1_0.due_date,
        l1_0.loan_date,
        l1_0.notes,
        l1_0.purpose,
        l1_0.return_date,
        l1_0.status 
    from
        equipment_loans l1_0 
    where
        l1_0.equipment_id=?
2026-03-04T23:41:58.943+01:00 DEBUG 33404 --- [medical-service] [http-nio-18086-exec-5] org.hibernate.SQL                        : 
    select
        l1_0.equipment_id,
        l1_0.id,
        l1_0.borrower_id,
        l1_0.due_date,
        l1_0.loan_date,
        l1_0.notes,
        l1_0.purpose,
        l1_0.return_date,
        l1_0.status 
    from
        equipment_loans l1_0 
    where
        l1_0.equipment_id=?
2026-03-04T23:41:59.004+01:00 DEBUG 33404 --- [medical-service] [http-nio-18086-exec-5] org.hibernate.SQL                        : 
    select
        l1_0.equipment_id,
        l1_0.id,
        l1_0.borrower_id,
        l1_0.due_date,
        l1_0.loan_date,
        l1_0.notes,
        l1_0.purpose,
        l1_0.return_date,
        l1_0.status 
    from
        equipment_loans l1_0 
    where
        l1_0.equipment_id=?
2026-03-04T23:41:59.069+01:00 DEBUG 33404 --- [medical-service] [http-nio-18086-exec-5] org.hibernate.SQL                        : 
    select
        l1_0.equipment_id,
        l1_0.id,
        l1_0.borrower_id,
        l1_0.due_date,
        l1_0.loan_date,
        l1_0.notes,
        l1_0.purpose,
        l1_0.return_date,
        l1_0.status 
    from
        equipment_loans l1_0 
    where
        l1_0.equipment_id=?
2026-03-04T23:41:59.123+01:00 DEBUG 33404 --- [medical-service] [http-nio-18086-exec-5] org.hibernate.SQL                        : 
    select
        l1_0.equipment_id,
        l1_0.id,
        l1_0.borrower_id,
        l1_0.due_date,
        l1_0.loan_date,
        l1_0.notes,
        l1_0.purpose,
        l1_0.return_date,
        l1_0.status 
    from
        equipment_loans l1_0 
    where
        l1_0.equipment_id=?
2026-03-04T23:41:59.184+01:00 DEBUG 33404 --- [medical-service] [http-nio-18086-exec-5] org.hibernate.SQL                        : 
    select
        l1_0.equipment_id,
        l1_0.id,
        l1_0.borrower_id,
        l1_0.due_date,
        l1_0.loan_date,
        l1_0.notes,
        l1_0.purpose,
        l1_0.return_date,
        l1_0.status 
    from
        equipment_loans l1_0 
    where
        l1_0.equipment_id=?
2026-03-04T23:41:59.260+01:00 DEBUG 33404 --- [medical-service] [http-nio-18086-exec-5] org.hibernate.SQL                        : 
    select
        l1_0.equipment_id,
        l1_0.id,
        l1_0.borrower_id,
        l1_0.due_date,
        l1_0.loan_date,
        l1_0.notes,
        l1_0.purpose,
        l1_0.return_date,
        l1_0.status 
    from
        equipment_loans l1_0 
    where
        l1_0.equipment_id=?
2026-03-04T23:41:59.325+01:00 DEBUG 33404 --- [medical-service] [http-nio-18086-exec-5] org.hibernate.SQL                        : 
    select
        l1_0.equipment_id,
        l1_0.id,
        l1_0.borrower_id,
        l1_0.due_date,
        l1_0.loan_date,
        l1_0.notes,
        l1_0.purpose,
        l1_0.return_date,
        l1_0.status 
    from
        equipment_loans l1_0 
    where
        l1_0.equipment_id=?
2026-03-04T23:41:59.383+01:00 DEBUG 33404 --- [medical-service] [http-nio-18086-exec-5] org.hibernate.SQL                        : 
    select
        l1_0.equipment_id,
        l1_0.id,
        l1_0.borrower_id,
        l1_0.due_date,
        l1_0.loan_date,
        l1_0.notes,
        l1_0.purpose,
        l1_0.return_date,
        l1_0.status 
    from
        equipment_loans l1_0 
    where
        l1_0.equipment_id=?
2026-03-04T23:41:59.443+01:00 DEBUG 33404 --- [medical-service] [http-nio-18086-exec-5] org.hibernate.SQL                        : 
    select
        l1_0.equipment_id,
        l1_0.id,
        l1_0.borrower_id,
        l1_0.due_date,
        l1_0.loan_date,
        l1_0.notes,
        l1_0.purpose,
        l1_0.return_date,
        l1_0.status 
    from
        equipment_loans l1_0 
    where
        l1_0.equipment_id=?
2026-03-04T23:41:59.504+01:00 DEBUG 33404 --- [medical-service] [http-nio-18086-exec-5] org.hibernate.SQL                        : 
    select
        l1_0.equipment_id,
        l1_0.id,
        l1_0.borrower_id,
        l1_0.due_date,
        l1_0.loan_date,
        l1_0.notes,
        l1_0.purpose,
        l1_0.return_date,
        l1_0.status 
    from
        equipment_loans l1_0 
    where
        l1_0.equipment_id=?
2026-03-04T23:41:59.568+01:00 DEBUG 33404 --- [medical-service] [http-nio-18086-exec-5] org.hibernate.SQL                        : 
    select
        l1_0.equipment_id,
        l1_0.id,
        l1_0.borrower_id,
        l1_0.due_date,
        l1_0.loan_date,
        l1_0.notes,
        l1_0.purpose,
        l1_0.return_date,
        l1_0.status 
    from
        equipment_loans l1_0 
    where
        l1_0.equipment_id=?
2026-03-04T23:41:59.622+01:00 DEBUG 33404 --- [medical-service] [http-nio-18086-exec-5] org.hibernate.SQL                        : 
    select
        l1_0.equipment_id,
        l1_0.id,
        l1_0.borrower_id,
        l1_0.due_date,
        l1_0.loan_date,
        l1_0.notes,
        l1_0.purpose,
        l1_0.return_date,
        l1_0.status 
    from
        equipment_loans l1_0 
    where
        l1_0.equipment_id=?
2026-03-04T23:41:59.687+01:00 DEBUG 33404 --- [medical-service] [http-nio-18086-exec-5] org.hibernate.SQL                        : 
    select
        l1_0.equipment_id,
        l1_0.id,
        l1_0.borrower_id,
        l1_0.due_date,
        l1_0.loan_date,
        l1_0.notes,
        l1_0.purpose,
        l1_0.return_date,
        l1_0.status 
    from
        equipment_loans l1_0 
    where
        l1_0.equipment_id=?
2026-03-04T23:41:59.756+01:00 DEBUG 33404 --- [medical-service] [http-nio-18086-exec-5] org.hibernate.SQL                        : 
    select
        l1_0.equipment_id,
        l1_0.id,
        l1_0.borrower_id,
        l1_0.due_date,
        l1_0.loan_date,
        l1_0.notes,
        l1_0.purpose,
        l1_0.return_date,
        l1_0.status 
    from
        equipment_loans l1_0 
    where
        l1_0.equipment_id=?
2026-03-04T23:41:59.823+01:00 DEBUG 33404 --- [medical-service] [http-nio-18086-exec-5] org.hibernate.SQL                        : 
    select
        l1_0.equipment_id,
        l1_0.id,
        l1_0.borrower_id,
        l1_0.due_date,
        l1_0.loan_date,
        l1_0.notes,
        l1_0.purpose,
        l1_0.return_date,
        l1_0.status 
    from
        equipment_loans l1_0 
    where
        l1_0.equipment_id=?
2026-03-04T23:41:59.883+01:00 DEBUG 33404 --- [medical-service] [http-nio-18086-exec-5] org.hibernate.SQL                        : 
    select
        l1_0.equipment_id,
        l1_0.id,
        l1_0.borrower_id,
        l1_0.due_date,
        l1_0.loan_date,
        l1_0.notes,
        l1_0.purpose,
        l1_0.return_date,
        l1_0.status 
    from
        equipment_loans l1_0 
    where
        l1_0.equipment_id=?
2026-03-04T23:41:59.943+01:00 DEBUG 33404 --- [medical-service] [http-nio-18086-exec-5] org.hibernate.SQL                        : 
    select
        l1_0.equipment_id,
        l1_0.id,
        l1_0.borrower_id,
        l1_0.due_date,
        l1_0.loan_date,
        l1_0.notes,
        l1_0.purpose,
        l1_0.return_date,
        l1_0.status 
    from
        equipment_loans l1_0 
    where
        l1_0.equipment_id=?
2026-03-04T23:42:00.004+01:00 DEBUG 33404 --- [medical-service] [http-nio-18086-exec-5] org.hibernate.SQL                        : 
    select
        l1_0.equipment_id,
        l1_0.id,
        l1_0.borrower_id,
        l1_0.due_date,
        l1_0.loan_date,
        l1_0.notes,
        l1_0.purpose,
        l1_0.return_date,
        l1_0.status 
    from
        equipment_loans l1_0 
    where
        l1_0.equipment_id=?
2026-03-04T23:42:00.065+01:00 DEBUG 33404 --- [medical-service] [http-nio-18086-exec-5] org.hibernate.SQL                        : 
    select
        l1_0.equipment_id,
        l1_0.id,
        l1_0.borrower_id,
        l1_0.due_date,
        l1_0.loan_date,
        l1_0.notes,
        l1_0.purpose,
        l1_0.return_date,
        l1_0.status 
    from
        equipment_loans l1_0 
    where
        l1_0.equipment_id=?
2026-03-04T23:42:00.123+01:00 DEBUG 33404 --- [medical-service] [http-nio-18086-exec-5] org.hibernate.SQL                        : 
    select
        l1_0.equipment_id,
        l1_0.id,
        l1_0.borrower_id,
        l1_0.due_date,
        l1_0.loan_date,
        l1_0.notes,
        l1_0.purpose,
        l1_0.return_date,
        l1_0.status 
    from
        equipment_loans l1_0 
    where
        l1_0.equipment_id=?
2026-03-04T23:42:00.190+01:00 DEBUG 33404 --- [medical-service] [http-nio-18086-exec-5] org.hibernate.SQL                        : 
    select
        l1_0.equipment_id,
        l1_0.id,
        l1_0.borrower_id,
        l1_0.due_date,
        l1_0.loan_date,
        l1_0.notes,
        l1_0.purpose,
        l1_0.return_date,
        l1_0.status 
    from
        equipment_loans l1_0 
    where
        l1_0.equipment_id=?
2026-03-04T23:42:00.242+01:00 DEBUG 33404 --- [medical-service] [http-nio-18086-exec-5] org.hibernate.SQL                        : 
    select
        l1_0.equipment_id,
        l1_0.id,
        l1_0.borrower_id,
        l1_0.due_date,
        l1_0.loan_date,
        l1_0.notes,
        l1_0.purpose,
        l1_0.return_date,
        l1_0.status 
    from
        equipment_loans l1_0 
    where
        l1_0.equipment_id=?
2026-03-04T23:42:00.303+01:00 DEBUG 33404 --- [medical-service] [http-nio-18086-exec-5] org.hibernate.SQL                        : 
    select
        l1_0.equipment_id,
        l1_0.id,
        l1_0.borrower_id,
        l1_0.due_date,
        l1_0.loan_date,
        l1_0.notes,
        l1_0.purpose,
        l1_0.return_date,
        l1_0.status 
    from
        equipment_loans l1_0 
    where
        l1_0.equipment_id=?
2026-03-04T23:42:00.363+01:00 DEBUG 33404 --- [medical-service] [http-nio-18086-exec-5] org.hibernate.SQL                        : 
    select
        l1_0.equipment_id,
        l1_0.id,
        l1_0.borrower_id,
        l1_0.due_date,
        l1_0.loan_date,
        l1_0.notes,
        l1_0.purpose,
        l1_0.return_date,
        l1_0.status 
    from
        equipment_loans l1_0 
    where
        l1_0.equipment_id=?
2026-03-04T23:42:00.423+01:00 DEBUG 33404 --- [medical-service] [http-nio-18086-exec-5] org.hibernate.SQL                        : 
    select
        l1_0.equipment_id,
        l1_0.id,
        l1_0.borrower_id,
        l1_0.due_date,
        l1_0.loan_date,
        l1_0.notes,
        l1_0.purpose,
        l1_0.return_date,
        l1_0.status 
    from
        equipment_loans l1_0 
    where
        l1_0.equipment_id=?
2026-03-04T23:42:00.489+01:00 DEBUG 33404 --- [medical-service] [http-nio-18086-exec-5] org.hibernate.SQL                        : 
    select
        l1_0.equipment_id,
        l1_0.id,
        l1_0.borrower_id,
        l1_0.due_date,
        l1_0.loan_date,
        l1_0.notes,
        l1_0.purpose,
        l1_0.return_date,
        l1_0.status 
    from
        equipment_loans l1_0 
    where
        l1_0.equipment_id=?
2026-03-04T23:42:00.563+01:00 DEBUG 33404 --- [medical-service] [http-nio-18086-exec-5] org.hibernate.SQL                        : 
    select
        l1_0.equipment_id,
        l1_0.id,
        l1_0.borrower_id,
        l1_0.due_date,
        l1_0.loan_date,
        l1_0.notes,
        l1_0.purpose,
        l1_0.return_date,
        l1_0.status 
    from
        equipment_loans l1_0 
    where
        l1_0.equipment_id=?
2026-03-04T23:42:00.623+01:00 DEBUG 33404 --- [medical-service] [http-nio-18086-exec-5] org.hibernate.SQL                        : 
    select
        l1_0.equipment_id,
        l1_0.id,
        l1_0.borrower_id,
        l1_0.due_date,
        l1_0.loan_date,
        l1_0.notes,
        l1_0.purpose,
        l1_0.return_date,
        l1_0.status 
    from
        equipment_loans l1_0 
    where
        l1_0.equipment_id=?
2026-03-04T23:42:00.682+01:00 DEBUG 33404 --- [medical-service] [http-nio-18086-exec-5] org.hibernate.SQL                        : 
    select
        l1_0.equipment_id,
        l1_0.id,
        l1_0.borrower_id,
        l1_0.due_date,
        l1_0.loan_date,
        l1_0.notes,
        l1_0.purpose,
        l1_0.return_date,
        l1_0.status 
    from
        equipment_loans l1_0 
    where
        l1_0.equipment_id=?
2026-03-04T23:42:00.745+01:00 DEBUG 33404 --- [medical-service] [http-nio-18086-exec-5] org.hibernate.SQL                        : 
    select
        l1_0.equipment_id,
        l1_0.id,
        l1_0.borrower_id,
        l1_0.due_date,
        l1_0.loan_date,
        l1_0.notes,
        l1_0.purpose,
        l1_0.return_date,
        l1_0.status 
    from
        equipment_loans l1_0 
    where
        l1_0.equipment_id=?
2026-03-04T23:42:00.803+01:00 DEBUG 33404 --- [medical-service] [http-nio-18086-exec-5] org.hibernate.SQL                        : 
    select
        l1_0.equipment_id,
        l1_0.id,
        l1_0.borrower_id,
        l1_0.due_date,
        l1_0.loan_date,
        l1_0.notes,
        l1_0.purpose,
        l1_0.return_date,
        l1_0.status 
    from
        equipment_loans l1_0 
    where
        l1_0.equipment_id=?
2026-03-04T23:42:00.863+01:00 DEBUG 33404 --- [medical-service] [http-nio-18086-exec-5] org.hibernate.SQL                        : 
    select
        l1_0.equipment_id,
        l1_0.id,
        l1_0.borrower_id,
        l1_0.due_date,
        l1_0.loan_date,
        l1_0.notes,
        l1_0.purpose,
        l1_0.return_date,
        l1_0.status 
    from
        equipment_loans l1_0 
    where
        l1_0.equipment_id=?
2026-03-04T23:42:00.923+01:00 DEBUG 33404 --- [medical-service] [http-nio-18086-exec-5] org.hibernate.SQL                        : 
    select
        l1_0.equipment_id,
        l1_0.id,
        l1_0.borrower_id,
        l1_0.due_date,
        l1_0.loan_date,
        l1_0.notes,
        l1_0.purpose,
        l1_0.return_date,
        l1_0.status 
    from
        equipment_loans l1_0 
    where
        l1_0.equipment_id=?
2026-03-04T23:42:00.984+01:00 DEBUG 33404 --- [medical-service] [http-nio-18086-exec-5] org.hibernate.SQL                        : 
    select
        l1_0.equipment_id,
        l1_0.id,
        l1_0.borrower_id,
        l1_0.due_date,
        l1_0.loan_date,
        l1_0.notes,
        l1_0.purpose,
        l1_0.return_date,
        l1_0.status 
    from
        equipment_loans l1_0 
    where
        l1_0.equipment_id=?
2026-03-04T23:42:01.043+01:00 DEBUG 33404 --- [medical-service] [http-nio-18086-exec-5] org.hibernate.SQL                        : 
    select
        l1_0.equipment_id,
        l1_0.id,
        l1_0.borrower_id,
        l1_0.due_date,
        l1_0.loan_date,
        l1_0.notes,
        l1_0.purpose,
        l1_0.return_date,
        l1_0.status 
    from
        equipment_loans l1_0 
    where
        l1_0.equipment_id=?
2026-03-04T23:42:01.103+01:00 DEBUG 33404 --- [medical-service] [http-nio-18086-exec-5] org.hibernate.SQL                        : 
    select
        l1_0.equipment_id,
        l1_0.id,
        l1_0.borrower_id,
        l1_0.due_date,
        l1_0.loan_date,
        l1_0.notes,
        l1_0.purpose,
        l1_0.return_date,
        l1_0.status 
    from
        equipment_loans l1_0 
    where
        l1_0.equipment_id=?
2026-03-04T23:42:01.171+01:00 DEBUG 33404 --- [medical-service] [http-nio-18086-exec-5] org.hibernate.SQL                        : 
    select
        l1_0.equipment_id,
        l1_0.id,
        l1_0.borrower_id,
        l1_0.due_date,
        l1_0.loan_date,
        l1_0.notes,
        l1_0.purpose,
        l1_0.return_date,
        l1_0.status 
    from
        equipment_loans l1_0 
    where
        l1_0.equipment_id=?
2026-03-04T23:42:01.235+01:00 DEBUG 33404 --- [medical-service] [http-nio-18086-exec-5] org.hibernate.SQL                        : 
    select
        l1_0.equipment_id,
        l1_0.id,
        l1_0.borrower_id,
        l1_0.due_date,
        l1_0.loan_date,
        l1_0.notes,
        l1_0.purpose,
        l1_0.return_date,
        l1_0.status 
    from
        equipment_loans l1_0 
    where
        l1_0.equipment_id=?
2026-03-04T23:42:01.304+01:00 DEBUG 33404 --- [medical-service] [http-nio-18086-exec-5] org.hibernate.SQL                        : 
    select
        l1_0.equipment_id,
        l1_0.id,
        l1_0.borrower_id,
        l1_0.due_date,
        l1_0.loan_date,
        l1_0.notes,
        l1_0.purpose,
        l1_0.return_date,
        l1_0.status 
    from
        equipment_loans l1_0 
    where
        l1_0.equipment_id=?
2026-03-04T23:42:01.362+01:00 DEBUG 33404 --- [medical-service] [http-nio-18086-exec-5] org.hibernate.SQL                        : 
    select
        l1_0.equipment_id,
        l1_0.id,
        l1_0.borrower_id,
        l1_0.due_date,
        l1_0.loan_date,
        l1_0.notes,
        l1_0.purpose,
        l1_0.return_date,
        l1_0.status 
    from
        equipment_loans l1_0 
    where
        l1_0.equipment_id=?
2026-03-04T23:42:01.445+01:00 DEBUG 33404 --- [medical-service] [http-nio-18086-exec-5] org.hibernate.SQL                        : 
    select
        l1_0.equipment_id,
        l1_0.id,
        l1_0.borrower_id,
        l1_0.due_date,
        l1_0.loan_date,
        l1_0.notes,
        l1_0.purpose,
        l1_0.return_date,
        l1_0.status 
    from
        equipment_loans l1_0 
    where
        l1_0.equipment_id=?
2026-03-04T23:42:01.563+01:00 DEBUG 33404 --- [medical-service] [http-nio-18086-exec-5] o.s.w.s.m.m.a.HttpEntityMethodProcessor  : Using 'application/json', given [application/json, text/plain, */*] and supported [application/json, application/*+json]
2026-03-04T23:42:01.564+01:00 DEBUG 33404 --- [medical-service] [http-nio-18086-exec-5] o.s.w.s.m.m.a.HttpEntityMethodProcessor  : Writing [[EquipmentDTO(id=40, name=Standard Wheelchair, description=Folding wheelchair with footrests, 18" se (truncated)...]
2026-03-04T23:42:01.568+01:00 DEBUG 33404 --- [medical-service] [http-nio-18086-exec-5] o.s.web.servlet.DispatcherServlet        : Completed 200 OK
2026-03-04T23:42:03.037+01:00 DEBUG 33404 --- [medical-service] [DiscoveryClient-CacheRefreshExecutor-%d] o.s.web.client.RestTemplate              : HTTP GET http://localhost:8761/eureka/apps/delta
2026-03-04T23:42:03.037+01:00 DEBUG 33404 --- [medical-service] [DiscoveryClient-HeartbeatExecutor-%d] o.s.web.client.RestTemplate              : HTTP PUT http://localhost:8761/eureka/apps/MEDICAL-SERVICE/DESKTOP-I0BIKTH:medical-service:18086?status=UP&lastDirtyTimestamp=1772663942910
2026-03-04T23:42:03.038+01:00 DEBUG 33404 --- [medical-service] [DiscoveryClient-CacheRefreshExecutor-%d] o.s.web.client.RestTemplate              : Accept=[application/json, application/*+json]
2026-03-04T23:42:03.038+01:00 DEBUG 33404 --- [medical-service] [DiscoveryClient-HeartbeatExecutor-%d] o.s.web.client.RestTemplate              : Accept=[application/json, application/*+json]
2026-03-04T23:42:03.054+01:00 DEBUG 33404 --- [medical-service] [DiscoveryClient-HeartbeatExecutor-%d] o.s.web.client.RestTemplate              : Response 200 OK
2026-03-04T23:42:03.054+01:00 DEBUG 33404 --- [medical-service] [DiscoveryClient-CacheRefreshExecutor-%d] o.s.web.client.RestTemplate              : Response 200 OK
2026-03-04T23:42:03.054+01:00 DEBUG 33404 --- [medical-service] [DiscoveryClient-CacheRefreshExecutor-%d] o.s.web.client.RestTemplate              : Reading to [org.springframework.cloud.netflix.eureka.http.EurekaApplications]
2026-03-04T23:42:33.066+01:00 DEBUG 33404 --- [medical-service] [DiscoveryClient-CacheRefreshExecutor-%d] o.s.web.client.RestTemplate              : HTTP GET http://localhost:8761/eureka/apps/delta
2026-03-04T23:42:33.066+01:00 DEBUG 33404 --- [medical-service] [DiscoveryClient-HeartbeatExecutor-%d] o.s.web.client.RestTemplate              : HTTP PUT http://localhost:8761/eureka/apps/MEDICAL-SERVICE/DESKTOP-I0BIKTH:medical-service:18086?status=UP&lastDirtyTimestamp=1772663942910
2026-03-04T23:42:33.066+01:00 DEBUG 33404 --- [medical-service] [DiscoveryClient-CacheRefreshExecutor-%d] o.s.web.client.RestTemplate              : Accept=[application/json, application/*+json]
2026-03-04T23:42:33.066+01:00 DEBUG 33404 --- [medical-service] [DiscoveryClient-HeartbeatExecutor-%d] o.s.web.client.RestTemplate              : Accept=[application/json, application/*+json]
2026-03-04T23:42:33.083+01:00 DEBUG 33404 --- [medical-service] [DiscoveryClient-CacheRefreshExecutor-%d] o.s.web.client.RestTemplate              : Response 200 OK
2026-03-04T23:42:33.083+01:00 DEBUG 33404 --- [medical-service] [DiscoveryClient-HeartbeatExecutor-%d] o.s.web.client.RestTemplate              : Response 200 OK
2026-03-04T23:42:33.084+01:00 DEBUG 33404 --- [medical-service] [DiscoveryClient-CacheRefreshExecutor-%d] o.s.web.client.RestTemplate              : Reading to [org.springframework.cloud.netflix.eureka.http.EurekaApplications]
2026-03-04T23:42:59.704+01:00 DEBUG 33404 --- [medical-service] [http-nio-18086-exec-10] o.s.web.servlet.DispatcherServlet        : GET "/api/medical/loans/borrower/27/active", parameters={}
2026-03-04T23:42:59.706+01:00 DEBUG 33404 --- [medical-service] [http-nio-18086-exec-10] s.w.s.m.m.a.RequestMappingHandlerMapping : Mapped to org.techhive.medicalservice.controller.EquipmentLoanController#getActiveLoansByBorrower(Long)
2026-03-04T23:42:59.707+01:00 DEBUG 33404 --- [medical-service] [http-nio-18086-exec-2] o.s.web.servlet.DispatcherServlet        : GET "/api/medical/loans/borrower/27", parameters={}
2026-03-04T23:42:59.707+01:00 DEBUG 33404 --- [medical-service] [http-nio-18086-exec-1] o.s.web.servlet.DispatcherServlet        : GET "/api/medical/equipment", parameters={}
2026-03-04T23:42:59.708+01:00 DEBUG 33404 --- [medical-service] [http-nio-18086-exec-2] s.w.s.m.m.a.RequestMappingHandlerMapping : Mapped to org.techhive.medicalservice.controller.EquipmentLoanController#getLoansByBorrowerId(Long)
2026-03-04T23:42:59.708+01:00 DEBUG 33404 --- [medical-service] [http-nio-18086-exec-1] s.w.s.m.m.a.RequestMappingHandlerMapping : Mapped to org.techhive.medicalservice.controller.EquipmentController#getAllEquipment()
2026-03-04T23:42:59.763+01:00  INFO 33404 --- [medical-service] [http-nio-18086-exec-10] o.t.m.c.EquipmentLoanController          : Fetching active loans for borrower ID: 27
2026-03-04T23:42:59.765+01:00 DEBUG 33404 --- [medical-service] [http-nio-18086-exec-10] org.hibernate.SQL                        : 
    select
        el1_0.id,
        el1_0.borrower_id,
        el1_0.due_date,
        el1_0.equipment_id,
        el1_0.loan_date,
        el1_0.notes,
        el1_0.purpose,
        el1_0.return_date,
        el1_0.status 
    from
        equipment_loans el1_0 
    where
        el1_0.borrower_id=? 
        and el1_0.status=?
2026-03-04T23:42:59.766+01:00  INFO 33404 --- [medical-service] [http-nio-18086-exec-1] o.t.m.controller.EquipmentController     : Fetching all equipment
2026-03-04T23:42:59.766+01:00  INFO 33404 --- [medical-service] [http-nio-18086-exec-2] o.t.m.c.EquipmentLoanController          : Fetching loans for borrower ID: 27
2026-03-04T23:42:59.767+01:00 DEBUG 33404 --- [medical-service] [http-nio-18086-exec-1] org.hibernate.SQL                        : 
    select
        e1_0.id,
        e1_0.category,
        e1_0.condition,
        e1_0.description,
        e1_0.donation_date,
        e1_0.donor_id,
        e1_0.name,
        e1_0.status 
    from
        equipments e1_0
2026-03-04T23:42:59.767+01:00 DEBUG 33404 --- [medical-service] [http-nio-18086-exec-2] org.hibernate.SQL                        : 
    select
        el1_0.id,
        el1_0.borrower_id,
        el1_0.due_date,
        el1_0.equipment_id,
        el1_0.loan_date,
        el1_0.notes,
        el1_0.purpose,
        el1_0.return_date,
        el1_0.status 
    from
        equipment_loans el1_0 
    where
        el1_0.borrower_id=?
2026-03-04T23:42:59.872+01:00 DEBUG 33404 --- [medical-service] [http-nio-18086-exec-10] o.s.w.s.m.m.a.HttpEntityMethodProcessor  : Using 'application/json', given [application/json, text/plain, */*] and supported [application/json, application/*+json]
2026-03-04T23:42:59.873+01:00 DEBUG 33404 --- [medical-service] [http-nio-18086-exec-10] o.s.w.s.m.m.a.HttpEntityMethodProcessor  : Writing [[]]
2026-03-04T23:42:59.873+01:00 DEBUG 33404 --- [medical-service] [http-nio-18086-exec-10] o.s.web.servlet.DispatcherServlet        : Completed 200 OK
2026-03-04T23:42:59.884+01:00 DEBUG 33404 --- [medical-service] [http-nio-18086-exec-2] o.s.w.s.m.m.a.HttpEntityMethodProcessor  : Using 'application/json', given [application/json, text/plain, */*] and supported [application/json, application/*+json]
2026-03-04T23:42:59.884+01:00 DEBUG 33404 --- [medical-service] [http-nio-18086-exec-2] o.s.w.s.m.m.a.HttpEntityMethodProcessor  : Writing [[]]
2026-03-04T23:42:59.885+01:00 DEBUG 33404 --- [medical-service] [http-nio-18086-exec-2] o.s.web.servlet.DispatcherServlet        : Completed 200 OK
2026-03-04T23:42:59.890+01:00 DEBUG 33404 --- [medical-service] [http-nio-18086-exec-1] org.hibernate.SQL                        : 
    select
        l1_0.equipment_id,
        l1_0.id,
        l1_0.borrower_id,
        l1_0.due_date,
        l1_0.loan_date,
        l1_0.notes,
        l1_0.purpose,
        l1_0.return_date,
        l1_0.status 
    from
        equipment_loans l1_0 
    where
        l1_0.equipment_id=?
2026-03-04T23:42:59.947+01:00 DEBUG 33404 --- [medical-service] [http-nio-18086-exec-1] org.hibernate.SQL                        : 
    select
        l1_0.equipment_id,
        l1_0.id,
        l1_0.borrower_id,
        l1_0.due_date,
        l1_0.loan_date,
        l1_0.notes,
        l1_0.purpose,
        l1_0.return_date,
        l1_0.status 
    from
        equipment_loans l1_0 
    where
        l1_0.equipment_id=?
2026-03-04T23:43:00.003+01:00 DEBUG 33404 --- [medical-service] [http-nio-18086-exec-1] org.hibernate.SQL                        : 
    select
        l1_0.equipment_id,
        l1_0.id,
        l1_0.borrower_id,
        l1_0.due_date,
        l1_0.loan_date,
        l1_0.notes,
        l1_0.purpose,
        l1_0.return_date,
        l1_0.status 
    from
        equipment_loans l1_0 
    where
        l1_0.equipment_id=?
2026-03-04T23:43:00.063+01:00 DEBUG 33404 --- [medical-service] [http-nio-18086-exec-1] org.hibernate.SQL                        : 
    select
        l1_0.equipment_id,
        l1_0.id,
        l1_0.borrower_id,
        l1_0.due_date,
        l1_0.loan_date,
        l1_0.notes,
        l1_0.purpose,
        l1_0.return_date,
        l1_0.status 
    from
        equipment_loans l1_0 
    where
        l1_0.equipment_id=?
2026-03-04T23:43:00.123+01:00 DEBUG 33404 --- [medical-service] [http-nio-18086-exec-1] org.hibernate.SQL                        : 
    select
        l1_0.equipment_id,
        l1_0.id,
        l1_0.borrower_id,
        l1_0.due_date,
        l1_0.loan_date,
        l1_0.notes,
        l1_0.purpose,
        l1_0.return_date,
        l1_0.status 
    from
        equipment_loans l1_0 
    where
        l1_0.equipment_id=?
2026-03-04T23:43:00.186+01:00 DEBUG 33404 --- [medical-service] [http-nio-18086-exec-1] org.hibernate.SQL                        : 
    select
        l1_0.equipment_id,
        l1_0.id,
        l1_0.borrower_id,
        l1_0.due_date,
        l1_0.loan_date,
        l1_0.notes,
        l1_0.purpose,
        l1_0.return_date,
        l1_0.status 
    from
        equipment_loans l1_0 
    where
        l1_0.equipment_id=?
2026-03-04T23:43:00.243+01:00 DEBUG 33404 --- [medical-service] [http-nio-18086-exec-1] org.hibernate.SQL                        : 
    select
        l1_0.equipment_id,
        l1_0.id,
        l1_0.borrower_id,
        l1_0.due_date,
        l1_0.loan_date,
        l1_0.notes,
        l1_0.purpose,
        l1_0.return_date,
        l1_0.status 
    from
        equipment_loans l1_0 
    where
        l1_0.equipment_id=?
2026-03-04T23:43:00.317+01:00 DEBUG 33404 --- [medical-service] [http-nio-18086-exec-1] org.hibernate.SQL                        : 
    select
        l1_0.equipment_id,
        l1_0.id,
        l1_0.borrower_id,
        l1_0.due_date,
        l1_0.loan_date,
        l1_0.notes,
        l1_0.purpose,
        l1_0.return_date,
        l1_0.status 
    from
        equipment_loans l1_0 
    where
        l1_0.equipment_id=?
2026-03-04T23:43:00.379+01:00 DEBUG 33404 --- [medical-service] [http-nio-18086-exec-1] org.hibernate.SQL                        : 
    select
        l1_0.equipment_id,
        l1_0.id,
        l1_0.borrower_id,
        l1_0.due_date,
        l1_0.loan_date,
        l1_0.notes,
        l1_0.purpose,
        l1_0.return_date,
        l1_0.status 
    from
        equipment_loans l1_0 
    where
        l1_0.equipment_id=?
2026-03-04T23:43:00.439+01:00 DEBUG 33404 --- [medical-service] [http-nio-18086-exec-1] org.hibernate.SQL                        : 
    select
        l1_0.equipment_id,
        l1_0.id,
        l1_0.borrower_id,
        l1_0.due_date,
        l1_0.loan_date,
        l1_0.notes,
        l1_0.purpose,
        l1_0.return_date,
        l1_0.status 
    from
        equipment_loans l1_0 
    where
        l1_0.equipment_id=?
2026-03-04T23:43:00.502+01:00 DEBUG 33404 --- [medical-service] [http-nio-18086-exec-1] org.hibernate.SQL                        : 
    select
        l1_0.equipment_id,
        l1_0.id,
        l1_0.borrower_id,
        l1_0.due_date,
        l1_0.loan_date,
        l1_0.notes,
        l1_0.purpose,
        l1_0.return_date,
        l1_0.status 
    from
        equipment_loans l1_0 
    where
        l1_0.equipment_id=?
2026-03-04T23:43:00.563+01:00 DEBUG 33404 --- [medical-service] [http-nio-18086-exec-1] org.hibernate.SQL                        : 
    select
        l1_0.equipment_id,
        l1_0.id,
        l1_0.borrower_id,
        l1_0.due_date,
        l1_0.loan_date,
        l1_0.notes,
        l1_0.purpose,
        l1_0.return_date,
        l1_0.status 
    from
        equipment_loans l1_0 
    where
        l1_0.equipment_id=?
2026-03-04T23:43:00.623+01:00 DEBUG 33404 --- [medical-service] [http-nio-18086-exec-1] org.hibernate.SQL                        : 
    select
        l1_0.equipment_id,
        l1_0.id,
        l1_0.borrower_id,
        l1_0.due_date,
        l1_0.loan_date,
        l1_0.notes,
        l1_0.purpose,
        l1_0.return_date,
        l1_0.status 
    from
        equipment_loans l1_0 
    where
        l1_0.equipment_id=?
2026-03-04T23:43:00.683+01:00 DEBUG 33404 --- [medical-service] [http-nio-18086-exec-1] org.hibernate.SQL                        : 
    select
        l1_0.equipment_id,
        l1_0.id,
        l1_0.borrower_id,
        l1_0.due_date,
        l1_0.loan_date,
        l1_0.notes,
        l1_0.purpose,
        l1_0.return_date,
        l1_0.status 
    from
        equipment_loans l1_0 
    where
        l1_0.equipment_id=?
2026-03-04T23:43:00.748+01:00 DEBUG 33404 --- [medical-service] [http-nio-18086-exec-1] org.hibernate.SQL                        : 
    select
        l1_0.equipment_id,
        l1_0.id,
        l1_0.borrower_id,
        l1_0.due_date,
        l1_0.loan_date,
        l1_0.notes,
        l1_0.purpose,
        l1_0.return_date,
        l1_0.status 
    from
        equipment_loans l1_0 
    where
        l1_0.equipment_id=?
2026-03-04T23:43:00.807+01:00 DEBUG 33404 --- [medical-service] [http-nio-18086-exec-1] org.hibernate.SQL                        : 
    select
        l1_0.equipment_id,
        l1_0.id,
        l1_0.borrower_id,
        l1_0.due_date,
        l1_0.loan_date,
        l1_0.notes,
        l1_0.purpose,
        l1_0.return_date,
        l1_0.status 
    from
        equipment_loans l1_0 
    where
        l1_0.equipment_id=?
2026-03-04T23:43:00.863+01:00 DEBUG 33404 --- [medical-service] [http-nio-18086-exec-1] org.hibernate.SQL                        : 
    select
        l1_0.equipment_id,
        l1_0.id,
        l1_0.borrower_id,
        l1_0.due_date,
        l1_0.loan_date,
        l1_0.notes,
        l1_0.purpose,
        l1_0.return_date,
        l1_0.status 
    from
        equipment_loans l1_0 
    where
        l1_0.equipment_id=?
2026-03-04T23:43:00.929+01:00 DEBUG 33404 --- [medical-service] [http-nio-18086-exec-1] org.hibernate.SQL                        : 
    select
        l1_0.equipment_id,
        l1_0.id,
        l1_0.borrower_id,
        l1_0.due_date,
        l1_0.loan_date,
        l1_0.notes,
        l1_0.purpose,
        l1_0.return_date,
        l1_0.status 
    from
        equipment_loans l1_0 
    where
        l1_0.equipment_id=?
2026-03-04T23:43:01.004+01:00 DEBUG 33404 --- [medical-service] [http-nio-18086-exec-1] org.hibernate.SQL                        : 
    select
        l1_0.equipment_id,
        l1_0.id,
        l1_0.borrower_id,
        l1_0.due_date,
        l1_0.loan_date,
        l1_0.notes,
        l1_0.purpose,
        l1_0.return_date,
        l1_0.status 
    from
        equipment_loans l1_0 
    where
        l1_0.equipment_id=?
2026-03-04T23:43:01.067+01:00 DEBUG 33404 --- [medical-service] [http-nio-18086-exec-1] org.hibernate.SQL                        : 
    select
        l1_0.equipment_id,
        l1_0.id,
        l1_0.borrower_id,
        l1_0.due_date,
        l1_0.loan_date,
        l1_0.notes,
        l1_0.purpose,
        l1_0.return_date,
        l1_0.status 
    from
        equipment_loans l1_0 
    where
        l1_0.equipment_id=?
2026-03-04T23:43:01.130+01:00 DEBUG 33404 --- [medical-service] [http-nio-18086-exec-1] org.hibernate.SQL                        : 
    select
        l1_0.equipment_id,
        l1_0.id,
        l1_0.borrower_id,
        l1_0.due_date,
        l1_0.loan_date,
        l1_0.notes,
        l1_0.purpose,
        l1_0.return_date,
        l1_0.status 
    from
        equipment_loans l1_0 
    where
        l1_0.equipment_id=?
2026-03-04T23:43:01.212+01:00 DEBUG 33404 --- [medical-service] [http-nio-18086-exec-1] org.hibernate.SQL                        : 
    select
        l1_0.equipment_id,
        l1_0.id,
        l1_0.borrower_id,
        l1_0.due_date,
        l1_0.loan_date,
        l1_0.notes,
        l1_0.purpose,
        l1_0.return_date,
        l1_0.status 
    from
        equipment_loans l1_0 
    where
        l1_0.equipment_id=?
2026-03-04T23:43:01.305+01:00 DEBUG 33404 --- [medical-service] [http-nio-18086-exec-1] org.hibernate.SQL                        : 
    select
        l1_0.equipment_id,
        l1_0.id,
        l1_0.borrower_id,
        l1_0.due_date,
        l1_0.loan_date,
        l1_0.notes,
        l1_0.purpose,
        l1_0.return_date,
        l1_0.status 
    from
        equipment_loans l1_0 
    where
        l1_0.equipment_id=?
2026-03-04T23:43:01.390+01:00 DEBUG 33404 --- [medical-service] [http-nio-18086-exec-1] org.hibernate.SQL                        : 
    select
        l1_0.equipment_id,
        l1_0.id,
        l1_0.borrower_id,
        l1_0.due_date,
        l1_0.loan_date,
        l1_0.notes,
        l1_0.purpose,
        l1_0.return_date,
        l1_0.status 
    from
        equipment_loans l1_0 
    where
        l1_0.equipment_id=?
2026-03-04T23:43:01.443+01:00 DEBUG 33404 --- [medical-service] [http-nio-18086-exec-1] org.hibernate.SQL                        : 
    select
        l1_0.equipment_id,
        l1_0.id,
        l1_0.borrower_id,
        l1_0.due_date,
        l1_0.loan_date,
        l1_0.notes,
        l1_0.purpose,
        l1_0.return_date,
        l1_0.status 
    from
        equipment_loans l1_0 
    where
        l1_0.equipment_id=?
2026-03-04T23:43:01.497+01:00 DEBUG 33404 --- [medical-service] [http-nio-18086-exec-1] org.hibernate.SQL                        : 
    select
        l1_0.equipment_id,
        l1_0.id,
        l1_0.borrower_id,
        l1_0.due_date,
        l1_0.loan_date,
        l1_0.notes,
        l1_0.purpose,
        l1_0.return_date,
        l1_0.status 
    from
        equipment_loans l1_0 
    where
        l1_0.equipment_id=?
2026-03-04T23:43:01.557+01:00 DEBUG 33404 --- [medical-service] [http-nio-18086-exec-1] org.hibernate.SQL                        : 
    select
        l1_0.equipment_id,
        l1_0.id,
        l1_0.borrower_id,
        l1_0.due_date,
        l1_0.loan_date,
        l1_0.notes,
        l1_0.purpose,
        l1_0.return_date,
        l1_0.status 
    from
        equipment_loans l1_0 
    where
        l1_0.equipment_id=?
2026-03-04T23:43:01.626+01:00 DEBUG 33404 --- [medical-service] [http-nio-18086-exec-1] org.hibernate.SQL                        : 
    select
        l1_0.equipment_id,
        l1_0.id,
        l1_0.borrower_id,
        l1_0.due_date,
        l1_0.loan_date,
        l1_0.notes,
        l1_0.purpose,
        l1_0.return_date,
        l1_0.status 
    from
        equipment_loans l1_0 
    where
        l1_0.equipment_id=?
2026-03-04T23:43:01.683+01:00 DEBUG 33404 --- [medical-service] [http-nio-18086-exec-1] org.hibernate.SQL                        : 
    select
        l1_0.equipment_id,
        l1_0.id,
        l1_0.borrower_id,
        l1_0.due_date,
        l1_0.loan_date,
        l1_0.notes,
        l1_0.purpose,
        l1_0.return_date,
        l1_0.status 
    from
        equipment_loans l1_0 
    where
        l1_0.equipment_id=?
2026-03-04T23:43:01.743+01:00 DEBUG 33404 --- [medical-service] [http-nio-18086-exec-1] org.hibernate.SQL                        : 
    select
        l1_0.equipment_id,
        l1_0.id,
        l1_0.borrower_id,
        l1_0.due_date,
        l1_0.loan_date,
        l1_0.notes,
        l1_0.purpose,
        l1_0.return_date,
        l1_0.status 
    from
        equipment_loans l1_0 
    where
        l1_0.equipment_id=?
2026-03-04T23:43:01.802+01:00 DEBUG 33404 --- [medical-service] [http-nio-18086-exec-1] org.hibernate.SQL                        : 
    select
        l1_0.equipment_id,
        l1_0.id,
        l1_0.borrower_id,
        l1_0.due_date,
        l1_0.loan_date,
        l1_0.notes,
        l1_0.purpose,
        l1_0.return_date,
        l1_0.status 
    from
        equipment_loans l1_0 
    where
        l1_0.equipment_id=?
2026-03-04T23:43:01.867+01:00 DEBUG 33404 --- [medical-service] [http-nio-18086-exec-1] org.hibernate.SQL                        : 
    select
        l1_0.equipment_id,
        l1_0.id,
        l1_0.borrower_id,
        l1_0.due_date,
        l1_0.loan_date,
        l1_0.notes,
        l1_0.purpose,
        l1_0.return_date,
        l1_0.status 
    from
        equipment_loans l1_0 
    where
        l1_0.equipment_id=?
2026-03-04T23:43:01.929+01:00 DEBUG 33404 --- [medical-service] [http-nio-18086-exec-1] org.hibernate.SQL                        : 
    select
        l1_0.equipment_id,
        l1_0.id,
        l1_0.borrower_id,
        l1_0.due_date,
        l1_0.loan_date,
        l1_0.notes,
        l1_0.purpose,
        l1_0.return_date,
        l1_0.status 
    from
        equipment_loans l1_0 
    where
        l1_0.equipment_id=?
2026-03-04T23:43:01.985+01:00 DEBUG 33404 --- [medical-service] [http-nio-18086-exec-1] org.hibernate.SQL                        : 
    select
        l1_0.equipment_id,
        l1_0.id,
        l1_0.borrower_id,
        l1_0.due_date,
        l1_0.loan_date,
        l1_0.notes,
        l1_0.purpose,
        l1_0.return_date,
        l1_0.status 
    from
        equipment_loans l1_0 
    where
        l1_0.equipment_id=?
2026-03-04T23:43:02.042+01:00 DEBUG 33404 --- [medical-service] [http-nio-18086-exec-1] org.hibernate.SQL                        : 
    select
        l1_0.equipment_id,
        l1_0.id,
        l1_0.borrower_id,
        l1_0.due_date,
        l1_0.loan_date,
        l1_0.notes,
        l1_0.purpose,
        l1_0.return_date,
        l1_0.status 
    from
        equipment_loans l1_0 
    where
        l1_0.equipment_id=?
2026-03-04T23:43:02.102+01:00 DEBUG 33404 --- [medical-service] [http-nio-18086-exec-1] org.hibernate.SQL                        : 
    select
        l1_0.equipment_id,
        l1_0.id,
        l1_0.borrower_id,
        l1_0.due_date,
        l1_0.loan_date,
        l1_0.notes,
        l1_0.purpose,
        l1_0.return_date,
        l1_0.status 
    from
        equipment_loans l1_0 
    where
        l1_0.equipment_id=?
2026-03-04T23:43:02.162+01:00 DEBUG 33404 --- [medical-service] [http-nio-18086-exec-1] org.hibernate.SQL                        : 
    select
        l1_0.equipment_id,
        l1_0.id,
        l1_0.borrower_id,
        l1_0.due_date,
        l1_0.loan_date,
        l1_0.notes,
        l1_0.purpose,
        l1_0.return_date,
        l1_0.status 
    from
        equipment_loans l1_0 
    where
        l1_0.equipment_id=?
2026-03-04T23:43:02.222+01:00 DEBUG 33404 --- [medical-service] [http-nio-18086-exec-1] org.hibernate.SQL                        : 
    select
        l1_0.equipment_id,
        l1_0.id,
        l1_0.borrower_id,
        l1_0.due_date,
        l1_0.loan_date,
        l1_0.notes,
        l1_0.purpose,
        l1_0.return_date,
        l1_0.status 
    from
        equipment_loans l1_0 
    where
        l1_0.equipment_id=?
2026-03-04T23:43:02.284+01:00 DEBUG 33404 --- [medical-service] [http-nio-18086-exec-1] org.hibernate.SQL                        : 
    select
        l1_0.equipment_id,
        l1_0.id,
        l1_0.borrower_id,
        l1_0.due_date,
        l1_0.loan_date,
        l1_0.notes,
        l1_0.purpose,
        l1_0.return_date,
        l1_0.status 
    from
        equipment_loans l1_0 
    where
        l1_0.equipment_id=?
2026-03-04T23:43:02.344+01:00 DEBUG 33404 --- [medical-service] [http-nio-18086-exec-1] org.hibernate.SQL                        : 
    select
        l1_0.equipment_id,
        l1_0.id,
        l1_0.borrower_id,
        l1_0.due_date,
        l1_0.loan_date,
        l1_0.notes,
        l1_0.purpose,
        l1_0.return_date,
        l1_0.status 
    from
        equipment_loans l1_0 
    where
        l1_0.equipment_id=?
2026-03-04T23:43:02.403+01:00 DEBUG 33404 --- [medical-service] [http-nio-18086-exec-1] org.hibernate.SQL                        : 
    select
        l1_0.equipment_id,
        l1_0.id,
        l1_0.borrower_id,
        l1_0.due_date,
        l1_0.loan_date,
        l1_0.notes,
        l1_0.purpose,
        l1_0.return_date,
        l1_0.status 
    from
        equipment_loans l1_0 
    where
        l1_0.equipment_id=?
2026-03-04T23:43:02.469+01:00 DEBUG 33404 --- [medical-service] [http-nio-18086-exec-1] org.hibernate.SQL                        : 
    select
        l1_0.equipment_id,
        l1_0.id,
        l1_0.borrower_id,
        l1_0.due_date,
        l1_0.loan_date,
        l1_0.notes,
        l1_0.purpose,
        l1_0.return_date,
        l1_0.status 
    from
        equipment_loans l1_0 
    where
        l1_0.equipment_id=?
2026-03-04T23:43:02.545+01:00 DEBUG 33404 --- [medical-service] [http-nio-18086-exec-1] org.hibernate.SQL                        : 
    select
        l1_0.equipment_id,
        l1_0.id,
        l1_0.borrower_id,
        l1_0.due_date,
        l1_0.loan_date,
        l1_0.notes,
        l1_0.purpose,
        l1_0.return_date,
        l1_0.status 
    from
        equipment_loans l1_0 
    where
        l1_0.equipment_id=?
2026-03-04T23:43:02.603+01:00 DEBUG 33404 --- [medical-service] [http-nio-18086-exec-1] org.hibernate.SQL                        : 
    select
        l1_0.equipment_id,
        l1_0.id,
        l1_0.borrower_id,
        l1_0.due_date,
        l1_0.loan_date,
        l1_0.notes,
        l1_0.purpose,
        l1_0.return_date,
        l1_0.status 
    from
        equipment_loans l1_0 
    where
        l1_0.equipment_id=?
2026-03-04T23:43:02.665+01:00 DEBUG 33404 --- [medical-service] [http-nio-18086-exec-1] org.hibernate.SQL                        : 
    select
        l1_0.equipment_id,
        l1_0.id,
        l1_0.borrower_id,
        l1_0.due_date,
        l1_0.loan_date,
        l1_0.notes,
        l1_0.purpose,
        l1_0.return_date,
        l1_0.status 
    from
        equipment_loans l1_0 
    where
        l1_0.equipment_id=?
2026-03-04T23:43:02.724+01:00 DEBUG 33404 --- [medical-service] [http-nio-18086-exec-1] org.hibernate.SQL                        : 
    select
        l1_0.equipment_id,
        l1_0.id,
        l1_0.borrower_id,
        l1_0.due_date,
        l1_0.loan_date,
        l1_0.notes,
        l1_0.purpose,
        l1_0.return_date,
        l1_0.status 
    from
        equipment_loans l1_0 
    where
        l1_0.equipment_id=?
2026-03-04T23:43:02.783+01:00 DEBUG 33404 --- [medical-service] [http-nio-18086-exec-1] org.hibernate.SQL                        : 
    select
        l1_0.equipment_id,
        l1_0.id,
        l1_0.borrower_id,
        l1_0.due_date,
        l1_0.loan_date,
        l1_0.notes,
        l1_0.purpose,
        l1_0.return_date,
        l1_0.status 
    from
        equipment_loans l1_0 
    where
        l1_0.equipment_id=?
2026-03-04T23:43:02.860+01:00 DEBUG 33404 --- [medical-service] [http-nio-18086-exec-1] org.hibernate.SQL                        : 
    select
        l1_0.equipment_id,
        l1_0.id,
        l1_0.borrower_id,
        l1_0.due_date,
        l1_0.loan_date,
        l1_0.notes,
        l1_0.purpose,
        l1_0.return_date,
        l1_0.status 
    from
        equipment_loans l1_0 
    where
        l1_0.equipment_id=?
2026-03-04T23:43:02.915+01:00 DEBUG 33404 --- [medical-service] [http-nio-18086-exec-1] org.hibernate.SQL                        : 
    select
        l1_0.equipment_id,
        l1_0.id,
        l1_0.borrower_id,
        l1_0.due_date,
        l1_0.loan_date,
        l1_0.notes,
        l1_0.purpose,
        l1_0.return_date,
        l1_0.status 
    from
        equipment_loans l1_0 
    where
        l1_0.equipment_id=?
2026-03-04T23:43:02.985+01:00 DEBUG 33404 --- [medical-service] [http-nio-18086-exec-1] org.hibernate.SQL                        : 
    select
        l1_0.equipment_id,
        l1_0.id,
        l1_0.borrower_id,
        l1_0.due_date,
        l1_0.loan_date,
        l1_0.notes,
        l1_0.purpose,
        l1_0.return_date,
        l1_0.status 
    from
        equipment_loans l1_0 
    where
        l1_0.equipment_id=?
2026-03-04T23:43:03.050+01:00 DEBUG 33404 --- [medical-service] [http-nio-18086-exec-1] org.hibernate.SQL                        : 
    select
        l1_0.equipment_id,
        l1_0.id,
        l1_0.borrower_id,
        l1_0.due_date,
        l1_0.loan_date,
        l1_0.notes,
        l1_0.purpose,
        l1_0.return_date,
        l1_0.status 
    from
        equipment_loans l1_0 
    where
        l1_0.equipment_id=?
2026-03-04T23:43:03.088+01:00 DEBUG 33404 --- [medical-service] [DiscoveryClient-CacheRefreshExecutor-%d] o.s.web.client.RestTemplate              : HTTP GET http://localhost:8761/eureka/apps/delta
2026-03-04T23:43:03.088+01:00 DEBUG 33404 --- [medical-service] [DiscoveryClient-HeartbeatExecutor-%d] o.s.web.client.RestTemplate              : HTTP PUT http://localhost:8761/eureka/apps/MEDICAL-SERVICE/DESKTOP-I0BIKTH:medical-service:18086?status=UP&lastDirtyTimestamp=1772663942910
2026-03-04T23:43:03.088+01:00 DEBUG 33404 --- [medical-service] [DiscoveryClient-CacheRefreshExecutor-%d] o.s.web.client.RestTemplate              : Accept=[application/json, application/*+json]
2026-03-04T23:43:03.088+01:00 DEBUG 33404 --- [medical-service] [DiscoveryClient-HeartbeatExecutor-%d] o.s.web.client.RestTemplate              : Accept=[application/json, application/*+json]
2026-03-04T23:43:03.105+01:00 DEBUG 33404 --- [medical-service] [DiscoveryClient-CacheRefreshExecutor-%d] o.s.web.client.RestTemplate              : Response 200 OK
2026-03-04T23:43:03.105+01:00 DEBUG 33404 --- [medical-service] [DiscoveryClient-HeartbeatExecutor-%d] o.s.web.client.RestTemplate              : Response 200 OK
2026-03-04T23:43:03.105+01:00 DEBUG 33404 --- [medical-service] [DiscoveryClient-CacheRefreshExecutor-%d] o.s.web.client.RestTemplate              : Reading to [org.springframework.cloud.netflix.eureka.http.EurekaApplications]
2026-03-04T23:43:03.128+01:00 DEBUG 33404 --- [medical-service] [http-nio-18086-exec-1] org.hibernate.SQL                        : 
    select
        l1_0.equipment_id,
        l1_0.id,
        l1_0.borrower_id,
        l1_0.due_date,
        l1_0.loan_date,
        l1_0.notes,
        l1_0.purpose,
        l1_0.return_date,
        l1_0.status 
    from
        equipment_loans l1_0 
    where
        l1_0.equipment_id=?
2026-03-04T23:43:03.183+01:00 DEBUG 33404 --- [medical-service] [http-nio-18086-exec-1] org.hibernate.SQL                        : 
    select
        l1_0.equipment_id,
        l1_0.id,
        l1_0.borrower_id,
        l1_0.due_date,
        l1_0.loan_date,
        l1_0.notes,
        l1_0.purpose,
        l1_0.return_date,
        l1_0.status 
    from
        equipment_loans l1_0 
    where
        l1_0.equipment_id=?
2026-03-04T23:43:03.244+01:00 DEBUG 33404 --- [medical-service] [http-nio-18086-exec-1] org.hibernate.SQL                        : 
    select
        l1_0.equipment_id,
        l1_0.id,
        l1_0.borrower_id,
        l1_0.due_date,
        l1_0.loan_date,
        l1_0.notes,
        l1_0.purpose,
        l1_0.return_date,
        l1_0.status 
    from
        equipment_loans l1_0 
    where
        l1_0.equipment_id=?
2026-03-04T23:43:03.307+01:00 DEBUG 33404 --- [medical-service] [http-nio-18086-exec-1] org.hibernate.SQL                        : 
    select
        l1_0.equipment_id,
        l1_0.id,
        l1_0.borrower_id,
        l1_0.due_date,
        l1_0.loan_date,
        l1_0.notes,
        l1_0.purpose,
        l1_0.return_date,
        l1_0.status 
    from
        equipment_loans l1_0 
    where
        l1_0.equipment_id=?
2026-03-04T23:43:03.403+01:00 DEBUG 33404 --- [medical-service] [http-nio-18086-exec-1] org.hibernate.SQL                        : 
    select
        l1_0.equipment_id,
        l1_0.id,
        l1_0.borrower_id,
        l1_0.due_date,
        l1_0.loan_date,
        l1_0.notes,
        l1_0.purpose,
        l1_0.return_date,
        l1_0.status 
    from
        equipment_loans l1_0 
    where
        l1_0.equipment_id=?
2026-03-04T23:43:03.477+01:00 DEBUG 33404 --- [medical-service] [http-nio-18086-exec-1] org.hibernate.SQL                        : 
    select
        l1_0.equipment_id,
        l1_0.id,
        l1_0.borrower_id,
        l1_0.due_date,
        l1_0.loan_date,
        l1_0.notes,
        l1_0.purpose,
        l1_0.return_date,
        l1_0.status 
    from
        equipment_loans l1_0 
    where
        l1_0.equipment_id=?
2026-03-04T23:43:03.545+01:00 DEBUG 33404 --- [medical-service] [http-nio-18086-exec-1] org.hibernate.SQL                        : 
    select
        l1_0.equipment_id,
        l1_0.id,
        l1_0.borrower_id,
        l1_0.due_date,
        l1_0.loan_date,
        l1_0.notes,
        l1_0.purpose,
        l1_0.return_date,
        l1_0.status 
    from
        equipment_loans l1_0 
    where
        l1_0.equipment_id=?
2026-03-04T23:43:03.613+01:00 DEBUG 33404 --- [medical-service] [http-nio-18086-exec-1] org.hibernate.SQL                        : 
    select
        l1_0.equipment_id,
        l1_0.id,
        l1_0.borrower_id,
        l1_0.due_date,
        l1_0.loan_date,
        l1_0.notes,
        l1_0.purpose,
        l1_0.return_date,
        l1_0.status 
    from
        equipment_loans l1_0 
    where
        l1_0.equipment_id=?
2026-03-04T23:43:03.679+01:00 DEBUG 33404 --- [medical-service] [http-nio-18086-exec-1] org.hibernate.SQL                        : 
    select
        l1_0.equipment_id,
        l1_0.id,
        l1_0.borrower_id,
        l1_0.due_date,
        l1_0.loan_date,
        l1_0.notes,
        l1_0.purpose,
        l1_0.return_date,
        l1_0.status 
    from
        equipment_loans l1_0 
    where
        l1_0.equipment_id=?
2026-03-04T23:43:03.743+01:00 DEBUG 33404 --- [medical-service] [http-nio-18086-exec-1] org.hibernate.SQL                        : 
    select
        l1_0.equipment_id,
        l1_0.id,
        l1_0.borrower_id,
        l1_0.due_date,
        l1_0.loan_date,
        l1_0.notes,
        l1_0.purpose,
        l1_0.return_date,
        l1_0.status 
    from
        equipment_loans l1_0 
    where
        l1_0.equipment_id=?
2026-03-04T23:43:03.858+01:00 DEBUG 33404 --- [medical-service] [http-nio-18086-exec-1] o.s.w.s.m.m.a.HttpEntityMethodProcessor  : Using 'application/json', given [application/json, text/plain, */*] and supported [application/json, application/*+json]
2026-03-04T23:43:03.858+01:00 DEBUG 33404 --- [medical-service] [http-nio-18086-exec-1] o.s.w.s.m.m.a.HttpEntityMethodProcessor  : Writing [[EquipmentDTO(id=40, name=Standard Wheelchair, description=Folding wheelchair with footrests, 18" se (truncated)...]
2026-03-04T23:43:03.861+01:00 DEBUG 33404 --- [medical-service] [http-nio-18086-exec-1] o.s.web.servlet.DispatcherServlet        : Completed 200 OK
2026-03-04T23:43:04.972+01:00 DEBUG 33404 --- [medical-service] [http-nio-18086-exec-3] o.s.web.servlet.DispatcherServlet        : GET "/api/medical/loans/borrower/27", parameters={}
2026-03-04T23:43:04.973+01:00 DEBUG 33404 --- [medical-service] [http-nio-18086-exec-3] s.w.s.m.m.a.RequestMappingHandlerMapping : Mapped to org.techhive.medicalservice.controller.EquipmentLoanController#getLoansByBorrowerId(Long)
2026-03-04T23:43:05.042+01:00  INFO 33404 --- [medical-service] [http-nio-18086-exec-3] o.t.m.c.EquipmentLoanController          : Fetching loans for borrower ID: 27
2026-03-04T23:43:05.045+01:00 DEBUG 33404 --- [medical-service] [http-nio-18086-exec-3] org.hibernate.SQL                        : 
    select
        el1_0.id,
        el1_0.borrower_id,
        el1_0.due_date,
        el1_0.equipment_id,
        el1_0.loan_date,
        el1_0.notes,
        el1_0.purpose,
        el1_0.return_date,
        el1_0.status 
    from
        equipment_loans el1_0 
    where
        el1_0.borrower_id=?
2026-03-04T23:43:05.163+01:00 DEBUG 33404 --- [medical-service] [http-nio-18086-exec-3] o.s.w.s.m.m.a.HttpEntityMethodProcessor  : Using 'application/json', given [application/json, text/plain, */*] and supported [application/json, application/*+json]
2026-03-04T23:43:05.163+01:00 DEBUG 33404 --- [medical-service] [http-nio-18086-exec-3] o.s.w.s.m.m.a.HttpEntityMethodProcessor  : Writing [[]]
2026-03-04T23:43:05.164+01:00 DEBUG 33404 --- [medical-service] [http-nio-18086-exec-3] o.s.web.servlet.DispatcherServlet        : Completed 200 OK
2026-03-04T23:43:09.086+01:00 DEBUG 33404 --- [medical-service] [http-nio-18086-exec-4] o.s.web.servlet.DispatcherServlet        : GET "/api/medical/loans/borrower/27", parameters={}
2026-03-04T23:43:09.087+01:00 DEBUG 33404 --- [medical-service] [http-nio-18086-exec-4] s.w.s.m.m.a.RequestMappingHandlerMapping : Mapped to org.techhive.medicalservice.controller.EquipmentLoanController#getLoansByBorrowerId(Long)
2026-03-04T23:43:09.088+01:00 DEBUG 33404 --- [medical-service] [http-nio-18086-exec-6] o.s.web.servlet.DispatcherServlet        : GET "/api/medical/loans/borrower/27/active", parameters={}
2026-03-04T23:43:09.090+01:00 DEBUG 33404 --- [medical-service] [http-nio-18086-exec-7] o.s.web.servlet.DispatcherServlet        : GET "/api/medical/equipment", parameters={}
2026-03-04T23:43:09.090+01:00 DEBUG 33404 --- [medical-service] [http-nio-18086-exec-6] s.w.s.m.m.a.RequestMappingHandlerMapping : Mapped to org.techhive.medicalservice.controller.EquipmentLoanController#getActiveLoansByBorrower(Long)
2026-03-04T23:43:09.090+01:00 DEBUG 33404 --- [medical-service] [http-nio-18086-exec-7] s.w.s.m.m.a.RequestMappingHandlerMapping : Mapped to org.techhive.medicalservice.controller.EquipmentController#getAllEquipment()
2026-03-04T23:43:09.142+01:00  INFO 33404 --- [medical-service] [http-nio-18086-exec-4] o.t.m.c.EquipmentLoanController          : Fetching loans for borrower ID: 27
2026-03-04T23:43:09.144+01:00 DEBUG 33404 --- [medical-service] [http-nio-18086-exec-4] org.hibernate.SQL                        : 
    select
        el1_0.id,
        el1_0.borrower_id,
        el1_0.due_date,
        el1_0.equipment_id,
        el1_0.loan_date,
        el1_0.notes,
        el1_0.purpose,
        el1_0.return_date,
        el1_0.status 
    from
        equipment_loans el1_0 
    where
        el1_0.borrower_id=?
2026-03-04T23:43:09.153+01:00  INFO 33404 --- [medical-service] [http-nio-18086-exec-6] o.t.m.c.EquipmentLoanController          : Fetching active loans for borrower ID: 27
2026-03-04T23:43:09.153+01:00  INFO 33404 --- [medical-service] [http-nio-18086-exec-7] o.t.m.controller.EquipmentController     : Fetching all equipment
2026-03-04T23:43:09.154+01:00 DEBUG 33404 --- [medical-service] [http-nio-18086-exec-7] org.hibernate.SQL                        : 
    select
        e1_0.id,
        e1_0.category,
        e1_0.condition,
        e1_0.description,
        e1_0.donation_date,
        e1_0.donor_id,
        e1_0.name,
        e1_0.status 
    from
        equipments e1_0
2026-03-04T23:43:09.155+01:00 DEBUG 33404 --- [medical-service] [http-nio-18086-exec-6] org.hibernate.SQL                        : 
    select
        el1_0.id,
        el1_0.borrower_id,
        el1_0.due_date,
        el1_0.equipment_id,
        el1_0.loan_date,
        el1_0.notes,
        el1_0.purpose,
        el1_0.return_date,
        el1_0.status 
    from
        equipment_loans el1_0 
    where
        el1_0.borrower_id=? 
        and el1_0.status=?
2026-03-04T23:43:09.286+01:00 DEBUG 33404 --- [medical-service] [http-nio-18086-exec-4] o.s.w.s.m.m.a.HttpEntityMethodProcessor  : Using 'application/json', given [application/json, text/plain, */*] and supported [application/json, application/*+json]
2026-03-04T23:43:09.287+01:00 DEBUG 33404 --- [medical-service] [http-nio-18086-exec-4] o.s.w.s.m.m.a.HttpEntityMethodProcessor  : Writing [[]]
2026-03-04T23:43:09.287+01:00 DEBUG 33404 --- [medical-service] [http-nio-18086-exec-4] o.s.web.servlet.DispatcherServlet        : Completed 200 OK
2026-03-04T23:43:09.294+01:00 DEBUG 33404 --- [medical-service] [http-nio-18086-exec-7] org.hibernate.SQL                        : 
    select
        l1_0.equipment_id,
        l1_0.id,
        l1_0.borrower_id,
        l1_0.due_date,
        l1_0.loan_date,
        l1_0.notes,
        l1_0.purpose,
        l1_0.return_date,
        l1_0.status 
    from
        equipment_loans l1_0 
    where
        l1_0.equipment_id=?
2026-03-04T23:43:09.317+01:00 DEBUG 33404 --- [medical-service] [http-nio-18086-exec-6] o.s.w.s.m.m.a.HttpEntityMethodProcessor  : Using 'application/json', given [application/json, text/plain, */*] and supported [application/json, application/*+json]
2026-03-04T23:43:09.317+01:00 DEBUG 33404 --- [medical-service] [http-nio-18086-exec-6] o.s.w.s.m.m.a.HttpEntityMethodProcessor  : Writing [[]]
2026-03-04T23:43:09.318+01:00 DEBUG 33404 --- [medical-service] [http-nio-18086-exec-6] o.s.web.servlet.DispatcherServlet        : Completed 200 OK
2026-03-04T23:43:09.365+01:00 DEBUG 33404 --- [medical-service] [http-nio-18086-exec-7] org.hibernate.SQL                        : 
    select
        l1_0.equipment_id,
        l1_0.id,
        l1_0.borrower_id,
        l1_0.due_date,
        l1_0.loan_date,
        l1_0.notes,
        l1_0.purpose,
        l1_0.return_date,
        l1_0.status 
    from
        equipment_loans l1_0 
    where
        l1_0.equipment_id=?
2026-03-04T23:43:09.425+01:00 DEBUG 33404 --- [medical-service] [http-nio-18086-exec-7] org.hibernate.SQL                        : 
    select
        l1_0.equipment_id,
        l1_0.id,
        l1_0.borrower_id,
        l1_0.due_date,
        l1_0.loan_date,
        l1_0.notes,
        l1_0.purpose,
        l1_0.return_date,
        l1_0.status 
    from
        equipment_loans l1_0 
    where
        l1_0.equipment_id=?
2026-03-04T23:43:09.479+01:00 DEBUG 33404 --- [medical-service] [http-nio-18086-exec-7] org.hibernate.SQL                        : 
    select
        l1_0.equipment_id,
        l1_0.id,
        l1_0.borrower_id,
        l1_0.due_date,
        l1_0.loan_date,
        l1_0.notes,
        l1_0.purpose,
        l1_0.return_date,
        l1_0.status 
    from
        equipment_loans l1_0 
    where
        l1_0.equipment_id=?
2026-03-04T23:43:09.548+01:00 DEBUG 33404 --- [medical-service] [http-nio-18086-exec-7] org.hibernate.SQL                        : 
    select
        l1_0.equipment_id,
        l1_0.id,
        l1_0.borrower_id,
        l1_0.due_date,
        l1_0.loan_date,
        l1_0.notes,
        l1_0.purpose,
        l1_0.return_date,
        l1_0.status 
    from
        equipment_loans l1_0 
    where
        l1_0.equipment_id=?
2026-03-04T23:43:09.610+01:00 DEBUG 33404 --- [medical-service] [http-nio-18086-exec-7] org.hibernate.SQL                        : 
    select
        l1_0.equipment_id,
        l1_0.id,
        l1_0.borrower_id,
        l1_0.due_date,
        l1_0.loan_date,
        l1_0.notes,
        l1_0.purpose,
        l1_0.return_date,
        l1_0.status 
    from
        equipment_loans l1_0 
    where
        l1_0.equipment_id=?
2026-03-04T23:43:09.663+01:00 DEBUG 33404 --- [medical-service] [http-nio-18086-exec-7] org.hibernate.SQL                        : 
    select
        l1_0.equipment_id,
        l1_0.id,
        l1_0.borrower_id,
        l1_0.due_date,
        l1_0.loan_date,
        l1_0.notes,
        l1_0.purpose,
        l1_0.return_date,
        l1_0.status 
    from
        equipment_loans l1_0 
    where
        l1_0.equipment_id=?
2026-03-04T23:43:09.723+01:00 DEBUG 33404 --- [medical-service] [http-nio-18086-exec-7] org.hibernate.SQL                        : 
    select
        l1_0.equipment_id,
        l1_0.id,
        l1_0.borrower_id,
        l1_0.due_date,
        l1_0.loan_date,
        l1_0.notes,
        l1_0.purpose,
        l1_0.return_date,
        l1_0.status 
    from
        equipment_loans l1_0 
    where
        l1_0.equipment_id=?
2026-03-04T23:43:09.789+01:00 DEBUG 33404 --- [medical-service] [http-nio-18086-exec-7] org.hibernate.SQL                        : 
    select
        l1_0.equipment_id,
        l1_0.id,
        l1_0.borrower_id,
        l1_0.due_date,
        l1_0.loan_date,
        l1_0.notes,
        l1_0.purpose,
        l1_0.return_date,
        l1_0.status 
    from
        equipment_loans l1_0 
    where
        l1_0.equipment_id=?
2026-03-04T23:43:09.845+01:00 DEBUG 33404 --- [medical-service] [http-nio-18086-exec-7] org.hibernate.SQL                        : 
    select
        l1_0.equipment_id,
        l1_0.id,
        l1_0.borrower_id,
        l1_0.due_date,
        l1_0.loan_date,
        l1_0.notes,
        l1_0.purpose,
        l1_0.return_date,
        l1_0.status 
    from
        equipment_loans l1_0 
    where
        l1_0.equipment_id=?
2026-03-04T23:43:09.910+01:00 DEBUG 33404 --- [medical-service] [http-nio-18086-exec-7] org.hibernate.SQL                        : 
    select
        l1_0.equipment_id,
        l1_0.id,
        l1_0.borrower_id,
        l1_0.due_date,
        l1_0.loan_date,
        l1_0.notes,
        l1_0.purpose,
        l1_0.return_date,
        l1_0.status 
    from
        equipment_loans l1_0 
    where
        l1_0.equipment_id=?
2026-03-04T23:43:09.963+01:00 DEBUG 33404 --- [medical-service] [http-nio-18086-exec-7] org.hibernate.SQL                        : 
    select
        l1_0.equipment_id,
        l1_0.id,
        l1_0.borrower_id,
        l1_0.due_date,
        l1_0.loan_date,
        l1_0.notes,
        l1_0.purpose,
        l1_0.return_date,
        l1_0.status 
    from
        equipment_loans l1_0 
    where
        l1_0.equipment_id=?
2026-03-04T23:43:10.019+01:00 DEBUG 33404 --- [medical-service] [http-nio-18086-exec-7] org.hibernate.SQL                        : 
    select
        l1_0.equipment_id,
        l1_0.id,
        l1_0.borrower_id,
        l1_0.due_date,
        l1_0.loan_date,
        l1_0.notes,
        l1_0.purpose,
        l1_0.return_date,
        l1_0.status 
    from
        equipment_loans l1_0 
    where
        l1_0.equipment_id=?
2026-03-04T23:43:10.083+01:00 DEBUG 33404 --- [medical-service] [http-nio-18086-exec-7] org.hibernate.SQL                        : 
    select
        l1_0.equipment_id,
        l1_0.id,
        l1_0.borrower_id,
        l1_0.due_date,
        l1_0.loan_date,
        l1_0.notes,
        l1_0.purpose,
        l1_0.return_date,
        l1_0.status 
    from
        equipment_loans l1_0 
    where
        l1_0.equipment_id=?
2026-03-04T23:43:10.158+01:00 DEBUG 33404 --- [medical-service] [http-nio-18086-exec-7] org.hibernate.SQL                        : 
    select
        l1_0.equipment_id,
        l1_0.id,
        l1_0.borrower_id,
        l1_0.due_date,
        l1_0.loan_date,
        l1_0.notes,
        l1_0.purpose,
        l1_0.return_date,
        l1_0.status 
    from
        equipment_loans l1_0 
    where
        l1_0.equipment_id=?
2026-03-04T23:43:10.230+01:00 DEBUG 33404 --- [medical-service] [http-nio-18086-exec-7] org.hibernate.SQL                        : 
    select
        l1_0.equipment_id,
        l1_0.id,
        l1_0.borrower_id,
        l1_0.due_date,
        l1_0.loan_date,
        l1_0.notes,
        l1_0.purpose,
        l1_0.return_date,
        l1_0.status 
    from
        equipment_loans l1_0 
    where
        l1_0.equipment_id=?
2026-03-04T23:43:10.286+01:00 DEBUG 33404 --- [medical-service] [http-nio-18086-exec-7] org.hibernate.SQL                        : 
    select
        l1_0.equipment_id,
        l1_0.id,
        l1_0.borrower_id,
        l1_0.due_date,
        l1_0.loan_date,
        l1_0.notes,
        l1_0.purpose,
        l1_0.return_date,
        l1_0.status 
    from
        equipment_loans l1_0 
    where
        l1_0.equipment_id=?
2026-03-04T23:43:10.344+01:00 DEBUG 33404 --- [medical-service] [http-nio-18086-exec-7] org.hibernate.SQL                        : 
    select
        l1_0.equipment_id,
        l1_0.id,
        l1_0.borrower_id,
        l1_0.due_date,
        l1_0.loan_date,
        l1_0.notes,
        l1_0.purpose,
        l1_0.return_date,
        l1_0.status 
    from
        equipment_loans l1_0 
    where
        l1_0.equipment_id=?
2026-03-04T23:43:10.411+01:00 DEBUG 33404 --- [medical-service] [http-nio-18086-exec-7] org.hibernate.SQL                        : 
    select
        l1_0.equipment_id,
        l1_0.id,
        l1_0.borrower_id,
        l1_0.due_date,
        l1_0.loan_date,
        l1_0.notes,
        l1_0.purpose,
        l1_0.return_date,
        l1_0.status 
    from
        equipment_loans l1_0 
    where
        l1_0.equipment_id=?
2026-03-04T23:43:10.484+01:00 DEBUG 33404 --- [medical-service] [http-nio-18086-exec-7] org.hibernate.SQL                        : 
    select
        l1_0.equipment_id,
        l1_0.id,
        l1_0.borrower_id,
        l1_0.due_date,
        l1_0.loan_date,
        l1_0.notes,
        l1_0.purpose,
        l1_0.return_date,
        l1_0.status 
    from
        equipment_loans l1_0 
    where
        l1_0.equipment_id=?
2026-03-04T23:43:10.543+01:00 DEBUG 33404 --- [medical-service] [http-nio-18086-exec-7] org.hibernate.SQL                        : 
    select
        l1_0.equipment_id,
        l1_0.id,
        l1_0.borrower_id,
        l1_0.due_date,
        l1_0.loan_date,
        l1_0.notes,
        l1_0.purpose,
        l1_0.return_date,
        l1_0.status 
    from
        equipment_loans l1_0 
    where
        l1_0.equipment_id=?
2026-03-04T23:43:10.603+01:00 DEBUG 33404 --- [medical-service] [http-nio-18086-exec-7] org.hibernate.SQL                        : 
    select
        l1_0.equipment_id,
        l1_0.id,
        l1_0.borrower_id,
        l1_0.due_date,
        l1_0.loan_date,
        l1_0.notes,
        l1_0.purpose,
        l1_0.return_date,
        l1_0.status 
    from
        equipment_loans l1_0 
    where
        l1_0.equipment_id=?
2026-03-04T23:43:10.665+01:00 DEBUG 33404 --- [medical-service] [http-nio-18086-exec-7] org.hibernate.SQL                        : 
    select
        l1_0.equipment_id,
        l1_0.id,
        l1_0.borrower_id,
        l1_0.due_date,
        l1_0.loan_date,
        l1_0.notes,
        l1_0.purpose,
        l1_0.return_date,
        l1_0.status 
    from
        equipment_loans l1_0 
    where
        l1_0.equipment_id=?
2026-03-04T23:43:10.724+01:00 DEBUG 33404 --- [medical-service] [http-nio-18086-exec-7] org.hibernate.SQL                        : 
    select
        l1_0.equipment_id,
        l1_0.id,
        l1_0.borrower_id,
        l1_0.due_date,
        l1_0.loan_date,
        l1_0.notes,
        l1_0.purpose,
        l1_0.return_date,
        l1_0.status 
    from
        equipment_loans l1_0 
    where
        l1_0.equipment_id=?
2026-03-04T23:43:10.783+01:00 DEBUG 33404 --- [medical-service] [http-nio-18086-exec-7] org.hibernate.SQL                        : 
    select
        l1_0.equipment_id,
        l1_0.id,
        l1_0.borrower_id,
        l1_0.due_date,
        l1_0.loan_date,
        l1_0.notes,
        l1_0.purpose,
        l1_0.return_date,
        l1_0.status 
    from
        equipment_loans l1_0 
    where
        l1_0.equipment_id=?
2026-03-04T23:43:10.844+01:00 DEBUG 33404 --- [medical-service] [http-nio-18086-exec-7] org.hibernate.SQL                        : 
    select
        l1_0.equipment_id,
        l1_0.id,
        l1_0.borrower_id,
        l1_0.due_date,
        l1_0.loan_date,
        l1_0.notes,
        l1_0.purpose,
        l1_0.return_date,
        l1_0.status 
    from
        equipment_loans l1_0 
    where
        l1_0.equipment_id=?
2026-03-04T23:43:10.903+01:00 DEBUG 33404 --- [medical-service] [http-nio-18086-exec-7] org.hibernate.SQL                        : 
    select
        l1_0.equipment_id,
        l1_0.id,
        l1_0.borrower_id,
        l1_0.due_date,
        l1_0.loan_date,
        l1_0.notes,
        l1_0.purpose,
        l1_0.return_date,
        l1_0.status 
    from
        equipment_loans l1_0 
    where
        l1_0.equipment_id=?
2026-03-04T23:43:10.962+01:00 DEBUG 33404 --- [medical-service] [http-nio-18086-exec-7] org.hibernate.SQL                        : 
    select
        l1_0.equipment_id,
        l1_0.id,
        l1_0.borrower_id,
        l1_0.due_date,
        l1_0.loan_date,
        l1_0.notes,
        l1_0.purpose,
        l1_0.return_date,
        l1_0.status 
    from
        equipment_loans l1_0 
    where
        l1_0.equipment_id=?
2026-03-04T23:43:11.019+01:00 DEBUG 33404 --- [medical-service] [http-nio-18086-exec-7] org.hibernate.SQL                        : 
    select
        l1_0.equipment_id,
        l1_0.id,
        l1_0.borrower_id,
        l1_0.due_date,
        l1_0.loan_date,
        l1_0.notes,
        l1_0.purpose,
        l1_0.return_date,
        l1_0.status 
    from
        equipment_loans l1_0 
    where
        l1_0.equipment_id=?
2026-03-04T23:43:11.084+01:00 DEBUG 33404 --- [medical-service] [http-nio-18086-exec-7] org.hibernate.SQL                        : 
    select
        l1_0.equipment_id,
        l1_0.id,
        l1_0.borrower_id,
        l1_0.due_date,
        l1_0.loan_date,
        l1_0.notes,
        l1_0.purpose,
        l1_0.return_date,
        l1_0.status 
    from
        equipment_loans l1_0 
    where
        l1_0.equipment_id=?
2026-03-04T23:43:11.148+01:00 DEBUG 33404 --- [medical-service] [http-nio-18086-exec-7] org.hibernate.SQL                        : 
    select
        l1_0.equipment_id,
        l1_0.id,
        l1_0.borrower_id,
        l1_0.due_date,
        l1_0.loan_date,
        l1_0.notes,
        l1_0.purpose,
        l1_0.return_date,
        l1_0.status 
    from
        equipment_loans l1_0 
    where
        l1_0.equipment_id=?
2026-03-04T23:43:11.207+01:00 DEBUG 33404 --- [medical-service] [http-nio-18086-exec-7] org.hibernate.SQL                        : 
    select
        l1_0.equipment_id,
        l1_0.id,
        l1_0.borrower_id,
        l1_0.due_date,
        l1_0.loan_date,
        l1_0.notes,
        l1_0.purpose,
        l1_0.return_date,
        l1_0.status 
    from
        equipment_loans l1_0 
    where
        l1_0.equipment_id=?
2026-03-04T23:43:11.273+01:00 DEBUG 33404 --- [medical-service] [http-nio-18086-exec-7] org.hibernate.SQL                        : 
    select
        l1_0.equipment_id,
        l1_0.id,
        l1_0.borrower_id,
        l1_0.due_date,
        l1_0.loan_date,
        l1_0.notes,
        l1_0.purpose,
        l1_0.return_date,
        l1_0.status 
    from
        equipment_loans l1_0 
    where
        l1_0.equipment_id=?
2026-03-04T23:43:11.350+01:00 DEBUG 33404 --- [medical-service] [http-nio-18086-exec-7] org.hibernate.SQL                        : 
    select
        l1_0.equipment_id,
        l1_0.id,
        l1_0.borrower_id,
        l1_0.due_date,
        l1_0.loan_date,
        l1_0.notes,
        l1_0.purpose,
        l1_0.return_date,
        l1_0.status 
    from
        equipment_loans l1_0 
    where
        l1_0.equipment_id=?
2026-03-04T23:43:11.403+01:00 DEBUG 33404 --- [medical-service] [http-nio-18086-exec-7] org.hibernate.SQL                        : 
    select
        l1_0.equipment_id,
        l1_0.id,
        l1_0.borrower_id,
        l1_0.due_date,
        l1_0.loan_date,
        l1_0.notes,
        l1_0.purpose,
        l1_0.return_date,
        l1_0.status 
    from
        equipment_loans l1_0 
    where
        l1_0.equipment_id=?
2026-03-04T23:43:11.463+01:00 DEBUG 33404 --- [medical-service] [http-nio-18086-exec-7] org.hibernate.SQL                        : 
    select
        l1_0.equipment_id,
        l1_0.id,
        l1_0.borrower_id,
        l1_0.due_date,
        l1_0.loan_date,
        l1_0.notes,
        l1_0.purpose,
        l1_0.return_date,
        l1_0.status 
    from
        equipment_loans l1_0 
    where
        l1_0.equipment_id=?
2026-03-04T23:43:11.564+01:00 DEBUG 33404 --- [medical-service] [http-nio-18086-exec-7] org.hibernate.SQL                        : 
    select
        l1_0.equipment_id,
        l1_0.id,
        l1_0.borrower_id,
        l1_0.due_date,
        l1_0.loan_date,
        l1_0.notes,
        l1_0.purpose,
        l1_0.return_date,
        l1_0.status 
    from
        equipment_loans l1_0 
    where
        l1_0.equipment_id=?
2026-03-04T23:43:11.629+01:00 DEBUG 33404 --- [medical-service] [http-nio-18086-exec-7] org.hibernate.SQL                        : 
    select
        l1_0.equipment_id,
        l1_0.id,
        l1_0.borrower_id,
        l1_0.due_date,
        l1_0.loan_date,
        l1_0.notes,
        l1_0.purpose,
        l1_0.return_date,
        l1_0.status 
    from
        equipment_loans l1_0 
    where
        l1_0.equipment_id=?
2026-03-04T23:43:11.692+01:00 DEBUG 33404 --- [medical-service] [http-nio-18086-exec-7] org.hibernate.SQL                        : 
    select
        l1_0.equipment_id,
        l1_0.id,
        l1_0.borrower_id,
        l1_0.due_date,
        l1_0.loan_date,
        l1_0.notes,
        l1_0.purpose,
        l1_0.return_date,
        l1_0.status 
    from
        equipment_loans l1_0 
    where
        l1_0.equipment_id=?
2026-03-04T23:43:11.750+01:00 DEBUG 33404 --- [medical-service] [http-nio-18086-exec-7] org.hibernate.SQL                        : 
    select
        l1_0.equipment_id,
        l1_0.id,
        l1_0.borrower_id,
        l1_0.due_date,
        l1_0.loan_date,
        l1_0.notes,
        l1_0.purpose,
        l1_0.return_date,
        l1_0.status 
    from
        equipment_loans l1_0 
    where
        l1_0.equipment_id=?
2026-03-04T23:43:11.827+01:00 DEBUG 33404 --- [medical-service] [http-nio-18086-exec-7] org.hibernate.SQL                        : 
    select
        l1_0.equipment_id,
        l1_0.id,
        l1_0.borrower_id,
        l1_0.due_date,
        l1_0.loan_date,
        l1_0.notes,
        l1_0.purpose,
        l1_0.return_date,
        l1_0.status 
    from
        equipment_loans l1_0 
    where
        l1_0.equipment_id=?
2026-03-04T23:43:11.889+01:00 DEBUG 33404 --- [medical-service] [http-nio-18086-exec-7] org.hibernate.SQL                        : 
    select
        l1_0.equipment_id,
        l1_0.id,
        l1_0.borrower_id,
        l1_0.due_date,
        l1_0.loan_date,
        l1_0.notes,
        l1_0.purpose,
        l1_0.return_date,
        l1_0.status 
    from
        equipment_loans l1_0 
    where
        l1_0.equipment_id=?
2026-03-04T23:43:11.954+01:00 DEBUG 33404 --- [medical-service] [http-nio-18086-exec-7] org.hibernate.SQL                        : 
    select
        l1_0.equipment_id,
        l1_0.id,
        l1_0.borrower_id,
        l1_0.due_date,
        l1_0.loan_date,
        l1_0.notes,
        l1_0.purpose,
        l1_0.return_date,
        l1_0.status 
    from
        equipment_loans l1_0 
    where
        l1_0.equipment_id=?
2026-03-04T23:43:12.023+01:00 DEBUG 33404 --- [medical-service] [http-nio-18086-exec-7] org.hibernate.SQL                        : 
    select
        l1_0.equipment_id,
        l1_0.id,
        l1_0.borrower_id,
        l1_0.due_date,
        l1_0.loan_date,
        l1_0.notes,
        l1_0.purpose,
        l1_0.return_date,
        l1_0.status 
    from
        equipment_loans l1_0 
    where
        l1_0.equipment_id=?
2026-03-04T23:43:12.084+01:00 DEBUG 33404 --- [medical-service] [http-nio-18086-exec-7] org.hibernate.SQL                        : 
    select
        l1_0.equipment_id,
        l1_0.id,
        l1_0.borrower_id,
        l1_0.due_date,
        l1_0.loan_date,
        l1_0.notes,
        l1_0.purpose,
        l1_0.return_date,
        l1_0.status 
    from
        equipment_loans l1_0 
    where
        l1_0.equipment_id=?
2026-03-04T23:43:12.143+01:00 DEBUG 33404 --- [medical-service] [http-nio-18086-exec-7] org.hibernate.SQL                        : 
    select
        l1_0.equipment_id,
        l1_0.id,
        l1_0.borrower_id,
        l1_0.due_date,
        l1_0.loan_date,
        l1_0.notes,
        l1_0.purpose,
        l1_0.return_date,
        l1_0.status 
    from
        equipment_loans l1_0 
    where
        l1_0.equipment_id=?
2026-03-04T23:43:12.211+01:00 DEBUG 33404 --- [medical-service] [http-nio-18086-exec-7] org.hibernate.SQL                        : 
    select
        l1_0.equipment_id,
        l1_0.id,
        l1_0.borrower_id,
        l1_0.due_date,
        l1_0.loan_date,
        l1_0.notes,
        l1_0.purpose,
        l1_0.return_date,
        l1_0.status 
    from
        equipment_loans l1_0 
    where
        l1_0.equipment_id=?
2026-03-04T23:43:12.264+01:00 DEBUG 33404 --- [medical-service] [http-nio-18086-exec-7] org.hibernate.SQL                        : 
    select
        l1_0.equipment_id,
        l1_0.id,
        l1_0.borrower_id,
        l1_0.due_date,
        l1_0.loan_date,
        l1_0.notes,
        l1_0.purpose,
        l1_0.return_date,
        l1_0.status 
    from
        equipment_loans l1_0 
    where
        l1_0.equipment_id=?
2026-03-04T23:43:12.329+01:00 DEBUG 33404 --- [medical-service] [http-nio-18086-exec-7] org.hibernate.SQL                        : 
    select
        l1_0.equipment_id,
        l1_0.id,
        l1_0.borrower_id,
        l1_0.due_date,
        l1_0.loan_date,
        l1_0.notes,
        l1_0.purpose,
        l1_0.return_date,
        l1_0.status 
    from
        equipment_loans l1_0 
    where
        l1_0.equipment_id=?
2026-03-04T23:43:12.398+01:00 DEBUG 33404 --- [medical-service] [http-nio-18086-exec-7] org.hibernate.SQL                        : 
    select
        l1_0.equipment_id,
        l1_0.id,
        l1_0.borrower_id,
        l1_0.due_date,
        l1_0.loan_date,
        l1_0.notes,
        l1_0.purpose,
        l1_0.return_date,
        l1_0.status 
    from
        equipment_loans l1_0 
    where
        l1_0.equipment_id=?
2026-03-04T23:43:12.464+01:00 DEBUG 33404 --- [medical-service] [http-nio-18086-exec-7] org.hibernate.SQL                        : 
    select
        l1_0.equipment_id,
        l1_0.id,
        l1_0.borrower_id,
        l1_0.due_date,
        l1_0.loan_date,
        l1_0.notes,
        l1_0.purpose,
        l1_0.return_date,
        l1_0.status 
    from
        equipment_loans l1_0 
    where
        l1_0.equipment_id=?
2026-03-04T23:43:12.518+01:00 DEBUG 33404 --- [medical-service] [http-nio-18086-exec-7] org.hibernate.SQL                        : 
    select
        l1_0.equipment_id,
        l1_0.id,
        l1_0.borrower_id,
        l1_0.due_date,
        l1_0.loan_date,
        l1_0.notes,
        l1_0.purpose,
        l1_0.return_date,
        l1_0.status 
    from
        equipment_loans l1_0 
    where
        l1_0.equipment_id=?
2026-03-04T23:43:12.583+01:00 DEBUG 33404 --- [medical-service] [http-nio-18086-exec-7] org.hibernate.SQL                        : 
    select
        l1_0.equipment_id,
        l1_0.id,
        l1_0.borrower_id,
        l1_0.due_date,
        l1_0.loan_date,
        l1_0.notes,
        l1_0.purpose,
        l1_0.return_date,
        l1_0.status 
    from
        equipment_loans l1_0 
    where
        l1_0.equipment_id=?
2026-03-04T23:43:12.645+01:00 DEBUG 33404 --- [medical-service] [http-nio-18086-exec-7] org.hibernate.SQL                        : 
    select
        l1_0.equipment_id,
        l1_0.id,
        l1_0.borrower_id,
        l1_0.due_date,
        l1_0.loan_date,
        l1_0.notes,
        l1_0.purpose,
        l1_0.return_date,
        l1_0.status 
    from
        equipment_loans l1_0 
    where
        l1_0.equipment_id=?
2026-03-04T23:43:12.703+01:00 DEBUG 33404 --- [medical-service] [http-nio-18086-exec-7] org.hibernate.SQL                        : 
    select
        l1_0.equipment_id,
        l1_0.id,
        l1_0.borrower_id,
        l1_0.due_date,
        l1_0.loan_date,
        l1_0.notes,
        l1_0.purpose,
        l1_0.return_date,
        l1_0.status 
    from
        equipment_loans l1_0 
    where
        l1_0.equipment_id=?
2026-03-04T23:43:12.767+01:00 DEBUG 33404 --- [medical-service] [http-nio-18086-exec-7] org.hibernate.SQL                        : 
    select
        l1_0.equipment_id,
        l1_0.id,
        l1_0.borrower_id,
        l1_0.due_date,
        l1_0.loan_date,
        l1_0.notes,
        l1_0.purpose,
        l1_0.return_date,
        l1_0.status 
    from
        equipment_loans l1_0 
    where
        l1_0.equipment_id=?
2026-03-04T23:43:12.829+01:00 DEBUG 33404 --- [medical-service] [http-nio-18086-exec-7] org.hibernate.SQL                        : 
    select
        l1_0.equipment_id,
        l1_0.id,
        l1_0.borrower_id,
        l1_0.due_date,
        l1_0.loan_date,
        l1_0.notes,
        l1_0.purpose,
        l1_0.return_date,
        l1_0.status 
    from
        equipment_loans l1_0 
    where
        l1_0.equipment_id=?
2026-03-04T23:43:12.885+01:00 DEBUG 33404 --- [medical-service] [http-nio-18086-exec-7] org.hibernate.SQL                        : 
    select
        l1_0.equipment_id,
        l1_0.id,
        l1_0.borrower_id,
        l1_0.due_date,
        l1_0.loan_date,
        l1_0.notes,
        l1_0.purpose,
        l1_0.return_date,
        l1_0.status 
    from
        equipment_loans l1_0 
    where
        l1_0.equipment_id=?
2026-03-04T23:43:12.962+01:00 DEBUG 33404 --- [medical-service] [http-nio-18086-exec-7] org.hibernate.SQL                        : 
    select
        l1_0.equipment_id,
        l1_0.id,
        l1_0.borrower_id,
        l1_0.due_date,
        l1_0.loan_date,
        l1_0.notes,
        l1_0.purpose,
        l1_0.return_date,
        l1_0.status 
    from
        equipment_loans l1_0 
    where
        l1_0.equipment_id=?
2026-03-04T23:43:13.023+01:00 DEBUG 33404 --- [medical-service] [http-nio-18086-exec-7] org.hibernate.SQL                        : 
    select
        l1_0.equipment_id,
        l1_0.id,
        l1_0.borrower_id,
        l1_0.due_date,
        l1_0.loan_date,
        l1_0.notes,
        l1_0.purpose,
        l1_0.return_date,
        l1_0.status 
    from
        equipment_loans l1_0 
    where
        l1_0.equipment_id=?
2026-03-04T23:43:13.085+01:00 DEBUG 33404 --- [medical-service] [http-nio-18086-exec-7] org.hibernate.SQL                        : 
    select
        l1_0.equipment_id,
        l1_0.id,
        l1_0.borrower_id,
        l1_0.due_date,
        l1_0.loan_date,
        l1_0.notes,
        l1_0.purpose,
        l1_0.return_date,
        l1_0.status 
    from
        equipment_loans l1_0 
    where
        l1_0.equipment_id=?
2026-03-04T23:43:13.204+01:00 DEBUG 33404 --- [medical-service] [http-nio-18086-exec-7] o.s.w.s.m.m.a.HttpEntityMethodProcessor  : Using 'application/json', given [application/json, text/plain, */*] and supported [application/json, application/*+json]
2026-03-04T23:43:13.204+01:00 DEBUG 33404 --- [medical-service] [http-nio-18086-exec-7] o.s.w.s.m.m.a.HttpEntityMethodProcessor  : Writing [[EquipmentDTO(id=40, name=Standard Wheelchair, description=Folding wheelchair with footrests, 18" se (truncated)...]
2026-03-04T23:43:13.207+01:00 DEBUG 33404 --- [medical-service] [http-nio-18086-exec-7] o.s.web.servlet.DispatcherServlet        : Completed 200 OK
2026-03-04T23:43:18.463+01:00 DEBUG 33404 --- [medical-service] [http-nio-18086-exec-5] o.s.web.servlet.DispatcherServlet        : GET "/api/medical/loans/borrower/27/active", parameters={}
2026-03-04T23:43:18.463+01:00 DEBUG 33404 --- [medical-service] [http-nio-18086-exec-9] o.s.web.servlet.DispatcherServlet        : GET "/api/medical/equipment/available", parameters={}
2026-03-04T23:43:18.463+01:00 DEBUG 33404 --- [medical-service] [http-nio-18086-exec-8] o.s.web.servlet.DispatcherServlet        : GET "/api/medical/loans/borrower/27", parameters={}
2026-03-04T23:43:18.463+01:00 DEBUG 33404 --- [medical-service] [http-nio-18086-exec-9] s.w.s.m.m.a.RequestMappingHandlerMapping : Mapped to org.techhive.medicalservice.controller.EquipmentController#getAvailableEquipment()
2026-03-04T23:43:18.463+01:00 DEBUG 33404 --- [medical-service] [http-nio-18086-exec-5] s.w.s.m.m.a.RequestMappingHandlerMapping : Mapped to org.techhive.medicalservice.controller.EquipmentLoanController#getActiveLoansByBorrower(Long)
2026-03-04T23:43:18.464+01:00 DEBUG 33404 --- [medical-service] [http-nio-18086-exec-8] s.w.s.m.m.a.RequestMappingHandlerMapping : Mapped to org.techhive.medicalservice.controller.EquipmentLoanController#getLoansByBorrowerId(Long)
2026-03-04T23:43:18.465+01:00 DEBUG 33404 --- [medical-service] [http-nio-18086-exec-10] o.s.web.servlet.DispatcherServlet        : GET "/api/medical/loans/borrower/27/active/count", parameters={}
2026-03-04T23:43:18.465+01:00 DEBUG 33404 --- [medical-service] [http-nio-18086-exec-10] s.w.s.m.m.a.RequestMappingHandlerMapping : Mapped to org.techhive.medicalservice.controller.EquipmentLoanController#countActiveLoansByBorrower(Long)
2026-03-04T23:43:18.524+01:00  INFO 33404 --- [medical-service] [http-nio-18086-exec-9] o.t.m.controller.EquipmentController     : Fetching available equipment
2026-03-04T23:43:18.524+01:00  INFO 33404 --- [medical-service] [http-nio-18086-exec-8] o.t.m.c.EquipmentLoanController          : Fetching loans for borrower ID: 27
2026-03-04T23:43:18.524+01:00  INFO 33404 --- [medical-service] [http-nio-18086-exec-5] o.t.m.c.EquipmentLoanController          : Fetching active loans for borrower ID: 27
2026-03-04T23:43:18.526+01:00 DEBUG 33404 --- [medical-service] [http-nio-18086-exec-8] org.hibernate.SQL                        : 
    select
        el1_0.id,
        el1_0.borrower_id,
        el1_0.due_date,
        el1_0.equipment_id,
        el1_0.loan_date,
        el1_0.notes,
        el1_0.purpose,
        el1_0.return_date,
        el1_0.status 
    from
        equipment_loans el1_0 
    where
        el1_0.borrower_id=?
2026-03-04T23:43:18.526+01:00 DEBUG 33404 --- [medical-service] [http-nio-18086-exec-5] org.hibernate.SQL                        : 
    select
        el1_0.id,
        el1_0.borrower_id,
        el1_0.due_date,
        el1_0.equipment_id,
        el1_0.loan_date,
        el1_0.notes,
        el1_0.purpose,
        el1_0.return_date,
        el1_0.status 
    from
        equipment_loans el1_0 
    where
        el1_0.borrower_id=? 
        and el1_0.status=?
2026-03-04T23:43:18.529+01:00  INFO 33404 --- [medical-service] [http-nio-18086-exec-10] o.t.m.c.EquipmentLoanController          : Counting active loans for borrower ID: 27
2026-03-04T23:43:18.531+01:00 DEBUG 33404 --- [medical-service] [http-nio-18086-exec-9] org.hibernate.SQL                        : 
    select
        e1_0.id,
        e1_0.category,
        e1_0.condition,
        e1_0.description,
        e1_0.donation_date,
        e1_0.donor_id,
        e1_0.name,
        e1_0.status 
    from
        equipments e1_0 
    where
        e1_0.status='AVAILABLE'
2026-03-04T23:43:18.534+01:00 DEBUG 33404 --- [medical-service] [http-nio-18086-exec-10] org.hibernate.SQL                        : 
    select
        count(el1_0.id) 
    from
        equipment_loans el1_0 
    where
        el1_0.borrower_id=? 
        and el1_0.status=?
2026-03-04T23:43:18.652+01:00 DEBUG 33404 --- [medical-service] [http-nio-18086-exec-8] o.s.w.s.m.m.a.HttpEntityMethodProcessor  : Using 'application/json', given [application/json, text/plain, */*] and supported [application/json, application/*+json]
2026-03-04T23:43:18.652+01:00 DEBUG 33404 --- [medical-service] [http-nio-18086-exec-5] o.s.w.s.m.m.a.HttpEntityMethodProcessor  : Using 'application/json', given [application/json, text/plain, */*] and supported [application/json, application/*+json]
2026-03-04T23:43:18.652+01:00 DEBUG 33404 --- [medical-service] [http-nio-18086-exec-10] o.s.w.s.m.m.a.HttpEntityMethodProcessor  : Using 'application/json', given [application/json, text/plain, */*] and supported [application/json, application/*+json]
2026-03-04T23:43:18.652+01:00 DEBUG 33404 --- [medical-service] [http-nio-18086-exec-8] o.s.w.s.m.m.a.HttpEntityMethodProcessor  : Writing [[]]
2026-03-04T23:43:18.652+01:00 DEBUG 33404 --- [medical-service] [http-nio-18086-exec-5] o.s.w.s.m.m.a.HttpEntityMethodProcessor  : Writing [[]]
2026-03-04T23:43:18.652+01:00 DEBUG 33404 --- [medical-service] [http-nio-18086-exec-10] o.s.w.s.m.m.a.HttpEntityMethodProcessor  : Writing [0]
2026-03-04T23:43:18.652+01:00 DEBUG 33404 --- [medical-service] [http-nio-18086-exec-8] o.s.web.servlet.DispatcherServlet        : Completed 200 OK
2026-03-04T23:43:18.652+01:00 DEBUG 33404 --- [medical-service] [http-nio-18086-exec-10] o.s.web.servlet.DispatcherServlet        : Completed 200 OK
2026-03-04T23:43:18.652+01:00 DEBUG 33404 --- [medical-service] [http-nio-18086-exec-5] o.s.web.servlet.DispatcherServlet        : Completed 200 OK
2026-03-04T23:43:18.662+01:00 DEBUG 33404 --- [medical-service] [http-nio-18086-exec-9] org.hibernate.SQL                        : 
    select
        l1_0.equipment_id,
        l1_0.id,
        l1_0.borrower_id,
        l1_0.due_date,
        l1_0.loan_date,
        l1_0.notes,
        l1_0.purpose,
        l1_0.return_date,
        l1_0.status 
    from
        equipment_loans l1_0 
    where
        l1_0.equipment_id=?
2026-03-04T23:43:18.723+01:00 DEBUG 33404 --- [medical-service] [http-nio-18086-exec-9] org.hibernate.SQL                        : 
    select
        l1_0.equipment_id,
        l1_0.id,
        l1_0.borrower_id,
        l1_0.due_date,
        l1_0.loan_date,
        l1_0.notes,
        l1_0.purpose,
        l1_0.return_date,
        l1_0.status 
    from
        equipment_loans l1_0 
    where
        l1_0.equipment_id=?
2026-03-04T23:43:18.787+01:00 DEBUG 33404 --- [medical-service] [http-nio-18086-exec-9] org.hibernate.SQL                        : 
    select
        l1_0.equipment_id,
        l1_0.id,
        l1_0.borrower_id,
        l1_0.due_date,
        l1_0.loan_date,
        l1_0.notes,
        l1_0.purpose,
        l1_0.return_date,
        l1_0.status 
    from
        equipment_loans l1_0 
    where
        l1_0.equipment_id=?
2026-03-04T23:43:18.843+01:00 DEBUG 33404 --- [medical-service] [http-nio-18086-exec-9] org.hibernate.SQL                        : 
    select
        l1_0.equipment_id,
        l1_0.id,
        l1_0.borrower_id,
        l1_0.due_date,
        l1_0.loan_date,
        l1_0.notes,
        l1_0.purpose,
        l1_0.return_date,
        l1_0.status 
    from
        equipment_loans l1_0 
    where
        l1_0.equipment_id=?
2026-03-04T23:43:18.903+01:00 DEBUG 33404 --- [medical-service] [http-nio-18086-exec-9] org.hibernate.SQL                        : 
    select
        l1_0.equipment_id,
        l1_0.id,
        l1_0.borrower_id,
        l1_0.due_date,
        l1_0.loan_date,
        l1_0.notes,
        l1_0.purpose,
        l1_0.return_date,
        l1_0.status 
    from
        equipment_loans l1_0 
    where
        l1_0.equipment_id=?
2026-03-04T23:43:18.963+01:00 DEBUG 33404 --- [medical-service] [http-nio-18086-exec-9] org.hibernate.SQL                        : 
    select
        l1_0.equipment_id,
        l1_0.id,
        l1_0.borrower_id,
        l1_0.due_date,
        l1_0.loan_date,
        l1_0.notes,
        l1_0.purpose,
        l1_0.return_date,
        l1_0.status 
    from
        equipment_loans l1_0 
    where
        l1_0.equipment_id=?
2026-03-04T23:43:19.026+01:00 DEBUG 33404 --- [medical-service] [http-nio-18086-exec-9] org.hibernate.SQL                        : 
    select
        l1_0.equipment_id,
        l1_0.id,
        l1_0.borrower_id,
        l1_0.due_date,
        l1_0.loan_date,
        l1_0.notes,
        l1_0.purpose,
        l1_0.return_date,
        l1_0.status 
    from
        equipment_loans l1_0 
    where
        l1_0.equipment_id=?
2026-03-04T23:43:19.082+01:00 DEBUG 33404 --- [medical-service] [http-nio-18086-exec-9] org.hibernate.SQL                        : 
    select
        l1_0.equipment_id,
        l1_0.id,
        l1_0.borrower_id,
        l1_0.due_date,
        l1_0.loan_date,
        l1_0.notes,
        l1_0.purpose,
        l1_0.return_date,
        l1_0.status 
    from
        equipment_loans l1_0 
    where
        l1_0.equipment_id=?
2026-03-04T23:43:19.138+01:00 DEBUG 33404 --- [medical-service] [http-nio-18086-exec-9] org.hibernate.SQL                        : 
    select
        l1_0.equipment_id,
        l1_0.id,
        l1_0.borrower_id,
        l1_0.due_date,
        l1_0.loan_date,
        l1_0.notes,
        l1_0.purpose,
        l1_0.return_date,
        l1_0.status 
    from
        equipment_loans l1_0 
    where
        l1_0.equipment_id=?
2026-03-04T23:43:19.201+01:00 DEBUG 33404 --- [medical-service] [http-nio-18086-exec-9] org.hibernate.SQL                        : 
    select
        l1_0.equipment_id,
        l1_0.id,
        l1_0.borrower_id,
        l1_0.due_date,
        l1_0.loan_date,
        l1_0.notes,
        l1_0.purpose,
        l1_0.return_date,
        l1_0.status 
    from
        equipment_loans l1_0 
    where
        l1_0.equipment_id=?
2026-03-04T23:43:19.263+01:00 DEBUG 33404 --- [medical-service] [http-nio-18086-exec-9] org.hibernate.SQL                        : 
    select
        l1_0.equipment_id,
        l1_0.id,
        l1_0.borrower_id,
        l1_0.due_date,
        l1_0.loan_date,
        l1_0.notes,
        l1_0.purpose,
        l1_0.return_date,
        l1_0.status 
    from
        equipment_loans l1_0 
    where
        l1_0.equipment_id=?
2026-03-04T23:43:19.323+01:00 DEBUG 33404 --- [medical-service] [http-nio-18086-exec-9] org.hibernate.SQL                        : 
    select
        l1_0.equipment_id,
        l1_0.id,
        l1_0.borrower_id,
        l1_0.due_date,
        l1_0.loan_date,
        l1_0.notes,
        l1_0.purpose,
        l1_0.return_date,
        l1_0.status 
    from
        equipment_loans l1_0 
    where
        l1_0.equipment_id=?
2026-03-04T23:43:19.382+01:00 DEBUG 33404 --- [medical-service] [http-nio-18086-exec-9] org.hibernate.SQL                        : 
    select
        l1_0.equipment_id,
        l1_0.id,
        l1_0.borrower_id,
        l1_0.due_date,
        l1_0.loan_date,
        l1_0.notes,
        l1_0.purpose,
        l1_0.return_date,
        l1_0.status 
    from
        equipment_loans l1_0 
    where
        l1_0.equipment_id=?
2026-03-04T23:43:19.443+01:00 DEBUG 33404 --- [medical-service] [http-nio-18086-exec-9] org.hibernate.SQL                        : 
    select
        l1_0.equipment_id,
        l1_0.id,
        l1_0.borrower_id,
        l1_0.due_date,
        l1_0.loan_date,
        l1_0.notes,
        l1_0.purpose,
        l1_0.return_date,
        l1_0.status 
    from
        equipment_loans l1_0 
    where
        l1_0.equipment_id=?
2026-03-04T23:43:19.507+01:00 DEBUG 33404 --- [medical-service] [http-nio-18086-exec-9] org.hibernate.SQL                        : 
    select
        l1_0.equipment_id,
        l1_0.id,
        l1_0.borrower_id,
        l1_0.due_date,
        l1_0.loan_date,
        l1_0.notes,
        l1_0.purpose,
        l1_0.return_date,
        l1_0.status 
    from
        equipment_loans l1_0 
    where
        l1_0.equipment_id=?
2026-03-04T23:43:19.562+01:00 DEBUG 33404 --- [medical-service] [http-nio-18086-exec-9] org.hibernate.SQL                        : 
    select
        l1_0.equipment_id,
        l1_0.id,
        l1_0.borrower_id,
        l1_0.due_date,
        l1_0.loan_date,
        l1_0.notes,
        l1_0.purpose,
        l1_0.return_date,
        l1_0.status 
    from
        equipment_loans l1_0 
    where
        l1_0.equipment_id=?
2026-03-04T23:43:19.625+01:00 DEBUG 33404 --- [medical-service] [http-nio-18086-exec-9] org.hibernate.SQL                        : 
    select
        l1_0.equipment_id,
        l1_0.id,
        l1_0.borrower_id,
        l1_0.due_date,
        l1_0.loan_date,
        l1_0.notes,
        l1_0.purpose,
        l1_0.return_date,
        l1_0.status 
    from
        equipment_loans l1_0 
    where
        l1_0.equipment_id=?
2026-03-04T23:43:19.695+01:00 DEBUG 33404 --- [medical-service] [http-nio-18086-exec-9] org.hibernate.SQL                        : 
    select
        l1_0.equipment_id,
        l1_0.id,
        l1_0.borrower_id,
        l1_0.due_date,
        l1_0.loan_date,
        l1_0.notes,
        l1_0.purpose,
        l1_0.return_date,
        l1_0.status 
    from
        equipment_loans l1_0 
    where
        l1_0.equipment_id=?
2026-03-04T23:43:19.764+01:00 DEBUG 33404 --- [medical-service] [http-nio-18086-exec-9] org.hibernate.SQL                        : 
    select
        l1_0.equipment_id,
        l1_0.id,
        l1_0.borrower_id,
        l1_0.due_date,
        l1_0.loan_date,
        l1_0.notes,
        l1_0.purpose,
        l1_0.return_date,
        l1_0.status 
    from
        equipment_loans l1_0 
    where
        l1_0.equipment_id=?
2026-03-04T23:43:19.825+01:00 DEBUG 33404 --- [medical-service] [http-nio-18086-exec-9] org.hibernate.SQL                        : 
    select
        l1_0.equipment_id,
        l1_0.id,
        l1_0.borrower_id,
        l1_0.due_date,
        l1_0.loan_date,
        l1_0.notes,
        l1_0.purpose,
        l1_0.return_date,
        l1_0.status 
    from
        equipment_loans l1_0 
    where
        l1_0.equipment_id=?
2026-03-04T23:43:19.885+01:00 DEBUG 33404 --- [medical-service] [http-nio-18086-exec-9] org.hibernate.SQL                        : 
    select
        l1_0.equipment_id,
        l1_0.id,
        l1_0.borrower_id,
        l1_0.due_date,
        l1_0.loan_date,
        l1_0.notes,
        l1_0.purpose,
        l1_0.return_date,
        l1_0.status 
    from
        equipment_loans l1_0 
    where
        l1_0.equipment_id=?
2026-03-04T23:43:19.942+01:00 DEBUG 33404 --- [medical-service] [http-nio-18086-exec-9] org.hibernate.SQL                        : 
    select
        l1_0.equipment_id,
        l1_0.id,
        l1_0.borrower_id,
        l1_0.due_date,
        l1_0.loan_date,
        l1_0.notes,
        l1_0.purpose,
        l1_0.return_date,
        l1_0.status 
    from
        equipment_loans l1_0 
    where
        l1_0.equipment_id=?
2026-03-04T23:43:20.004+01:00 DEBUG 33404 --- [medical-service] [http-nio-18086-exec-9] org.hibernate.SQL                        : 
    select
        l1_0.equipment_id,
        l1_0.id,
        l1_0.borrower_id,
        l1_0.due_date,
        l1_0.loan_date,
        l1_0.notes,
        l1_0.purpose,
        l1_0.return_date,
        l1_0.status 
    from
        equipment_loans l1_0 
    where
        l1_0.equipment_id=?
2026-03-04T23:43:20.063+01:00 DEBUG 33404 --- [medical-service] [http-nio-18086-exec-9] org.hibernate.SQL                        : 
    select
        l1_0.equipment_id,
        l1_0.id,
        l1_0.borrower_id,
        l1_0.due_date,
        l1_0.loan_date,
        l1_0.notes,
        l1_0.purpose,
        l1_0.return_date,
        l1_0.status 
    from
        equipment_loans l1_0 
    where
        l1_0.equipment_id=?
2026-03-04T23:43:20.119+01:00 DEBUG 33404 --- [medical-service] [http-nio-18086-exec-9] org.hibernate.SQL                        : 
    select
        l1_0.equipment_id,
        l1_0.id,
        l1_0.borrower_id,
        l1_0.due_date,
        l1_0.loan_date,
        l1_0.notes,
        l1_0.purpose,
        l1_0.return_date,
        l1_0.status 
    from
        equipment_loans l1_0 
    where
        l1_0.equipment_id=?
2026-03-04T23:43:20.191+01:00 DEBUG 33404 --- [medical-service] [http-nio-18086-exec-9] org.hibernate.SQL                        : 
    select
        l1_0.equipment_id,
        l1_0.id,
        l1_0.borrower_id,
        l1_0.due_date,
        l1_0.loan_date,
        l1_0.notes,
        l1_0.purpose,
        l1_0.return_date,
        l1_0.status 
    from
        equipment_loans l1_0 
    where
        l1_0.equipment_id=?
2026-03-04T23:43:20.243+01:00 DEBUG 33404 --- [medical-service] [http-nio-18086-exec-9] org.hibernate.SQL                        : 
    select
        l1_0.equipment_id,
        l1_0.id,
        l1_0.borrower_id,
        l1_0.due_date,
        l1_0.loan_date,
        l1_0.notes,
        l1_0.purpose,
        l1_0.return_date,
        l1_0.status 
    from
        equipment_loans l1_0 
    where
        l1_0.equipment_id=?
2026-03-04T23:43:20.305+01:00 DEBUG 33404 --- [medical-service] [http-nio-18086-exec-9] org.hibernate.SQL                        : 
    select
        l1_0.equipment_id,
        l1_0.id,
        l1_0.borrower_id,
        l1_0.due_date,
        l1_0.loan_date,
        l1_0.notes,
        l1_0.purpose,
        l1_0.return_date,
        l1_0.status 
    from
        equipment_loans l1_0 
    where
        l1_0.equipment_id=?
2026-03-04T23:43:20.364+01:00 DEBUG 33404 --- [medical-service] [http-nio-18086-exec-9] org.hibernate.SQL                        : 
    select
        l1_0.equipment_id,
        l1_0.id,
        l1_0.borrower_id,
        l1_0.due_date,
        l1_0.loan_date,
        l1_0.notes,
        l1_0.purpose,
        l1_0.return_date,
        l1_0.status 
    from
        equipment_loans l1_0 
    where
        l1_0.equipment_id=?
2026-03-04T23:43:20.424+01:00 DEBUG 33404 --- [medical-service] [http-nio-18086-exec-9] org.hibernate.SQL                        : 
    select
        l1_0.equipment_id,
        l1_0.id,
        l1_0.borrower_id,
        l1_0.due_date,
        l1_0.loan_date,
        l1_0.notes,
        l1_0.purpose,
        l1_0.return_date,
        l1_0.status 
    from
        equipment_loans l1_0 
    where
        l1_0.equipment_id=?
2026-03-04T23:43:20.478+01:00 DEBUG 33404 --- [medical-service] [http-nio-18086-exec-9] org.hibernate.SQL                        : 
    select
        l1_0.equipment_id,
        l1_0.id,
        l1_0.borrower_id,
        l1_0.due_date,
        l1_0.loan_date,
        l1_0.notes,
        l1_0.purpose,
        l1_0.return_date,
        l1_0.status 
    from
        equipment_loans l1_0 
    where
        l1_0.equipment_id=?
2026-03-04T23:43:20.543+01:00 DEBUG 33404 --- [medical-service] [http-nio-18086-exec-9] org.hibernate.SQL                        : 
    select
        l1_0.equipment_id,
        l1_0.id,
        l1_0.borrower_id,
        l1_0.due_date,
        l1_0.loan_date,
        l1_0.notes,
        l1_0.purpose,
        l1_0.return_date,
        l1_0.status 
    from
        equipment_loans l1_0 
    where
        l1_0.equipment_id=?
2026-03-04T23:43:20.610+01:00 DEBUG 33404 --- [medical-service] [http-nio-18086-exec-9] org.hibernate.SQL                        : 
    select
        l1_0.equipment_id,
        l1_0.id,
        l1_0.borrower_id,
        l1_0.due_date,
        l1_0.loan_date,
        l1_0.notes,
        l1_0.purpose,
        l1_0.return_date,
        l1_0.status 
    from
        equipment_loans l1_0 
    where
        l1_0.equipment_id=?
2026-03-04T23:43:20.682+01:00 DEBUG 33404 --- [medical-service] [http-nio-18086-exec-9] org.hibernate.SQL                        : 
    select
        l1_0.equipment_id,
        l1_0.id,
        l1_0.borrower_id,
        l1_0.due_date,
        l1_0.loan_date,
        l1_0.notes,
        l1_0.purpose,
        l1_0.return_date,
        l1_0.status 
    from
        equipment_loans l1_0 
    where
        l1_0.equipment_id=?
2026-03-04T23:43:20.745+01:00 DEBUG 33404 --- [medical-service] [http-nio-18086-exec-9] org.hibernate.SQL                        : 
    select
        l1_0.equipment_id,
        l1_0.id,
        l1_0.borrower_id,
        l1_0.due_date,
        l1_0.loan_date,
        l1_0.notes,
        l1_0.purpose,
        l1_0.return_date,
        l1_0.status 
    from
        equipment_loans l1_0 
    where
        l1_0.equipment_id=?
2026-03-04T23:43:20.802+01:00 DEBUG 33404 --- [medical-service] [http-nio-18086-exec-9] org.hibernate.SQL                        : 
    select
        l1_0.equipment_id,
        l1_0.id,
        l1_0.borrower_id,
        l1_0.due_date,
        l1_0.loan_date,
        l1_0.notes,
        l1_0.purpose,
        l1_0.return_date,
        l1_0.status 
    from
        equipment_loans l1_0 
    where
        l1_0.equipment_id=?
2026-03-04T23:43:20.855+01:00 DEBUG 33404 --- [medical-service] [http-nio-18086-exec-9] org.hibernate.SQL                        : 
    select
        l1_0.equipment_id,
        l1_0.id,
        l1_0.borrower_id,
        l1_0.due_date,
        l1_0.loan_date,
        l1_0.notes,
        l1_0.purpose,
        l1_0.return_date,
        l1_0.status 
    from
        equipment_loans l1_0 
    where
        l1_0.equipment_id=?
2026-03-04T23:43:20.907+01:00 DEBUG 33404 --- [medical-service] [http-nio-18086-exec-9] org.hibernate.SQL                        : 
    select
        l1_0.equipment_id,
        l1_0.id,
        l1_0.borrower_id,
        l1_0.due_date,
        l1_0.loan_date,
        l1_0.notes,
        l1_0.purpose,
        l1_0.return_date,
        l1_0.status 
    from
        equipment_loans l1_0 
    where
        l1_0.equipment_id=?
2026-03-04T23:43:20.962+01:00 DEBUG 33404 --- [medical-service] [http-nio-18086-exec-9] org.hibernate.SQL                        : 
    select
        l1_0.equipment_id,
        l1_0.id,
        l1_0.borrower_id,
        l1_0.due_date,
        l1_0.loan_date,
        l1_0.notes,
        l1_0.purpose,
        l1_0.return_date,
        l1_0.status 
    from
        equipment_loans l1_0 
    where
        l1_0.equipment_id=?
2026-03-04T23:43:21.028+01:00 DEBUG 33404 --- [medical-service] [http-nio-18086-exec-9] org.hibernate.SQL                        : 
    select
        l1_0.equipment_id,
        l1_0.id,
        l1_0.borrower_id,
        l1_0.due_date,
        l1_0.loan_date,
        l1_0.notes,
        l1_0.purpose,
        l1_0.return_date,
        l1_0.status 
    from
        equipment_loans l1_0 
    where
        l1_0.equipment_id=?
2026-03-04T23:43:21.088+01:00 DEBUG 33404 --- [medical-service] [http-nio-18086-exec-9] org.hibernate.SQL                        : 
    select
        l1_0.equipment_id,
        l1_0.id,
        l1_0.borrower_id,
        l1_0.due_date,
        l1_0.loan_date,
        l1_0.notes,
        l1_0.purpose,
        l1_0.return_date,
        l1_0.status 
    from
        equipment_loans l1_0 
    where
        l1_0.equipment_id=?
2026-03-04T23:43:21.142+01:00 DEBUG 33404 --- [medical-service] [http-nio-18086-exec-9] org.hibernate.SQL                        : 
    select
        l1_0.equipment_id,
        l1_0.id,
        l1_0.borrower_id,
        l1_0.due_date,
        l1_0.loan_date,
        l1_0.notes,
        l1_0.purpose,
        l1_0.return_date,
        l1_0.status 
    from
        equipment_loans l1_0 
    where
        l1_0.equipment_id=?
2026-03-04T23:43:21.204+01:00 DEBUG 33404 --- [medical-service] [http-nio-18086-exec-9] org.hibernate.SQL                        : 
    select
        l1_0.equipment_id,
        l1_0.id,
        l1_0.borrower_id,
        l1_0.due_date,
        l1_0.loan_date,
        l1_0.notes,
        l1_0.purpose,
        l1_0.return_date,
        l1_0.status 
    from
        equipment_loans l1_0 
    where
        l1_0.equipment_id=?
2026-03-04T23:43:21.265+01:00 DEBUG 33404 --- [medical-service] [http-nio-18086-exec-9] org.hibernate.SQL                        : 
    select
        l1_0.equipment_id,
        l1_0.id,
        l1_0.borrower_id,
        l1_0.due_date,
        l1_0.loan_date,
        l1_0.notes,
        l1_0.purpose,
        l1_0.return_date,
        l1_0.status 
    from
        equipment_loans l1_0 
    where
        l1_0.equipment_id=?
2026-03-04T23:43:21.322+01:00 DEBUG 33404 --- [medical-service] [http-nio-18086-exec-9] org.hibernate.SQL                        : 
    select
        l1_0.equipment_id,
        l1_0.id,
        l1_0.borrower_id,
        l1_0.due_date,
        l1_0.loan_date,
        l1_0.notes,
        l1_0.purpose,
        l1_0.return_date,
        l1_0.status 
    from
        equipment_loans l1_0 
    where
        l1_0.equipment_id=?
2026-03-04T23:43:21.379+01:00 DEBUG 33404 --- [medical-service] [http-nio-18086-exec-9] org.hibernate.SQL                        : 
    select
        l1_0.equipment_id,
        l1_0.id,
        l1_0.borrower_id,
        l1_0.due_date,
        l1_0.loan_date,
        l1_0.notes,
        l1_0.purpose,
        l1_0.return_date,
        l1_0.status 
    from
        equipment_loans l1_0 
    where
        l1_0.equipment_id=?
2026-03-04T23:43:21.443+01:00 DEBUG 33404 --- [medical-service] [http-nio-18086-exec-9] org.hibernate.SQL                        : 
    select
        l1_0.equipment_id,
        l1_0.id,
        l1_0.borrower_id,
        l1_0.due_date,
        l1_0.loan_date,
        l1_0.notes,
        l1_0.purpose,
        l1_0.return_date,
        l1_0.status 
    from
        equipment_loans l1_0 
    where
        l1_0.equipment_id=?
2026-03-04T23:43:21.501+01:00 DEBUG 33404 --- [medical-service] [http-nio-18086-exec-9] org.hibernate.SQL                        : 
    select
        l1_0.equipment_id,
        l1_0.id,
        l1_0.borrower_id,
        l1_0.due_date,
        l1_0.loan_date,
        l1_0.notes,
        l1_0.purpose,
        l1_0.return_date,
        l1_0.status 
    from
        equipment_loans l1_0 
    where
        l1_0.equipment_id=?
2026-03-04T23:43:21.564+01:00 DEBUG 33404 --- [medical-service] [http-nio-18086-exec-9] org.hibernate.SQL                        : 
    select
        l1_0.equipment_id,
        l1_0.id,
        l1_0.borrower_id,
        l1_0.due_date,
        l1_0.loan_date,
        l1_0.notes,
        l1_0.purpose,
        l1_0.return_date,
        l1_0.status 
    from
        equipment_loans l1_0 
    where
        l1_0.equipment_id=?
2026-03-04T23:43:21.623+01:00 DEBUG 33404 --- [medical-service] [http-nio-18086-exec-9] org.hibernate.SQL                        : 
    select
        l1_0.equipment_id,
        l1_0.id,
        l1_0.borrower_id,
        l1_0.due_date,
        l1_0.loan_date,
        l1_0.notes,
        l1_0.purpose,
        l1_0.return_date,
        l1_0.status 
    from
        equipment_loans l1_0 
    where
        l1_0.equipment_id=?
2026-03-04T23:43:21.683+01:00 DEBUG 33404 --- [medical-service] [http-nio-18086-exec-9] org.hibernate.SQL                        : 
    select
        l1_0.equipment_id,
        l1_0.id,
        l1_0.borrower_id,
        l1_0.due_date,
        l1_0.loan_date,
        l1_0.notes,
        l1_0.purpose,
        l1_0.return_date,
        l1_0.status 
    from
        equipment_loans l1_0 
    where
        l1_0.equipment_id=?
2026-03-04T23:43:21.742+01:00 DEBUG 33404 --- [medical-service] [http-nio-18086-exec-9] org.hibernate.SQL                        : 
    select
        l1_0.equipment_id,
        l1_0.id,
        l1_0.borrower_id,
        l1_0.due_date,
        l1_0.loan_date,
        l1_0.notes,
        l1_0.purpose,
        l1_0.return_date,
        l1_0.status 
    from
        equipment_loans l1_0 
    where
        l1_0.equipment_id=?
2026-03-04T23:43:21.802+01:00 DEBUG 33404 --- [medical-service] [http-nio-18086-exec-9] org.hibernate.SQL                        : 
    select
        l1_0.equipment_id,
        l1_0.id,
        l1_0.borrower_id,
        l1_0.due_date,
        l1_0.loan_date,
        l1_0.notes,
        l1_0.purpose,
        l1_0.return_date,
        l1_0.status 
    from
        equipment_loans l1_0 
    where
        l1_0.equipment_id=?
2026-03-04T23:43:21.863+01:00 DEBUG 33404 --- [medical-service] [http-nio-18086-exec-9] org.hibernate.SQL                        : 
    select
        l1_0.equipment_id,
        l1_0.id,
        l1_0.borrower_id,
        l1_0.due_date,
        l1_0.loan_date,
        l1_0.notes,
        l1_0.purpose,
        l1_0.return_date,
        l1_0.status 
    from
        equipment_loans l1_0 
    where
        l1_0.equipment_id=?
2026-03-04T23:43:21.918+01:00 DEBUG 33404 --- [medical-service] [http-nio-18086-exec-9] org.hibernate.SQL                        : 
    select
        l1_0.equipment_id,
        l1_0.id,
        l1_0.borrower_id,
        l1_0.due_date,
        l1_0.loan_date,
        l1_0.notes,
        l1_0.purpose,
        l1_0.return_date,
        l1_0.status 
    from
        equipment_loans l1_0 
    where
        l1_0.equipment_id=?
2026-03-04T23:43:21.983+01:00 DEBUG 33404 --- [medical-service] [http-nio-18086-exec-9] org.hibernate.SQL                        : 
    select
        l1_0.equipment_id,
        l1_0.id,
        l1_0.borrower_id,
        l1_0.due_date,
        l1_0.loan_date,
        l1_0.notes,
        l1_0.purpose,
        l1_0.return_date,
        l1_0.status 
    from
        equipment_loans l1_0 
    where
        l1_0.equipment_id=?
2026-03-04T23:43:22.042+01:00 DEBUG 33404 --- [medical-service] [http-nio-18086-exec-9] org.hibernate.SQL                        : 
    select
        l1_0.equipment_id,
        l1_0.id,
        l1_0.borrower_id,
        l1_0.due_date,
        l1_0.loan_date,
        l1_0.notes,
        l1_0.purpose,
        l1_0.return_date,
        l1_0.status 
    from
        equipment_loans l1_0 
    where
        l1_0.equipment_id=?
2026-03-04T23:43:22.106+01:00 DEBUG 33404 --- [medical-service] [http-nio-18086-exec-9] org.hibernate.SQL                        : 
    select
        l1_0.equipment_id,
        l1_0.id,
        l1_0.borrower_id,
        l1_0.due_date,
        l1_0.loan_date,
        l1_0.notes,
        l1_0.purpose,
        l1_0.return_date,
        l1_0.status 
    from
        equipment_loans l1_0 
    where
        l1_0.equipment_id=?
2026-03-04T23:43:22.162+01:00 DEBUG 33404 --- [medical-service] [http-nio-18086-exec-9] org.hibernate.SQL                        : 
    select
        l1_0.equipment_id,
        l1_0.id,
        l1_0.borrower_id,
        l1_0.due_date,
        l1_0.loan_date,
        l1_0.notes,
        l1_0.purpose,
        l1_0.return_date,
        l1_0.status 
    from
        equipment_loans l1_0 
    where
        l1_0.equipment_id=?
2026-03-04T23:43:22.215+01:00 DEBUG 33404 --- [medical-service] [http-nio-18086-exec-9] org.hibernate.SQL                        : 
    select
        l1_0.equipment_id,
        l1_0.id,
        l1_0.borrower_id,
        l1_0.due_date,
        l1_0.loan_date,
        l1_0.notes,
        l1_0.purpose,
        l1_0.return_date,
        l1_0.status 
    from
        equipment_loans l1_0 
    where
        l1_0.equipment_id=?
2026-03-04T23:43:22.283+01:00 DEBUG 33404 --- [medical-service] [http-nio-18086-exec-9] org.hibernate.SQL                        : 
    select
        l1_0.equipment_id,
        l1_0.id,
        l1_0.borrower_id,
        l1_0.due_date,
        l1_0.loan_date,
        l1_0.notes,
        l1_0.purpose,
        l1_0.return_date,
        l1_0.status 
    from
        equipment_loans l1_0 
    where
        l1_0.equipment_id=?
2026-03-04T23:43:22.399+01:00 DEBUG 33404 --- [medical-service] [http-nio-18086-exec-9] o.s.w.s.m.m.a.HttpEntityMethodProcessor  : Using 'application/json', given [application/json, text/plain, */*] and supported [application/json, application/*+json]
2026-03-04T23:43:22.400+01:00 DEBUG 33404 --- [medical-service] [http-nio-18086-exec-9] o.s.w.s.m.m.a.HttpEntityMethodProcessor  : Writing [[EquipmentDTO(id=40, name=Standard Wheelchair, description=Folding wheelchair with footrests, 18" se (truncated)...]
2026-03-04T23:43:22.401+01:00 DEBUG 33404 --- [medical-service] [http-nio-18086-exec-9] o.s.web.servlet.DispatcherServlet        : Completed 200 OK
2026-03-04T23:43:33.118+01:00 DEBUG 33404 --- [medical-service] [DiscoveryClient-CacheRefreshExecutor-%d] o.s.web.client.RestTemplate              : HTTP GET http://localhost:8761/eureka/apps/delta
2026-03-04T23:43:33.118+01:00 DEBUG 33404 --- [medical-service] [DiscoveryClient-HeartbeatExecutor-%d] o.s.web.client.RestTemplate              : HTTP PUT http://localhost:8761/eureka/apps/MEDICAL-SERVICE/DESKTOP-I0BIKTH:medical-service:18086?status=UP&lastDirtyTimestamp=1772663942910
2026-03-04T23:43:33.118+01:00 DEBUG 33404 --- [medical-service] [DiscoveryClient-CacheRefreshExecutor-%d] o.s.web.client.RestTemplate              : Accept=[application/json, application/*+json]
2026-03-04T23:43:33.118+01:00 DEBUG 33404 --- [medical-service] [DiscoveryClient-HeartbeatExecutor-%d] o.s.web.client.RestTemplate              : Accept=[application/json, application/*+json]
2026-03-04T23:43:33.134+01:00 DEBUG 33404 --- [medical-service] [DiscoveryClient-CacheRefreshExecutor-%d] o.s.web.client.RestTemplate              : Response 200 OK
2026-03-04T23:43:33.134+01:00 DEBUG 33404 --- [medical-service] [DiscoveryClient-HeartbeatExecutor-%d] o.s.web.client.RestTemplate              : Response 200 OK
2026-03-04T23:43:33.135+01:00 DEBUG 33404 --- [medical-service] [DiscoveryClient-CacheRefreshExecutor-%d] o.s.web.client.RestTemplate              : Reading to [org.springframework.cloud.netflix.eureka.http.EurekaApplications]
2026-03-04T23:44:02.451+01:00  INFO 33404 --- [medical-service] [AsyncResolver-bootstrap-executor-%d] c.n.d.s.r.aws.ConfigClusterResolver      : Resolving eureka endpoints via configuration
2026-03-04T23:44:03.139+01:00 DEBUG 33404 --- [medical-service] [DiscoveryClient-CacheRefreshExecutor-%d] o.s.web.client.RestTemplate              : HTTP GET http://localhost:8761/eureka/apps/delta
2026-03-04T23:44:03.139+01:00 DEBUG 33404 --- [medical-service] [DiscoveryClient-HeartbeatExecutor-%d] o.s.web.client.RestTemplate              : HTTP PUT http://localhost:8761/eureka/apps/MEDICAL-SERVICE/DESKTOP-I0BIKTH:medical-service:18086?status=UP&lastDirtyTimestamp=1772663942910
2026-03-04T23:44:03.139+01:00 DEBUG 33404 --- [medical-service] [DiscoveryClient-HeartbeatExecutor-%d] o.s.web.client.RestTemplate              : Accept=[application/json, application/*+json]
2026-03-04T23:44:03.139+01:00 DEBUG 33404 --- [medical-service] [DiscoveryClient-CacheRefreshExecutor-%d] o.s.web.client.RestTemplate              : Accept=[application/json, application/*+json]
2026-03-04T23:44:03.156+01:00 DEBUG 33404 --- [medical-service] [DiscoveryClient-HeartbeatExecutor-%d] o.s.web.client.RestTemplate              : Response 200 OK
2026-03-04T23:44:03.156+01:00 DEBUG 33404 --- [medical-service] [DiscoveryClient-CacheRefreshExecutor-%d] o.s.web.client.RestTemplate              : Response 200 OK
2026-03-04T23:44:03.156+01:00 DEBUG 33404 --- [medical-service] [DiscoveryClient-CacheRefreshExecutor-%d] o.s.web.client.RestTemplate              : Reading to [org.springframework.cloud.netflix.eureka.http.EurekaApplications]
2026-03-04T23:44:33.158+01:00 DEBUG 33404 --- [medical-service] [DiscoveryClient-CacheRefreshExecutor-%d] o.s.web.client.RestTemplate              : HTTP GET http://localhost:8761/eureka/apps/delta
2026-03-04T23:44:33.158+01:00 DEBUG 33404 --- [medical-service] [DiscoveryClient-HeartbeatExecutor-%d] o.s.web.client.RestTemplate              : HTTP PUT http://localhost:8761/eureka/apps/MEDICAL-SERVICE/DESKTOP-I0BIKTH:medical-service:18086?status=UP&lastDirtyTimestamp=1772663942910
2026-03-04T23:44:33.158+01:00 DEBUG 33404 --- [medical-service] [DiscoveryClient-CacheRefreshExecutor-%d] o.s.web.client.RestTemplate              : Accept=[application/json, application/*+json]
2026-03-04T23:44:33.158+01:00 DEBUG 33404 --- [medical-service] [DiscoveryClient-HeartbeatExecutor-%d] o.s.web.client.RestTemplate              : Accept=[application/json, application/*+json]
2026-03-04T23:44:33.174+01:00 DEBUG 33404 --- [medical-service] [DiscoveryClient-HeartbeatExecutor-%d] o.s.web.client.RestTemplate              : Response 200 OK
2026-03-04T23:44:33.174+01:00 DEBUG 33404 --- [medical-service] [DiscoveryClient-CacheRefreshExecutor-%d] o.s.web.client.RestTemplate              : Response 200 OK
2026-03-04T23:44:33.174+01:00 DEBUG 33404 --- [medical-service] [DiscoveryClient-CacheRefreshExecutor-%d] o.s.web.client.RestTemplate              : Reading to [org.springframework.cloud.netflix.eureka.http.EurekaApplications]
2026-03-04T23:45:03.182+01:00 DEBUG 33404 --- [medical-service] [DiscoveryClient-CacheRefreshExecutor-%d] o.s.web.client.RestTemplate              : HTTP GET http://localhost:8761/eureka/apps/delta
2026-03-04T23:45:03.182+01:00 DEBUG 33404 --- [medical-service] [DiscoveryClient-HeartbeatExecutor-%d] o.s.web.client.RestTemplate              : HTTP PUT http://localhost:8761/eureka/apps/MEDICAL-SERVICE/DESKTOP-I0BIKTH:medical-service:18086?status=UP&lastDirtyTimestamp=1772663942910
2026-03-04T23:45:03.182+01:00 DEBUG 33404 --- [medical-service] [DiscoveryClient-HeartbeatExecutor-%d] o.s.web.client.RestTemplate              : Accept=[application/json, application/*+json]
2026-03-04T23:45:03.182+01:00 DEBUG 33404 --- [medical-service] [DiscoveryClient-CacheRefreshExecutor-%d] o.s.web.client.RestTemplate              : Accept=[application/json, application/*+json]
2026-03-04T23:45:03.198+01:00 DEBUG 33404 --- [medical-service] [DiscoveryClient-HeartbeatExecutor-%d] o.s.web.client.RestTemplate              : Response 200 OK
2026-03-04T23:45:03.198+01:00 DEBUG 33404 --- [medical-service] [DiscoveryClient-CacheRefreshExecutor-%d] o.s.web.client.RestTemplate              : Response 200 OK
2026-03-04T23:45:03.199+01:00 DEBUG 33404 --- [medical-service] [DiscoveryClient-CacheRefreshExecutor-%d] o.s.web.client.RestTemplate              : Reading to [org.springframework.cloud.netflix.eureka.http.EurekaApplications]
2026-03-04T23:45:33.205+01:00 DEBUG 33404 --- [medical-service] [DiscoveryClient-HeartbeatExecutor-%d] o.s.web.client.RestTemplate              : HTTP PUT http://localhost:8761/eureka/apps/MEDICAL-SERVICE/DESKTOP-I0BIKTH:medical-service:18086?status=UP&lastDirtyTimestamp=1772663942910
2026-03-04T23:45:33.205+01:00 DEBUG 33404 --- [medical-service] [DiscoveryClient-CacheRefreshExecutor-%d] o.s.web.client.RestTemplate              : HTTP GET http://localhost:8761/eureka/apps/delta
2026-03-04T23:45:33.205+01:00 DEBUG 33404 --- [medical-service] [DiscoveryClient-HeartbeatExecutor-%d] o.s.web.client.RestTemplate              : Accept=[application/json, application/*+json]
2026-03-04T23:45:33.205+01:00 DEBUG 33404 --- [medical-service] [DiscoveryClient-CacheRefreshExecutor-%d] o.s.web.client.RestTemplate              : Accept=[application/json, application/*+json]
2026-03-04T23:45:33.221+01:00 DEBUG 33404 --- [medical-service] [DiscoveryClient-CacheRefreshExecutor-%d] o.s.web.client.RestTemplate              : Response 200 OK
2026-03-04T23:45:33.221+01:00 DEBUG 33404 --- [medical-service] [DiscoveryClient-HeartbeatExecutor-%d] o.s.web.client.RestTemplate              : Response 200 OK
2026-03-04T23:45:33.221+01:00 DEBUG 33404 --- [medical-service] [DiscoveryClient-CacheRefreshExecutor-%d] o.s.web.client.RestTemplate              : Reading to [org.springframework.cloud.netflix.eureka.http.EurekaApplications]
2026-03-04T23:46:03.231+01:00 DEBUG 33404 --- [medical-service] [DiscoveryClient-CacheRefreshExecutor-%d] o.s.web.client.RestTemplate              : HTTP GET http://localhost:8761/eureka/apps/delta
2026-03-04T23:46:03.231+01:00 DEBUG 33404 --- [medical-service] [DiscoveryClient-HeartbeatExecutor-%d] o.s.web.client.RestTemplate              : HTTP PUT http://localhost:8761/eureka/apps/MEDICAL-SERVICE/DESKTOP-I0BIKTH:medical-service:18086?status=UP&lastDirtyTimestamp=1772663942910
2026-03-04T23:46:03.231+01:00 DEBUG 33404 --- [medical-service] [DiscoveryClient-CacheRefreshExecutor-%d] o.s.web.client.RestTemplate              : Accept=[application/json, application/*+json]
2026-03-04T23:46:03.231+01:00 DEBUG 33404 --- [medical-service] [DiscoveryClient-HeartbeatExecutor-%d] o.s.web.client.RestTemplate              : Accept=[application/json, application/*+json]
2026-03-04T23:46:03.248+01:00 DEBUG 33404 --- [medical-service] [DiscoveryClient-HeartbeatExecutor-%d] o.s.web.client.RestTemplate              : Response 200 OK
2026-03-04T23:46:03.248+01:00 DEBUG 33404 --- [medical-service] [DiscoveryClient-CacheRefreshExecutor-%d] o.s.web.client.RestTemplate              : Response 200 OK
2026-03-04T23:46:03.248+01:00 DEBUG 33404 --- [medical-service] [DiscoveryClient-CacheRefreshExecutor-%d] o.s.web.client.RestTemplate              : Reading to [org.springframework.cloud.netflix.eureka.http.EurekaApplications]
2026-03-04T23:46:32.736+01:00 DEBUG 33404 --- [medical-service] [http-nio-18086-exec-6] o.s.web.servlet.DispatcherServlet        : POST "/api/medical/loans/check-overdue", parameters={masked}
2026-03-04T23:46:32.736+01:00 DEBUG 33404 --- [medical-service] [http-nio-18086-exec-6] s.w.s.m.m.a.RequestMappingHandlerMapping : Mapped to org.techhive.medicalservice.controller.EquipmentLoanController#checkAndUpdateOverdueLoans()
2026-03-04T23:46:32.807+01:00  INFO 33404 --- [medical-service] [http-nio-18086-exec-6] o.t.m.c.EquipmentLoanController          : Checking and updating overdue loans
2026-03-04T23:46:32.810+01:00 DEBUG 33404 --- [medical-service] [http-nio-18086-exec-6] org.hibernate.SQL                        : 
    select
        el1_0.id,
        el1_0.borrower_id,
        el1_0.due_date,
        el1_0.equipment_id,
        el1_0.loan_date,
        el1_0.notes,
        el1_0.purpose,
        el1_0.return_date,
        el1_0.status 
    from
        equipment_loans el1_0 
    where
        el1_0.status='ACTIVE' 
        and el1_0.due_date<localtimestamp
2026-03-04T23:46:32.927+01:00 DEBUG 33404 --- [medical-service] [http-nio-18086-exec-6] o.s.w.s.m.m.a.HttpEntityMethodProcessor  : Using 'text/plain', given [*/*] and supported [text/plain, */*, application/json, application/*+json]
2026-03-04T23:46:32.928+01:00 DEBUG 33404 --- [medical-service] [http-nio-18086-exec-6] o.s.w.s.m.m.a.HttpEntityMethodProcessor  : Writing ["Overdue loans updated"]
2026-03-04T23:46:32.929+01:00 DEBUG 33404 --- [medical-service] [http-nio-18086-exec-6] o.s.web.servlet.DispatcherServlet        : Completed 200 OK
2026-03-04T23:46:33.251+01:00 DEBUG 33404 --- [medical-service] [DiscoveryClient-CacheRefreshExecutor-%d] o.s.web.client.RestTemplate              : HTTP GET http://localhost:8761/eureka/apps/delta
2026-03-04T23:46:33.251+01:00 DEBUG 33404 --- [medical-service] [DiscoveryClient-HeartbeatExecutor-%d] o.s.web.client.RestTemplate              : HTTP PUT http://localhost:8761/eureka/apps/MEDICAL-SERVICE/DESKTOP-I0BIKTH:medical-service:18086?status=UP&lastDirtyTimestamp=1772663942910
2026-03-04T23:46:33.252+01:00 DEBUG 33404 --- [medical-service] [DiscoveryClient-CacheRefreshExecutor-%d] o.s.web.client.RestTemplate              : Accept=[application/json, application/*+json]
2026-03-04T23:46:33.252+01:00 DEBUG 33404 --- [medical-service] [DiscoveryClient-HeartbeatExecutor-%d] o.s.web.client.RestTemplate              : Accept=[application/json, application/*+json]
2026-03-04T23:46:33.268+01:00 DEBUG 33404 --- [medical-service] [DiscoveryClient-CacheRefreshExecutor-%d] o.s.web.client.RestTemplate              : Response 200 OK
2026-03-04T23:46:33.268+01:00 DEBUG 33404 --- [medical-service] [DiscoveryClient-HeartbeatExecutor-%d] o.s.web.client.RestTemplate              : Response 200 OK
2026-03-04T23:46:33.268+01:00 DEBUG 33404 --- [medical-service] [DiscoveryClient-CacheRefreshExecutor-%d] o.s.web.client.RestTemplate              : Reading to [org.springframework.cloud.netflix.eureka.http.EurekaApplications]
2026-03-04T23:47:03.279+01:00 DEBUG 33404 --- [medical-service] [DiscoveryClient-CacheRefreshExecutor-%d] o.s.web.client.RestTemplate              : HTTP GET http://localhost:8761/eureka/apps/delta
2026-03-04T23:47:03.280+01:00 DEBUG 33404 --- [medical-service] [DiscoveryClient-CacheRefreshExecutor-%d] o.s.web.client.RestTemplate              : Accept=[application/json, application/*+json]
2026-03-04T23:47:03.280+01:00 DEBUG 33404 --- [medical-service] [DiscoveryClient-HeartbeatExecutor-%d] o.s.web.client.RestTemplate              : HTTP PUT http://localhost:8761/eureka/apps/MEDICAL-SERVICE/DESKTOP-I0BIKTH:medical-service:18086?status=UP&lastDirtyTimestamp=1772663942910
2026-03-04T23:47:03.280+01:00 DEBUG 33404 --- [medical-service] [DiscoveryClient-HeartbeatExecutor-%d] o.s.web.client.RestTemplate              : Accept=[application/json, application/*+json]
2026-03-04T23:47:03.297+01:00 DEBUG 33404 --- [medical-service] [DiscoveryClient-CacheRefreshExecutor-%d] o.s.web.client.RestTemplate              : Response 200 OK
2026-03-04T23:47:03.297+01:00 DEBUG 33404 --- [medical-service] [DiscoveryClient-HeartbeatExecutor-%d] o.s.web.client.RestTemplate              : Response 200 OK
2026-03-04T23:47:03.298+01:00 DEBUG 33404 --- [medical-service] [DiscoveryClient-CacheRefreshExecutor-%d] o.s.web.client.RestTemplate              : Reading to [org.springframework.cloud.netflix.eureka.http.EurekaApplications]
2026-03-04T23:47:33.300+01:00 DEBUG 33404 --- [medical-service] [DiscoveryClient-CacheRefreshExecutor-%d] o.s.web.client.RestTemplate              : HTTP GET http://localhost:8761/eureka/apps/delta
2026-03-04T23:47:33.300+01:00 DEBUG 33404 --- [medical-service] [DiscoveryClient-HeartbeatExecutor-%d] o.s.web.client.RestTemplate              : HTTP PUT http://localhost:8761/eureka/apps/MEDICAL-SERVICE/DESKTOP-I0BIKTH:medical-service:18086?status=UP&lastDirtyTimestamp=1772663942910
2026-03-04T23:47:33.300+01:00 DEBUG 33404 --- [medical-service] [DiscoveryClient-CacheRefreshExecutor-%d] o.s.web.client.RestTemplate              : Accept=[application/json, application/*+json]
2026-03-04T23:47:33.300+01:00 DEBUG 33404 --- [medical-service] [DiscoveryClient-HeartbeatExecutor-%d] o.s.web.client.RestTemplate              : Accept=[application/json, application/*+json]
2026-03-04T23:47:33.316+01:00 DEBUG 33404 --- [medical-service] [DiscoveryClient-CacheRefreshExecutor-%d] o.s.web.client.RestTemplate              : Response 200 OK
2026-03-04T23:47:33.316+01:00 DEBUG 33404 --- [medical-service] [DiscoveryClient-HeartbeatExecutor-%d] o.s.web.client.RestTemplate              : Response 200 OK
2026-03-04T23:47:33.316+01:00 DEBUG 33404 --- [medical-service] [DiscoveryClient-CacheRefreshExecutor-%d] o.s.web.client.RestTemplate              : Reading to [org.springframework.cloud.netflix.eureka.http.EurekaApplications]
2026-03-04T23:48:03.328+01:00 DEBUG 33404 --- [medical-service] [DiscoveryClient-CacheRefreshExecutor-%d] o.s.web.client.RestTemplate              : HTTP GET http://localhost:8761/eureka/apps/delta
2026-03-04T23:48:03.328+01:00 DEBUG 33404 --- [medical-service] [DiscoveryClient-HeartbeatExecutor-%d] o.s.web.client.RestTemplate              : HTTP PUT http://localhost:8761/eureka/apps/MEDICAL-SERVICE/DESKTOP-I0BIKTH:medical-service:18086?status=UP&lastDirtyTimestamp=1772663942910
2026-03-04T23:48:03.328+01:00 DEBUG 33404 --- [medical-service] [DiscoveryClient-HeartbeatExecutor-%d] o.s.web.client.RestTemplate              : Accept=[application/json, application/*+json]
2026-03-04T23:48:03.328+01:00 DEBUG 33404 --- [medical-service] [DiscoveryClient-CacheRefreshExecutor-%d] o.s.web.client.RestTemplate              : Accept=[application/json, application/*+json]
2026-03-04T23:48:03.346+01:00 DEBUG 33404 --- [medical-service] [DiscoveryClient-CacheRefreshExecutor-%d] o.s.web.client.RestTemplate              : Response 200 OK
2026-03-04T23:48:03.346+01:00 DEBUG 33404 --- [medical-service] [DiscoveryClient-HeartbeatExecutor-%d] o.s.web.client.RestTemplate              : Response 200 OK
2026-03-04T23:48:03.346+01:00 DEBUG 33404 --- [medical-service] [DiscoveryClient-CacheRefreshExecutor-%d] o.s.web.client.RestTemplate              : Reading to [org.springframework.cloud.netflix.eureka.http.EurekaApplications]
2026-03-04T23:48:33.358+01:00 DEBUG 33404 --- [medical-service] [DiscoveryClient-CacheRefreshExecutor-%d] o.s.web.client.RestTemplate              : HTTP GET http://localhost:8761/eureka/apps/delta
2026-03-04T23:48:33.358+01:00 DEBUG 33404 --- [medical-service] [DiscoveryClient-HeartbeatExecutor-%d] o.s.web.client.RestTemplate              : HTTP PUT http://localhost:8761/eureka/apps/MEDICAL-SERVICE/DESKTOP-I0BIKTH:medical-service:18086?status=UP&lastDirtyTimestamp=1772663942910
2026-03-04T23:48:33.358+01:00 DEBUG 33404 --- [medical-service] [DiscoveryClient-CacheRefreshExecutor-%d] o.s.web.client.RestTemplate              : Accept=[application/json, application/*+json]
2026-03-04T23:48:33.358+01:00 DEBUG 33404 --- [medical-service] [DiscoveryClient-HeartbeatExecutor-%d] o.s.web.client.RestTemplate              : Accept=[application/json, application/*+json]
2026-03-04T23:48:33.375+01:00 DEBUG 33404 --- [medical-service] [DiscoveryClient-CacheRefreshExecutor-%d] o.s.web.client.RestTemplate              : Response 200 OK
2026-03-04T23:48:33.375+01:00 DEBUG 33404 --- [medical-service] [DiscoveryClient-HeartbeatExecutor-%d] o.s.web.client.RestTemplate              : Response 200 OK
2026-03-04T23:48:33.375+01:00 DEBUG 33404 --- [medical-service] [DiscoveryClient-CacheRefreshExecutor-%d] o.s.web.client.RestTemplate              : Reading to [org.springframework.cloud.netflix.eureka.http.EurekaApplications]
2026-03-04T23:49:02.456+01:00  INFO 33404 --- [medical-service] [AsyncResolver-bootstrap-executor-%d] c.n.d.s.r.aws.ConfigClusterResolver      : Resolving eureka endpoints via configuration
2026-03-04T23:49:03.468+01:00 DEBUG 33404 --- [medical-service] [DiscoveryClient-HeartbeatExecutor-%d] o.s.web.client.RestTemplate              : HTTP PUT http://localhost:8761/eureka/apps/MEDICAL-SERVICE/DESKTOP-I0BIKTH:medical-service:18086?status=UP&lastDirtyTimestamp=1772663942910
2026-03-04T23:49:03.468+01:00 DEBUG 33404 --- [medical-service] [DiscoveryClient-HeartbeatExecutor-%d] o.s.web.client.RestTemplate              : Accept=[application/json, application/*+json]
2026-03-04T23:49:03.469+01:00 DEBUG 33404 --- [medical-service] [DiscoveryClient-CacheRefreshExecutor-%d] o.s.web.client.RestTemplate              : HTTP GET http://localhost:8761/eureka/apps/delta
2026-03-04T23:49:03.469+01:00 DEBUG 33404 --- [medical-service] [DiscoveryClient-CacheRefreshExecutor-%d] o.s.web.client.RestTemplate              : Accept=[application/json, application/*+json]
2026-03-04T23:49:03.473+01:00 DEBUG 33404 --- [medical-service] [DiscoveryClient-CacheRefreshExecutor-%d] o.s.web.client.RestTemplate              : Response 200 OK
2026-03-04T23:49:03.473+01:00 DEBUG 33404 --- [medical-service] [DiscoveryClient-HeartbeatExecutor-%d] o.s.web.client.RestTemplate              : Response 200 OK
2026-03-04T23:49:03.473+01:00 DEBUG 33404 --- [medical-service] [DiscoveryClient-CacheRefreshExecutor-%d] o.s.web.client.RestTemplate              : Reading to [org.springframework.cloud.netflix.eureka.http.EurekaApplications]
2026-03-04T23:49:15.511+01:00  INFO 33404 --- [medical-service] [SpringApplicationShutdownHook] o.s.c.n.e.s.EurekaServiceRegistry        : Unregistering application MEDICAL-SERVICE with eureka with status DOWN
2026-03-04T23:49:15.511+01:00  INFO 33404 --- [medical-service] [SpringApplicationShutdownHook] com.netflix.discovery.DiscoveryClient    : Saw local status change event StatusChangeEvent [timestamp=1772664555511, current=DOWN, previous=UP]
2026-03-04T23:49:15.512+01:00  INFO 33404 --- [medical-service] [DiscoveryClient-InstanceInfoReplicator-%d] com.netflix.discovery.DiscoveryClient    : DiscoveryClient_MEDICAL-SERVICE/DESKTOP-I0BIKTH:medical-service:18086: registering service...
2026-03-04T23:49:15.512+01:00 DEBUG 33404 --- [medical-service] [DiscoveryClient-InstanceInfoReplicator-%d] o.s.web.client.RestTemplate              : HTTP POST http://localhost:8761/eureka/apps/MEDICAL-SERVICE
2026-03-04T23:49:15.512+01:00 DEBUG 33404 --- [medical-service] [DiscoveryClient-InstanceInfoReplicator-%d] o.s.web.client.RestTemplate              : Accept=[application/json, application/*+json]
2026-03-04T23:49:15.512+01:00 DEBUG 33404 --- [medical-service] [DiscoveryClient-InstanceInfoReplicator-%d] o.s.web.client.RestTemplate              : Writing [InstanceInfo [instanceId = DESKTOP-I0BIKTH:medical-service:18086, appName = MEDICAL-SERVICE, hostName = DESKTOP-I0BIKTH, status = DOWN, ipAddr = 192.168.3.1, port = 18086, securePort = 443, dataCenterInfo = com.netflix.appinfo.MyDataCenterInfo@536905ed] as "application/json"
2026-03-04T23:49:15.523+01:00 DEBUG 33404 --- [medical-service] [DiscoveryClient-InstanceInfoReplicator-%d] o.s.web.client.RestTemplate              : Response 204 NO_CONTENT
2026-03-04T23:49:15.523+01:00  INFO 33404 --- [medical-service] [DiscoveryClient-InstanceInfoReplicator-%d] com.netflix.discovery.DiscoveryClient    : DiscoveryClient_MEDICAL-SERVICE/DESKTOP-I0BIKTH:medical-service:18086 - registration status: 204
2026-03-04T23:49:15.531+01:00  INFO 33404 --- [medical-service] [SpringApplicationShutdownHook] j.LocalContainerEntityManagerFactoryBean : Closing JPA EntityManagerFactory for persistence unit 'default'
2026-03-04T23:49:15.532+01:00  INFO 33404 --- [medical-service] [SpringApplicationShutdownHook] com.zaxxer.hikari.HikariDataSource       : HikariPool-1 - Shutdown initiated...
2026-03-04T23:49:16.323+01:00  INFO 33404 --- [medical-service] [SpringApplicationShutdownHook] com.zaxxer.hikari.HikariDataSource       : HikariPool-1 - Shutdown completed.
2026-03-04T23:49:16.323+01:00  INFO 33404 --- [medical-service] [SpringApplicationShutdownHook] com.netflix.discovery.DiscoveryClient    : Shutting down DiscoveryClient ...
2026-03-04T23:49:19.333+01:00  INFO 33404 --- [medical-service] [SpringApplicationShutdownHook] com.netflix.discovery.DiscoveryClient    : Unregistering ...
2026-03-04T23:49:19.333+01:00 DEBUG 33404 --- [medical-service] [SpringApplicationShutdownHook] o.s.web.client.RestTemplate              : HTTP DELETE http://localhost:8761/eureka/apps/MEDICAL-SERVICE/DESKTOP-I0BIKTH:medical-service:18086
2026-03-04T23:49:19.334+01:00 DEBUG 33404 --- [medical-service] [SpringApplicationShutdownHook] o.s.web.client.RestTemplate              : Accept=[application/json, application/*+json]
2026-03-04T23:49:19.350+01:00 DEBUG 33404 --- [medical-service] [SpringApplicationShutdownHook] o.s.web.client.RestTemplate              : Response 200 OK
2026-03-04T23:49:19.350+01:00  INFO 33404 --- [medical-service] [SpringApplicationShutdownHook] com.netflix.discovery.DiscoveryClient    : DiscoveryClient_MEDICAL-SERVICE/DESKTOP-I0BIKTH:medical-service:18086 - deregister  status: 200
2026-03-04T23:49:19.350+01:00  INFO 33404 --- [medical-service] [SpringApplicationShutdownHook] com.netflix.discovery.DiscoveryClient    : Completed shut down of DiscoveryClient
2026-03-04T23:49:32.615+01:00  INFO 13248 --- [medical-service] [main] o.t.m.MedicalServiceApplication          : Starting MedicalServiceApplication using Java 21.0.2 with PID 13248 (C:\Users\Lenovo\OneDrive - ESPRIT\Documents\GitHub\ESPRIT-PI-4SAE11-2026-Tfakkarni\backend\medical-service\target\classes started by Lenovo in C:\Users\Lenovo\OneDrive - ESPRIT\Documents\GitHub\ESPRIT-PI-4SAE11-2026-Tfakkarni\backend)
2026-03-04T23:49:32.619+01:00  INFO 13248 --- [medical-service] [main] o.t.m.MedicalServiceApplication          : No active profile set, falling back to 1 default profile: "default"
2026-03-04T23:49:34.180+01:00  INFO 13248 --- [medical-service] [main] .s.d.r.c.RepositoryConfigurationDelegate : Bootstrapping Spring Data JPA repositories in DEFAULT mode.
2026-03-04T23:49:34.397+01:00  INFO 13248 --- [medical-service] [main] .s.d.r.c.RepositoryConfigurationDelegate : Finished Spring Data repository scanning in 207 ms. Found 2 JPA repository interfaces.
2026-03-04T23:49:34.719+01:00  INFO 13248 --- [medical-service] [main] o.s.cloud.context.scope.GenericScope     : BeanFactory id=d5d29f55-288d-38ce-a185-7c44f75a822c
2026-03-04T23:49:35.276+01:00  INFO 13248 --- [medical-service] [main] o.s.b.w.embedded.tomcat.TomcatWebServer  : Tomcat initialized with port 18086 (http)
2026-03-04T23:49:35.299+01:00  INFO 13248 --- [medical-service] [main] o.apache.catalina.core.StandardService   : Starting service [Tomcat]
2026-03-04T23:49:35.299+01:00  INFO 13248 --- [medical-service] [main] o.apache.catalina.core.StandardEngine    : Starting Servlet engine: [Apache Tomcat/10.1.33]
2026-03-04T23:49:35.399+01:00  INFO 13248 --- [medical-service] [main] o.a.c.c.C.[Tomcat].[localhost].[/]       : Initializing Spring embedded WebApplicationContext
2026-03-04T23:49:35.400+01:00  INFO 13248 --- [medical-service] [main] w.s.c.ServletWebServerApplicationContext : Root WebApplicationContext: initialization completed in 2701 ms
2026-03-04T23:49:35.601+01:00  INFO 13248 --- [medical-service] [main] o.hibernate.jpa.internal.util.LogHelper  : HHH000204: Processing PersistenceUnitInfo [name: default]
2026-03-04T23:49:35.706+01:00  INFO 13248 --- [medical-service] [main] org.hibernate.Version                    : HHH000412: Hibernate ORM core version 6.5.3.Final
2026-03-04T23:49:35.759+01:00  INFO 13248 --- [medical-service] [main] o.h.c.internal.RegionFactoryInitiator    : HHH000026: Second-level cache disabled
2026-03-04T23:49:36.117+01:00  INFO 13248 --- [medical-service] [main] o.s.o.j.p.SpringPersistenceUnitInfo      : No LoadTimeWeaver setup: ignoring JPA class transformer
2026-03-04T23:49:36.148+01:00  INFO 13248 --- [medical-service] [main] com.zaxxer.hikari.HikariDataSource       : HikariPool-1 - Starting...
2026-03-04T23:49:37.231+01:00  INFO 13248 --- [medical-service] [main] com.zaxxer.hikari.pool.HikariPool        : HikariPool-1 - Added connection org.postgresql.jdbc.PgConnection@1031c1a0
2026-03-04T23:49:37.232+01:00  INFO 13248 --- [medical-service] [main] com.zaxxer.hikari.HikariDataSource       : HikariPool-1 - Start completed.
2026-03-04T23:49:37.333+01:00  WARN 13248 --- [medical-service] [main] org.hibernate.orm.deprecation            : HHH90000025: PostgreSQLDialect does not need to be specified explicitly using 'hibernate.dialect' (remove the property setting and it will be selected by default)
2026-03-04T23:49:38.617+01:00  INFO 13248 --- [medical-service] [main] o.h.e.t.j.p.i.JtaPlatformInitiator       : HHH000489: No JTA platform available (set 'hibernate.transaction.jta.platform' to enable JTA platform integration)
2026-03-04T23:49:39.404+01:00  INFO 13248 --- [medical-service] [main] j.LocalContainerEntityManagerFactoryBean : Initialized JPA EntityManagerFactory for persistence unit 'default'
2026-03-04T23:49:39.668+01:00  INFO 13248 --- [medical-service] [main] o.s.d.j.r.query.QueryEnhancerFactory     : Hibernate is in classpath; If applicable, HQL parser will be used.
2026-03-04T23:49:40.680+01:00  WARN 13248 --- [medical-service] [main] JpaBaseConfiguration$JpaWebConfiguration : spring.jpa.open-in-view is enabled by default. Therefore, database queries may be performed during view rendering. Explicitly configure spring.jpa.open-in-view to disable this warning
2026-03-04T23:49:40.869+01:00 DEBUG 13248 --- [medical-service] [main] s.w.s.m.m.a.RequestMappingHandlerMapping : 45 mappings in 'requestMappingHandlerMapping'
2026-03-04T23:49:40.985+01:00 DEBUG 13248 --- [medical-service] [main] o.s.w.s.handler.SimpleUrlHandlerMapping  : Patterns [/webjars/**, /**, /swagger-ui*/*swagger-initializer.js, /swagger-ui*/**] in 'resourceHandlerMapping'
2026-03-04T23:49:41.029+01:00 DEBUG 13248 --- [medical-service] [main] s.w.s.m.m.a.RequestMappingHandlerAdapter : ControllerAdvice beans: 0 @ModelAttribute, 0 @InitBinder, 1 RequestBodyAdvice, 1 ResponseBodyAdvice
2026-03-04T23:49:41.073+01:00 DEBUG 13248 --- [medical-service] [main] .m.m.a.ExceptionHandlerExceptionResolver : ControllerAdvice beans: 2 @ExceptionHandler, 1 ResponseBodyAdvice
2026-03-04T23:49:41.411+01:00  INFO 13248 --- [medical-service] [main] DiscoveryClientOptionalArgsConfiguration : Eureka HTTP Client uses RestTemplate.
2026-03-04T23:49:41.464+01:00  WARN 13248 --- [medical-service] [main] iguration$LoadBalancerCaffeineWarnLogger : Spring Cloud LoadBalancer is currently working with the default cache. While this cache implementation is useful for development and tests, it's recommended to use Caffeine cache in production.You can switch to using Caffeine cache, by adding it and org.springframework.cache.caffeine.CaffeineCacheManager to the classpath.
2026-03-04T23:49:41.530+01:00  INFO 13248 --- [medical-service] [main] o.s.c.n.eureka.InstanceInfoFactory       : Setting initial instance status as: STARTING
2026-03-04T23:49:41.565+01:00  INFO 13248 --- [medical-service] [main] com.netflix.discovery.DiscoveryClient    : Initializing Eureka in region us-east-1
2026-03-04T23:49:41.570+01:00  INFO 13248 --- [medical-service] [main] c.n.d.s.r.aws.ConfigClusterResolver      : Resolving eureka endpoints via configuration
2026-03-04T23:49:41.582+01:00  INFO 13248 --- [medical-service] [main] com.netflix.discovery.DiscoveryClient    : Disable delta property : false
2026-03-04T23:49:41.582+01:00  INFO 13248 --- [medical-service] [main] com.netflix.discovery.DiscoveryClient    : Single vip registry refresh property : null
2026-03-04T23:49:41.582+01:00  INFO 13248 --- [medical-service] [main] com.netflix.discovery.DiscoveryClient    : Force full registry fetch : false
2026-03-04T23:49:41.583+01:00  INFO 13248 --- [medical-service] [main] com.netflix.discovery.DiscoveryClient    : Application is null : false
2026-03-04T23:49:41.583+01:00  INFO 13248 --- [medical-service] [main] com.netflix.discovery.DiscoveryClient    : Registered Applications size is zero : true
2026-03-04T23:49:41.583+01:00  INFO 13248 --- [medical-service] [main] com.netflix.discovery.DiscoveryClient    : Application version is -1: true
2026-03-04T23:49:41.583+01:00  INFO 13248 --- [medical-service] [main] com.netflix.discovery.DiscoveryClient    : Getting all instance registry info from the eureka server
2026-03-04T23:49:41.781+01:00 DEBUG 13248 --- [medical-service] [main] o.s.web.client.RestTemplate              : HTTP GET http://localhost:8761/eureka/apps/
2026-03-04T23:49:41.950+01:00 DEBUG 13248 --- [medical-service] [main] o.s.web.client.RestTemplate              : Accept=[application/json, application/*+json]
2026-03-04T23:49:42.020+01:00 DEBUG 13248 --- [medical-service] [main] o.s.web.client.RestTemplate              : Response 200 OK
2026-03-04T23:49:42.022+01:00 DEBUG 13248 --- [medical-service] [main] o.s.web.client.RestTemplate              : Reading to [org.springframework.cloud.netflix.eureka.http.EurekaApplications]
2026-03-04T23:49:42.078+01:00  INFO 13248 --- [medical-service] [main] com.netflix.discovery.DiscoveryClient    : The response status is 200
2026-03-04T23:49:42.080+01:00  INFO 13248 --- [medical-service] [main] com.netflix.discovery.DiscoveryClient    : Starting heartbeat executor: renew interval is: 30
2026-03-04T23:49:42.082+01:00  INFO 13248 --- [medical-service] [main] c.n.discovery.InstanceInfoReplicator     : InstanceInfoReplicator onDemand update allowed rate per min is 4
2026-03-04T23:49:42.084+01:00  INFO 13248 --- [medical-service] [main] com.netflix.discovery.DiscoveryClient    : Discovery Client initialized at timestamp 1772664582083 with initial instances count: 6
2026-03-04T23:49:42.089+01:00  INFO 13248 --- [medical-service] [main] o.s.c.n.e.s.EurekaServiceRegistry        : Registering application MEDICAL-SERVICE with eureka with status UP
2026-03-04T23:49:42.089+01:00  INFO 13248 --- [medical-service] [main] com.netflix.discovery.DiscoveryClient    : Saw local status change event StatusChangeEvent [timestamp=1772664582089, current=UP, previous=STARTING]
2026-03-04T23:49:42.092+01:00  INFO 13248 --- [medical-service] [DiscoveryClient-InstanceInfoReplicator-%d] com.netflix.discovery.DiscoveryClient    : DiscoveryClient_MEDICAL-SERVICE/DESKTOP-I0BIKTH:medical-service:18086: registering service...
2026-03-04T23:49:42.098+01:00 DEBUG 13248 --- [medical-service] [DiscoveryClient-InstanceInfoReplicator-%d] o.s.web.client.RestTemplate              : HTTP POST http://localhost:8761/eureka/apps/MEDICAL-SERVICE
2026-03-04T23:49:42.101+01:00 DEBUG 13248 --- [medical-service] [DiscoveryClient-InstanceInfoReplicator-%d] o.s.web.client.RestTemplate              : Accept=[application/json, application/*+json]
2026-03-04T23:49:42.115+01:00  INFO 13248 --- [medical-service] [main] o.s.b.w.embedded.tomcat.TomcatWebServer  : Tomcat started on port 18086 (http) with context path '/'
2026-03-04T23:49:42.117+01:00  INFO 13248 --- [medical-service] [main] .s.c.n.e.s.EurekaAutoServiceRegistration : Updating port to 18086
2026-03-04T23:49:42.120+01:00 DEBUG 13248 --- [medical-service] [DiscoveryClient-InstanceInfoReplicator-%d] o.s.web.client.RestTemplate              : Writing [InstanceInfo [instanceId = DESKTOP-I0BIKTH:medical-service:18086, appName = MEDICAL-SERVICE, hostName = DESKTOP-I0BIKTH, status = UP, ipAddr = 192.168.3.1, port = 18086, securePort = 443, dataCenterInfo = com.netflix.appinfo.MyDataCenterInfo@47651c28] as "application/json"
2026-03-04T23:49:42.149+01:00 DEBUG 13248 --- [medical-service] [DiscoveryClient-InstanceInfoReplicator-%d] o.s.web.client.RestTemplate              : Response 204 NO_CONTENT
2026-03-04T23:49:42.149+01:00  INFO 13248 --- [medical-service] [DiscoveryClient-InstanceInfoReplicator-%d] com.netflix.discovery.DiscoveryClient    : DiscoveryClient_MEDICAL-SERVICE/DESKTOP-I0BIKTH:medical-service:18086 - registration status: 204
2026-03-04T23:49:42.150+01:00  INFO 13248 --- [medical-service] [main] o.t.m.MedicalServiceApplication          : Started MedicalServiceApplication in 10.768 seconds (process running for 12.093)
2026-03-04T23:50:12.095+01:00 DEBUG 13248 --- [medical-service] [DiscoveryClient-CacheRefreshExecutor-%d] o.s.web.client.RestTemplate              : HTTP GET http://localhost:8761/eureka/apps/delta
2026-03-04T23:50:12.095+01:00 DEBUG 13248 --- [medical-service] [DiscoveryClient-CacheRefreshExecutor-%d] o.s.web.client.RestTemplate              : Accept=[application/json, application/*+json]
2026-03-04T23:50:12.095+01:00 DEBUG 13248 --- [medical-service] [DiscoveryClient-HeartbeatExecutor-%d] o.s.web.client.RestTemplate              : HTTP PUT http://localhost:8761/eureka/apps/MEDICAL-SERVICE/DESKTOP-I0BIKTH:medical-service:18086?status=UP&lastDirtyTimestamp=1772664582089
2026-03-04T23:50:12.102+01:00 DEBUG 13248 --- [medical-service] [DiscoveryClient-CacheRefreshExecutor-%d] o.s.web.client.RestTemplate              : Response 200 OK
2026-03-04T23:50:12.103+01:00 DEBUG 13248 --- [medical-service] [DiscoveryClient-CacheRefreshExecutor-%d] o.s.web.client.RestTemplate              : Reading to [org.springframework.cloud.netflix.eureka.http.EurekaApplications]
2026-03-04T23:50:12.108+01:00 DEBUG 13248 --- [medical-service] [DiscoveryClient-HeartbeatExecutor-%d] o.s.web.client.RestTemplate              : Accept=[application/json, application/*+json]
2026-03-04T23:50:12.117+01:00 DEBUG 13248 --- [medical-service] [DiscoveryClient-HeartbeatExecutor-%d] o.s.web.client.RestTemplate              : Response 200 OK
2026-03-04T23:50:42.117+01:00 DEBUG 13248 --- [medical-service] [DiscoveryClient-CacheRefreshExecutor-%d] o.s.web.client.RestTemplate              : HTTP GET http://localhost:8761/eureka/apps/delta
2026-03-04T23:50:42.117+01:00 DEBUG 13248 --- [medical-service] [DiscoveryClient-CacheRefreshExecutor-%d] o.s.web.client.RestTemplate              : Accept=[application/json, application/*+json]
2026-03-04T23:50:42.132+01:00 DEBUG 13248 --- [medical-service] [DiscoveryClient-HeartbeatExecutor-%d] o.s.web.client.RestTemplate              : HTTP PUT http://localhost:8761/eureka/apps/MEDICAL-SERVICE/DESKTOP-I0BIKTH:medical-service:18086?status=UP&lastDirtyTimestamp=1772664582089
2026-03-04T23:50:42.134+01:00 DEBUG 13248 --- [medical-service] [DiscoveryClient-HeartbeatExecutor-%d] o.s.web.client.RestTemplate              : Accept=[application/json, application/*+json]
2026-03-04T23:50:42.136+01:00 DEBUG 13248 --- [medical-service] [DiscoveryClient-CacheRefreshExecutor-%d] o.s.web.client.RestTemplate              : Response 200 OK
2026-03-04T23:50:42.137+01:00 DEBUG 13248 --- [medical-service] [DiscoveryClient-CacheRefreshExecutor-%d] o.s.web.client.RestTemplate              : Reading to [org.springframework.cloud.netflix.eureka.http.EurekaApplications]
2026-03-04T23:50:42.150+01:00 DEBUG 13248 --- [medical-service] [DiscoveryClient-HeartbeatExecutor-%d] o.s.web.client.RestTemplate              : Response 200 OK
2026-03-04T23:50:45.673+01:00  INFO 13248 --- [medical-service] [http-nio-18086-exec-1] o.a.c.c.C.[Tomcat].[localhost].[/]       : Initializing Spring DispatcherServlet 'dispatcherServlet'
2026-03-04T23:50:45.675+01:00  INFO 13248 --- [medical-service] [http-nio-18086-exec-1] o.s.web.servlet.DispatcherServlet        : Initializing Servlet 'dispatcherServlet'
2026-03-04T23:50:45.675+01:00 DEBUG 13248 --- [medical-service] [http-nio-18086-exec-1] o.s.web.servlet.DispatcherServlet        : Detected StandardServletMultipartResolver
2026-03-04T23:50:45.675+01:00 DEBUG 13248 --- [medical-service] [http-nio-18086-exec-1] o.s.web.servlet.DispatcherServlet        : Detected AcceptHeaderLocaleResolver
2026-03-04T23:50:45.676+01:00 DEBUG 13248 --- [medical-service] [http-nio-18086-exec-1] o.s.web.servlet.DispatcherServlet        : Detected FixedThemeResolver
2026-03-04T23:50:45.678+01:00 DEBUG 13248 --- [medical-service] [http-nio-18086-exec-1] o.s.web.servlet.DispatcherServlet        : Detected org.springframework.web.servlet.view.DefaultRequestToViewNameTranslator@f542e08
2026-03-04T23:50:45.679+01:00 DEBUG 13248 --- [medical-service] [http-nio-18086-exec-1] o.s.web.servlet.DispatcherServlet        : Detected org.springframework.web.servlet.support.SessionFlashMapManager@55c3222d
2026-03-04T23:50:45.679+01:00 DEBUG 13248 --- [medical-service] [http-nio-18086-exec-1] o.s.web.servlet.DispatcherServlet        : enableLoggingRequestDetails='false': request parameters and headers will be masked to prevent unsafe logging of potentially sensitive data
2026-03-04T23:50:45.680+01:00  INFO 13248 --- [medical-service] [http-nio-18086-exec-1] o.s.web.servlet.DispatcherServlet        : Completed initialization in 5 ms
2026-03-04T23:50:45.697+01:00 DEBUG 13248 --- [medical-service] [http-nio-18086-exec-1] o.s.web.servlet.DispatcherServlet        : GET "/api/medical/equipment", parameters={}
2026-03-04T23:50:45.717+01:00 DEBUG 13248 --- [medical-service] [http-nio-18086-exec-1] s.w.s.m.m.a.RequestMappingHandlerMapping : Mapped to org.techhive.medicalservice.controller.EquipmentController#getAllEquipment()
2026-03-04T23:50:45.829+01:00  INFO 13248 --- [medical-service] [http-nio-18086-exec-1] o.t.m.controller.EquipmentController     : Fetching all equipment
2026-03-04T23:50:45.990+01:00 DEBUG 13248 --- [medical-service] [http-nio-18086-exec-1] org.hibernate.SQL                        : 
    select
        e1_0.id,
        e1_0.category,
        e1_0.condition,
        e1_0.description,
        e1_0.donation_date,
        e1_0.donor_id,
        e1_0.name,
        e1_0.status 
    from
        equipments e1_0
2026-03-04T23:50:46.207+01:00 DEBUG 13248 --- [medical-service] [http-nio-18086-exec-1] org.hibernate.SQL                        : 
    select
        l1_0.equipment_id,
        l1_0.id,
        l1_0.borrower_id,
        l1_0.due_date,
        l1_0.loan_date,
        l1_0.notes,
        l1_0.purpose,
        l1_0.return_date,
        l1_0.status 
    from
        equipment_loans l1_0 
    where
        l1_0.equipment_id=?
2026-03-04T23:50:46.270+01:00 DEBUG 13248 --- [medical-service] [http-nio-18086-exec-1] org.hibernate.SQL                        : 
    select
        l1_0.equipment_id,
        l1_0.id,
        l1_0.borrower_id,
        l1_0.due_date,
        l1_0.loan_date,
        l1_0.notes,
        l1_0.purpose,
        l1_0.return_date,
        l1_0.status 
    from
        equipment_loans l1_0 
    where
        l1_0.equipment_id=?
2026-03-04T23:50:46.337+01:00 DEBUG 13248 --- [medical-service] [http-nio-18086-exec-1] org.hibernate.SQL                        : 
    select
        l1_0.equipment_id,
        l1_0.id,
        l1_0.borrower_id,
        l1_0.due_date,
        l1_0.loan_date,
        l1_0.notes,
        l1_0.purpose,
        l1_0.return_date,
        l1_0.status 
    from
        equipment_loans l1_0 
    where
        l1_0.equipment_id=?
2026-03-04T23:50:46.404+01:00 DEBUG 13248 --- [medical-service] [http-nio-18086-exec-1] org.hibernate.SQL                        : 
    select
        l1_0.equipment_id,
        l1_0.id,
        l1_0.borrower_id,
        l1_0.due_date,
        l1_0.loan_date,
        l1_0.notes,
        l1_0.purpose,
        l1_0.return_date,
        l1_0.status 
    from
        equipment_loans l1_0 
    where
        l1_0.equipment_id=?
2026-03-04T23:50:46.475+01:00 DEBUG 13248 --- [medical-service] [http-nio-18086-exec-1] org.hibernate.SQL                        : 
    select
        l1_0.equipment_id,
        l1_0.id,
        l1_0.borrower_id,
        l1_0.due_date,
        l1_0.loan_date,
        l1_0.notes,
        l1_0.purpose,
        l1_0.return_date,
        l1_0.status 
    from
        equipment_loans l1_0 
    where
        l1_0.equipment_id=?
2026-03-04T23:50:46.536+01:00 DEBUG 13248 --- [medical-service] [http-nio-18086-exec-1] org.hibernate.SQL                        : 
    select
        l1_0.equipment_id,
        l1_0.id,
        l1_0.borrower_id,
        l1_0.due_date,
        l1_0.loan_date,
        l1_0.notes,
        l1_0.purpose,
        l1_0.return_date,
        l1_0.status 
    from
        equipment_loans l1_0 
    where
        l1_0.equipment_id=?
2026-03-04T23:50:46.595+01:00 DEBUG 13248 --- [medical-service] [http-nio-18086-exec-1] org.hibernate.SQL                        : 
    select
        l1_0.equipment_id,
        l1_0.id,
        l1_0.borrower_id,
        l1_0.due_date,
        l1_0.loan_date,
        l1_0.notes,
        l1_0.purpose,
        l1_0.return_date,
        l1_0.status 
    from
        equipment_loans l1_0 
    where
        l1_0.equipment_id=?
2026-03-04T23:50:46.672+01:00 DEBUG 13248 --- [medical-service] [http-nio-18086-exec-1] org.hibernate.SQL                        : 
    select
        l1_0.equipment_id,
        l1_0.id,
        l1_0.borrower_id,
        l1_0.due_date,
        l1_0.loan_date,
        l1_0.notes,
        l1_0.purpose,
        l1_0.return_date,
        l1_0.status 
    from
        equipment_loans l1_0 
    where
        l1_0.equipment_id=?
2026-03-04T23:50:46.743+01:00 DEBUG 13248 --- [medical-service] [http-nio-18086-exec-1] org.hibernate.SQL                        : 
    select
        l1_0.equipment_id,
        l1_0.id,
        l1_0.borrower_id,
        l1_0.due_date,
        l1_0.loan_date,
        l1_0.notes,
        l1_0.purpose,
        l1_0.return_date,
        l1_0.status 
    from
        equipment_loans l1_0 
    where
        l1_0.equipment_id=?
2026-03-04T23:50:46.804+01:00 DEBUG 13248 --- [medical-service] [http-nio-18086-exec-1] org.hibernate.SQL                        : 
    select
        l1_0.equipment_id,
        l1_0.id,
        l1_0.borrower_id,
        l1_0.due_date,
        l1_0.loan_date,
        l1_0.notes,
        l1_0.purpose,
        l1_0.return_date,
        l1_0.status 
    from
        equipment_loans l1_0 
    where
        l1_0.equipment_id=?
2026-03-04T23:50:46.864+01:00 DEBUG 13248 --- [medical-service] [http-nio-18086-exec-1] org.hibernate.SQL                        : 
    select
        l1_0.equipment_id,
        l1_0.id,
        l1_0.borrower_id,
        l1_0.due_date,
        l1_0.loan_date,
        l1_0.notes,
        l1_0.purpose,
        l1_0.return_date,
        l1_0.status 
    from
        equipment_loans l1_0 
    where
        l1_0.equipment_id=?
2026-03-04T23:50:46.923+01:00 DEBUG 13248 --- [medical-service] [http-nio-18086-exec-1] org.hibernate.SQL                        : 
    select
        l1_0.equipment_id,
        l1_0.id,
        l1_0.borrower_id,
        l1_0.due_date,
        l1_0.loan_date,
        l1_0.notes,
        l1_0.purpose,
        l1_0.return_date,
        l1_0.status 
    from
        equipment_loans l1_0 
    where
        l1_0.equipment_id=?
2026-03-04T23:50:46.983+01:00 DEBUG 13248 --- [medical-service] [http-nio-18086-exec-1] org.hibernate.SQL                        : 
    select
        l1_0.equipment_id,
        l1_0.id,
        l1_0.borrower_id,
        l1_0.due_date,
        l1_0.loan_date,
        l1_0.notes,
        l1_0.purpose,
        l1_0.return_date,
        l1_0.status 
    from
        equipment_loans l1_0 
    where
        l1_0.equipment_id=?
2026-03-04T23:50:47.044+01:00 DEBUG 13248 --- [medical-service] [http-nio-18086-exec-1] org.hibernate.SQL                        : 
    select
        l1_0.equipment_id,
        l1_0.id,
        l1_0.borrower_id,
        l1_0.due_date,
        l1_0.loan_date,
        l1_0.notes,
        l1_0.purpose,
        l1_0.return_date,
        l1_0.status 
    from
        equipment_loans l1_0 
    where
        l1_0.equipment_id=?
2026-03-04T23:50:47.103+01:00 DEBUG 13248 --- [medical-service] [http-nio-18086-exec-1] org.hibernate.SQL                        : 
    select
        l1_0.equipment_id,
        l1_0.id,
        l1_0.borrower_id,
        l1_0.due_date,
        l1_0.loan_date,
        l1_0.notes,
        l1_0.purpose,
        l1_0.return_date,
        l1_0.status 
    from
        equipment_loans l1_0 
    where
        l1_0.equipment_id=?
2026-03-04T23:50:47.163+01:00 DEBUG 13248 --- [medical-service] [http-nio-18086-exec-1] org.hibernate.SQL                        : 
    select
        l1_0.equipment_id,
        l1_0.id,
        l1_0.borrower_id,
        l1_0.due_date,
        l1_0.loan_date,
        l1_0.notes,
        l1_0.purpose,
        l1_0.return_date,
        l1_0.status 
    from
        equipment_loans l1_0 
    where
        l1_0.equipment_id=?
2026-03-04T23:50:47.232+01:00 DEBUG 13248 --- [medical-service] [http-nio-18086-exec-1] org.hibernate.SQL                        : 
    select
        l1_0.equipment_id,
        l1_0.id,
        l1_0.borrower_id,
        l1_0.due_date,
        l1_0.loan_date,
        l1_0.notes,
        l1_0.purpose,
        l1_0.return_date,
        l1_0.status 
    from
        equipment_loans l1_0 
    where
        l1_0.equipment_id=?
2026-03-04T23:50:47.294+01:00 DEBUG 13248 --- [medical-service] [http-nio-18086-exec-1] org.hibernate.SQL                        : 
    select
        l1_0.equipment_id,
        l1_0.id,
        l1_0.borrower_id,
        l1_0.due_date,
        l1_0.loan_date,
        l1_0.notes,
        l1_0.purpose,
        l1_0.return_date,
        l1_0.status 
    from
        equipment_loans l1_0 
    where
        l1_0.equipment_id=?
2026-03-04T23:50:47.365+01:00 DEBUG 13248 --- [medical-service] [http-nio-18086-exec-1] org.hibernate.SQL                        : 
    select
        l1_0.equipment_id,
        l1_0.id,
        l1_0.borrower_id,
        l1_0.due_date,
        l1_0.loan_date,
        l1_0.notes,
        l1_0.purpose,
        l1_0.return_date,
        l1_0.status 
    from
        equipment_loans l1_0 
    where
        l1_0.equipment_id=?
2026-03-04T23:50:47.419+01:00 DEBUG 13248 --- [medical-service] [http-nio-18086-exec-1] org.hibernate.SQL                        : 
    select
        l1_0.equipment_id,
        l1_0.id,
        l1_0.borrower_id,
        l1_0.due_date,
        l1_0.loan_date,
        l1_0.notes,
        l1_0.purpose,
        l1_0.return_date,
        l1_0.status 
    from
        equipment_loans l1_0 
    where
        l1_0.equipment_id=?
2026-03-04T23:50:47.485+01:00 DEBUG 13248 --- [medical-service] [http-nio-18086-exec-1] org.hibernate.SQL                        : 
    select
        l1_0.equipment_id,
        l1_0.id,
        l1_0.borrower_id,
        l1_0.due_date,
        l1_0.loan_date,
        l1_0.notes,
        l1_0.purpose,
        l1_0.return_date,
        l1_0.status 
    from
        equipment_loans l1_0 
    where
        l1_0.equipment_id=?
2026-03-04T23:50:47.547+01:00 DEBUG 13248 --- [medical-service] [http-nio-18086-exec-1] org.hibernate.SQL                        : 
    select
        l1_0.equipment_id,
        l1_0.id,
        l1_0.borrower_id,
        l1_0.due_date,
        l1_0.loan_date,
        l1_0.notes,
        l1_0.purpose,
        l1_0.return_date,
        l1_0.status 
    from
        equipment_loans l1_0 
    where
        l1_0.equipment_id=?
2026-03-04T23:50:47.603+01:00 DEBUG 13248 --- [medical-service] [http-nio-18086-exec-1] org.hibernate.SQL                        : 
    select
        l1_0.equipment_id,
        l1_0.id,
        l1_0.borrower_id,
        l1_0.due_date,
        l1_0.loan_date,
        l1_0.notes,
        l1_0.purpose,
        l1_0.return_date,
        l1_0.status 
    from
        equipment_loans l1_0 
    where
        l1_0.equipment_id=?
2026-03-04T23:50:47.664+01:00 DEBUG 13248 --- [medical-service] [http-nio-18086-exec-1] org.hibernate.SQL                        : 
    select
        l1_0.equipment_id,
        l1_0.id,
        l1_0.borrower_id,
        l1_0.due_date,
        l1_0.loan_date,
        l1_0.notes,
        l1_0.purpose,
        l1_0.return_date,
        l1_0.status 
    from
        equipment_loans l1_0 
    where
        l1_0.equipment_id=?
2026-03-04T23:50:47.723+01:00 DEBUG 13248 --- [medical-service] [http-nio-18086-exec-1] org.hibernate.SQL                        : 
    select
        l1_0.equipment_id,
        l1_0.id,
        l1_0.borrower_id,
        l1_0.due_date,
        l1_0.loan_date,
        l1_0.notes,
        l1_0.purpose,
        l1_0.return_date,
        l1_0.status 
    from
        equipment_loans l1_0 
    where
        l1_0.equipment_id=?
2026-03-04T23:50:47.778+01:00 DEBUG 13248 --- [medical-service] [http-nio-18086-exec-1] org.hibernate.SQL                        : 
    select
        l1_0.equipment_id,
        l1_0.id,
        l1_0.borrower_id,
        l1_0.due_date,
        l1_0.loan_date,
        l1_0.notes,
        l1_0.purpose,
        l1_0.return_date,
        l1_0.status 
    from
        equipment_loans l1_0 
    where
        l1_0.equipment_id=?
2026-03-04T23:50:47.843+01:00 DEBUG 13248 --- [medical-service] [http-nio-18086-exec-1] org.hibernate.SQL                        : 
    select
        l1_0.equipment_id,
        l1_0.id,
        l1_0.borrower_id,
        l1_0.due_date,
        l1_0.loan_date,
        l1_0.notes,
        l1_0.purpose,
        l1_0.return_date,
        l1_0.status 
    from
        equipment_loans l1_0 
    where
        l1_0.equipment_id=?
2026-03-04T23:50:47.908+01:00 DEBUG 13248 --- [medical-service] [http-nio-18086-exec-1] org.hibernate.SQL                        : 
    select
        l1_0.equipment_id,
        l1_0.id,
        l1_0.borrower_id,
        l1_0.due_date,
        l1_0.loan_date,
        l1_0.notes,
        l1_0.purpose,
        l1_0.return_date,
        l1_0.status 
    from
        equipment_loans l1_0 
    where
        l1_0.equipment_id=?
2026-03-04T23:50:47.964+01:00 DEBUG 13248 --- [medical-service] [http-nio-18086-exec-1] org.hibernate.SQL                        : 
    select
        l1_0.equipment_id,
        l1_0.id,
        l1_0.borrower_id,
        l1_0.due_date,
        l1_0.loan_date,
        l1_0.notes,
        l1_0.purpose,
        l1_0.return_date,
        l1_0.status 
    from
        equipment_loans l1_0 
    where
        l1_0.equipment_id=?
2026-03-04T23:50:48.024+01:00 DEBUG 13248 --- [medical-service] [http-nio-18086-exec-1] org.hibernate.SQL                        : 
    select
        l1_0.equipment_id,
        l1_0.id,
        l1_0.borrower_id,
        l1_0.due_date,
        l1_0.loan_date,
        l1_0.notes,
        l1_0.purpose,
        l1_0.return_date,
        l1_0.status 
    from
        equipment_loans l1_0 
    where
        l1_0.equipment_id=?
2026-03-04T23:50:48.083+01:00 DEBUG 13248 --- [medical-service] [http-nio-18086-exec-1] org.hibernate.SQL                        : 
    select
        l1_0.equipment_id,
        l1_0.id,
        l1_0.borrower_id,
        l1_0.due_date,
        l1_0.loan_date,
        l1_0.notes,
        l1_0.purpose,
        l1_0.return_date,
        l1_0.status 
    from
        equipment_loans l1_0 
    where
        l1_0.equipment_id=?
2026-03-04T23:50:48.144+01:00 DEBUG 13248 --- [medical-service] [http-nio-18086-exec-1] org.hibernate.SQL                        : 
    select
        l1_0.equipment_id,
        l1_0.id,
        l1_0.borrower_id,
        l1_0.due_date,
        l1_0.loan_date,
        l1_0.notes,
        l1_0.purpose,
        l1_0.return_date,
        l1_0.status 
    from
        equipment_loans l1_0 
    where
        l1_0.equipment_id=?
2026-03-04T23:50:48.203+01:00 DEBUG 13248 --- [medical-service] [http-nio-18086-exec-1] org.hibernate.SQL                        : 
    select
        l1_0.equipment_id,
        l1_0.id,
        l1_0.borrower_id,
        l1_0.due_date,
        l1_0.loan_date,
        l1_0.notes,
        l1_0.purpose,
        l1_0.return_date,
        l1_0.status 
    from
        equipment_loans l1_0 
    where
        l1_0.equipment_id=?
2026-03-04T23:50:48.263+01:00 DEBUG 13248 --- [medical-service] [http-nio-18086-exec-1] org.hibernate.SQL                        : 
    select
        l1_0.equipment_id,
        l1_0.id,
        l1_0.borrower_id,
        l1_0.due_date,
        l1_0.loan_date,
        l1_0.notes,
        l1_0.purpose,
        l1_0.return_date,
        l1_0.status 
    from
        equipment_loans l1_0 
    where
        l1_0.equipment_id=?
2026-03-04T23:50:48.340+01:00 DEBUG 13248 --- [medical-service] [http-nio-18086-exec-1] org.hibernate.SQL                        : 
    select
        l1_0.equipment_id,
        l1_0.id,
        l1_0.borrower_id,
        l1_0.due_date,
        l1_0.loan_date,
        l1_0.notes,
        l1_0.purpose,
        l1_0.return_date,
        l1_0.status 
    from
        equipment_loans l1_0 
    where
        l1_0.equipment_id=?
2026-03-04T23:50:48.412+01:00 DEBUG 13248 --- [medical-service] [http-nio-18086-exec-1] org.hibernate.SQL                        : 
    select
        l1_0.equipment_id,
        l1_0.id,
        l1_0.borrower_id,
        l1_0.due_date,
        l1_0.loan_date,
        l1_0.notes,
        l1_0.purpose,
        l1_0.return_date,
        l1_0.status 
    from
        equipment_loans l1_0 
    where
        l1_0.equipment_id=?
2026-03-04T23:50:48.484+01:00 DEBUG 13248 --- [medical-service] [http-nio-18086-exec-1] org.hibernate.SQL                        : 
    select
        l1_0.equipment_id,
        l1_0.id,
        l1_0.borrower_id,
        l1_0.due_date,
        l1_0.loan_date,
        l1_0.notes,
        l1_0.purpose,
        l1_0.return_date,
        l1_0.status 
    from
        equipment_loans l1_0 
    where
        l1_0.equipment_id=?
2026-03-04T23:50:48.549+01:00 DEBUG 13248 --- [medical-service] [http-nio-18086-exec-1] org.hibernate.SQL                        : 
    select
        l1_0.equipment_id,
        l1_0.id,
        l1_0.borrower_id,
        l1_0.due_date,
        l1_0.loan_date,
        l1_0.notes,
        l1_0.purpose,
        l1_0.return_date,
        l1_0.status 
    from
        equipment_loans l1_0 
    where
        l1_0.equipment_id=?
2026-03-04T23:50:48.604+01:00 DEBUG 13248 --- [medical-service] [http-nio-18086-exec-1] org.hibernate.SQL                        : 
    select
        l1_0.equipment_id,
        l1_0.id,
        l1_0.borrower_id,
        l1_0.due_date,
        l1_0.loan_date,
        l1_0.notes,
        l1_0.purpose,
        l1_0.return_date,
        l1_0.status 
    from
        equipment_loans l1_0 
    where
        l1_0.equipment_id=?
2026-03-04T23:50:48.675+01:00 DEBUG 13248 --- [medical-service] [http-nio-18086-exec-1] org.hibernate.SQL                        : 
    select
        l1_0.equipment_id,
        l1_0.id,
        l1_0.borrower_id,
        l1_0.due_date,
        l1_0.loan_date,
        l1_0.notes,
        l1_0.purpose,
        l1_0.return_date,
        l1_0.status 
    from
        equipment_loans l1_0 
    where
        l1_0.equipment_id=?
2026-03-04T23:50:48.735+01:00 DEBUG 13248 --- [medical-service] [http-nio-18086-exec-1] org.hibernate.SQL                        : 
    select
        l1_0.equipment_id,
        l1_0.id,
        l1_0.borrower_id,
        l1_0.due_date,
        l1_0.loan_date,
        l1_0.notes,
        l1_0.purpose,
        l1_0.return_date,
        l1_0.status 
    from
        equipment_loans l1_0 
    where
        l1_0.equipment_id=?
2026-03-04T23:50:48.790+01:00 DEBUG 13248 --- [medical-service] [http-nio-18086-exec-1] org.hibernate.SQL                        : 
    select
        l1_0.equipment_id,
        l1_0.id,
        l1_0.borrower_id,
        l1_0.due_date,
        l1_0.loan_date,
        l1_0.notes,
        l1_0.purpose,
        l1_0.return_date,
        l1_0.status 
    from
        equipment_loans l1_0 
    where
        l1_0.equipment_id=?
2026-03-04T23:50:48.854+01:00 DEBUG 13248 --- [medical-service] [http-nio-18086-exec-1] org.hibernate.SQL                        : 
    select
        l1_0.equipment_id,
        l1_0.id,
        l1_0.borrower_id,
        l1_0.due_date,
        l1_0.loan_date,
        l1_0.notes,
        l1_0.purpose,
        l1_0.return_date,
        l1_0.status 
    from
        equipment_loans l1_0 
    where
        l1_0.equipment_id=?
2026-03-04T23:50:48.924+01:00 DEBUG 13248 --- [medical-service] [http-nio-18086-exec-1] org.hibernate.SQL                        : 
    select
        l1_0.equipment_id,
        l1_0.id,
        l1_0.borrower_id,
        l1_0.due_date,
        l1_0.loan_date,
        l1_0.notes,
        l1_0.purpose,
        l1_0.return_date,
        l1_0.status 
    from
        equipment_loans l1_0 
    where
        l1_0.equipment_id=?
2026-03-04T23:50:48.984+01:00 DEBUG 13248 --- [medical-service] [http-nio-18086-exec-1] org.hibernate.SQL                        : 
    select
        l1_0.equipment_id,
        l1_0.id,
        l1_0.borrower_id,
        l1_0.due_date,
        l1_0.loan_date,
        l1_0.notes,
        l1_0.purpose,
        l1_0.return_date,
        l1_0.status 
    from
        equipment_loans l1_0 
    where
        l1_0.equipment_id=?
2026-03-04T23:50:49.043+01:00 DEBUG 13248 --- [medical-service] [http-nio-18086-exec-1] org.hibernate.SQL                        : 
    select
        l1_0.equipment_id,
        l1_0.id,
        l1_0.borrower_id,
        l1_0.due_date,
        l1_0.loan_date,
        l1_0.notes,
        l1_0.purpose,
        l1_0.return_date,
        l1_0.status 
    from
        equipment_loans l1_0 
    where
        l1_0.equipment_id=?
2026-03-04T23:50:49.103+01:00 DEBUG 13248 --- [medical-service] [http-nio-18086-exec-1] org.hibernate.SQL                        : 
    select
        l1_0.equipment_id,
        l1_0.id,
        l1_0.borrower_id,
        l1_0.due_date,
        l1_0.loan_date,
        l1_0.notes,
        l1_0.purpose,
        l1_0.return_date,
        l1_0.status 
    from
        equipment_loans l1_0 
    where
        l1_0.equipment_id=?
2026-03-04T23:50:49.163+01:00 DEBUG 13248 --- [medical-service] [http-nio-18086-exec-1] org.hibernate.SQL                        : 
    select
        l1_0.equipment_id,
        l1_0.id,
        l1_0.borrower_id,
        l1_0.due_date,
        l1_0.loan_date,
        l1_0.notes,
        l1_0.purpose,
        l1_0.return_date,
        l1_0.status 
    from
        equipment_loans l1_0 
    where
        l1_0.equipment_id=?
2026-03-04T23:50:49.225+01:00 DEBUG 13248 --- [medical-service] [http-nio-18086-exec-1] org.hibernate.SQL                        : 
    select
        l1_0.equipment_id,
        l1_0.id,
        l1_0.borrower_id,
        l1_0.due_date,
        l1_0.loan_date,
        l1_0.notes,
        l1_0.purpose,
        l1_0.return_date,
        l1_0.status 
    from
        equipment_loans l1_0 
    where
        l1_0.equipment_id=?
2026-03-04T23:50:49.293+01:00 DEBUG 13248 --- [medical-service] [http-nio-18086-exec-1] org.hibernate.SQL                        : 
    select
        l1_0.equipment_id,
        l1_0.id,
        l1_0.borrower_id,
        l1_0.due_date,
        l1_0.loan_date,
        l1_0.notes,
        l1_0.purpose,
        l1_0.return_date,
        l1_0.status 
    from
        equipment_loans l1_0 
    where
        l1_0.equipment_id=?
2026-03-04T23:50:49.361+01:00 DEBUG 13248 --- [medical-service] [http-nio-18086-exec-1] org.hibernate.SQL                        : 
    select
        l1_0.equipment_id,
        l1_0.id,
        l1_0.borrower_id,
        l1_0.due_date,
        l1_0.loan_date,
        l1_0.notes,
        l1_0.purpose,
        l1_0.return_date,
        l1_0.status 
    from
        equipment_loans l1_0 
    where
        l1_0.equipment_id=?
2026-03-04T23:50:49.431+01:00 DEBUG 13248 --- [medical-service] [http-nio-18086-exec-1] org.hibernate.SQL                        : 
    select
        l1_0.equipment_id,
        l1_0.id,
        l1_0.borrower_id,
        l1_0.due_date,
        l1_0.loan_date,
        l1_0.notes,
        l1_0.purpose,
        l1_0.return_date,
        l1_0.status 
    from
        equipment_loans l1_0 
    where
        l1_0.equipment_id=?
2026-03-04T23:50:49.498+01:00 DEBUG 13248 --- [medical-service] [http-nio-18086-exec-1] org.hibernate.SQL                        : 
    select
        l1_0.equipment_id,
        l1_0.id,
        l1_0.borrower_id,
        l1_0.due_date,
        l1_0.loan_date,
        l1_0.notes,
        l1_0.purpose,
        l1_0.return_date,
        l1_0.status 
    from
        equipment_loans l1_0 
    where
        l1_0.equipment_id=?
2026-03-04T23:50:49.564+01:00 DEBUG 13248 --- [medical-service] [http-nio-18086-exec-1] org.hibernate.SQL                        : 
    select
        l1_0.equipment_id,
        l1_0.id,
        l1_0.borrower_id,
        l1_0.due_date,
        l1_0.loan_date,
        l1_0.notes,
        l1_0.purpose,
        l1_0.return_date,
        l1_0.status 
    from
        equipment_loans l1_0 
    where
        l1_0.equipment_id=?
2026-03-04T23:50:49.624+01:00 DEBUG 13248 --- [medical-service] [http-nio-18086-exec-1] org.hibernate.SQL                        : 
    select
        l1_0.equipment_id,
        l1_0.id,
        l1_0.borrower_id,
        l1_0.due_date,
        l1_0.loan_date,
        l1_0.notes,
        l1_0.purpose,
        l1_0.return_date,
        l1_0.status 
    from
        equipment_loans l1_0 
    where
        l1_0.equipment_id=?
2026-03-04T23:50:49.685+01:00 DEBUG 13248 --- [medical-service] [http-nio-18086-exec-1] org.hibernate.SQL                        : 
    select
        l1_0.equipment_id,
        l1_0.id,
        l1_0.borrower_id,
        l1_0.due_date,
        l1_0.loan_date,
        l1_0.notes,
        l1_0.purpose,
        l1_0.return_date,
        l1_0.status 
    from
        equipment_loans l1_0 
    where
        l1_0.equipment_id=?
2026-03-04T23:50:49.743+01:00 DEBUG 13248 --- [medical-service] [http-nio-18086-exec-1] org.hibernate.SQL                        : 
    select
        l1_0.equipment_id,
        l1_0.id,
        l1_0.borrower_id,
        l1_0.due_date,
        l1_0.loan_date,
        l1_0.notes,
        l1_0.purpose,
        l1_0.return_date,
        l1_0.status 
    from
        equipment_loans l1_0 
    where
        l1_0.equipment_id=?
2026-03-04T23:50:49.805+01:00 DEBUG 13248 --- [medical-service] [http-nio-18086-exec-1] org.hibernate.SQL                        : 
    select
        l1_0.equipment_id,
        l1_0.id,
        l1_0.borrower_id,
        l1_0.due_date,
        l1_0.loan_date,
        l1_0.notes,
        l1_0.purpose,
        l1_0.return_date,
        l1_0.status 
    from
        equipment_loans l1_0 
    where
        l1_0.equipment_id=?
2026-03-04T23:50:49.858+01:00 DEBUG 13248 --- [medical-service] [http-nio-18086-exec-1] org.hibernate.SQL                        : 
    select
        l1_0.equipment_id,
        l1_0.id,
        l1_0.borrower_id,
        l1_0.due_date,
        l1_0.loan_date,
        l1_0.notes,
        l1_0.purpose,
        l1_0.return_date,
        l1_0.status 
    from
        equipment_loans l1_0 
    where
        l1_0.equipment_id=?
2026-03-04T23:50:49.923+01:00 DEBUG 13248 --- [medical-service] [http-nio-18086-exec-1] org.hibernate.SQL                        : 
    select
        l1_0.equipment_id,
        l1_0.id,
        l1_0.borrower_id,
        l1_0.due_date,
        l1_0.loan_date,
        l1_0.notes,
        l1_0.purpose,
        l1_0.return_date,
        l1_0.status 
    from
        equipment_loans l1_0 
    where
        l1_0.equipment_id=?
2026-03-04T23:50:49.984+01:00 DEBUG 13248 --- [medical-service] [http-nio-18086-exec-1] org.hibernate.SQL                        : 
    select
        l1_0.equipment_id,
        l1_0.id,
        l1_0.borrower_id,
        l1_0.due_date,
        l1_0.loan_date,
        l1_0.notes,
        l1_0.purpose,
        l1_0.return_date,
        l1_0.status 
    from
        equipment_loans l1_0 
    where
        l1_0.equipment_id=?
2026-03-04T23:50:50.112+01:00 DEBUG 13248 --- [medical-service] [http-nio-18086-exec-1] o.s.w.s.m.m.a.HttpEntityMethodProcessor  : Using 'application/json', given [*/*] and supported [application/json, application/*+json]
2026-03-04T23:50:50.114+01:00 DEBUG 13248 --- [medical-service] [http-nio-18086-exec-1] o.s.w.s.m.m.a.HttpEntityMethodProcessor  : Writing [[EquipmentDTO(id=40, name=Standard Wheelchair, description=Folding wheelchair with footrests, 18" se (truncated)...]
2026-03-04T23:50:50.139+01:00 DEBUG 13248 --- [medical-service] [http-nio-18086-exec-1] o.s.web.servlet.DispatcherServlet        : Completed 200 OK
2026-03-04T23:51:12.151+01:00 DEBUG 13248 --- [medical-service] [DiscoveryClient-HeartbeatExecutor-%d] o.s.web.client.RestTemplate              : HTTP PUT http://localhost:8761/eureka/apps/MEDICAL-SERVICE/DESKTOP-I0BIKTH:medical-service:18086?status=UP&lastDirtyTimestamp=1772664582089
2026-03-04T23:51:12.151+01:00 DEBUG 13248 --- [medical-service] [DiscoveryClient-CacheRefreshExecutor-%d] o.s.web.client.RestTemplate              : HTTP GET http://localhost:8761/eureka/apps/delta
2026-03-04T23:51:12.152+01:00 DEBUG 13248 --- [medical-service] [DiscoveryClient-HeartbeatExecutor-%d] o.s.web.client.RestTemplate              : Accept=[application/json, application/*+json]
2026-03-04T23:51:12.152+01:00 DEBUG 13248 --- [medical-service] [DiscoveryClient-CacheRefreshExecutor-%d] o.s.web.client.RestTemplate              : Accept=[application/json, application/*+json]
2026-03-04T23:51:12.168+01:00 DEBUG 13248 --- [medical-service] [DiscoveryClient-CacheRefreshExecutor-%d] o.s.web.client.RestTemplate              : Response 200 OK
2026-03-04T23:51:12.168+01:00 DEBUG 13248 --- [medical-service] [DiscoveryClient-HeartbeatExecutor-%d] o.s.web.client.RestTemplate              : Response 200 OK
2026-03-04T23:51:12.168+01:00 DEBUG 13248 --- [medical-service] [DiscoveryClient-CacheRefreshExecutor-%d] o.s.web.client.RestTemplate              : Reading to [org.springframework.cloud.netflix.eureka.http.EurekaApplications]
2026-03-04T23:51:42.173+01:00 DEBUG 13248 --- [medical-service] [DiscoveryClient-CacheRefreshExecutor-%d] o.s.web.client.RestTemplate              : HTTP GET http://localhost:8761/eureka/apps/delta
2026-03-04T23:51:42.173+01:00 DEBUG 13248 --- [medical-service] [DiscoveryClient-HeartbeatExecutor-%d] o.s.web.client.RestTemplate              : HTTP PUT http://localhost:8761/eureka/apps/MEDICAL-SERVICE/DESKTOP-I0BIKTH:medical-service:18086?status=UP&lastDirtyTimestamp=1772664582089
2026-03-04T23:51:42.173+01:00 DEBUG 13248 --- [medical-service] [DiscoveryClient-CacheRefreshExecutor-%d] o.s.web.client.RestTemplate              : Accept=[application/json, application/*+json]
2026-03-04T23:51:42.173+01:00 DEBUG 13248 --- [medical-service] [DiscoveryClient-HeartbeatExecutor-%d] o.s.web.client.RestTemplate              : Accept=[application/json, application/*+json]
2026-03-04T23:51:42.189+01:00 DEBUG 13248 --- [medical-service] [DiscoveryClient-HeartbeatExecutor-%d] o.s.web.client.RestTemplate              : Response 200 OK
2026-03-04T23:51:42.189+01:00 DEBUG 13248 --- [medical-service] [DiscoveryClient-CacheRefreshExecutor-%d] o.s.web.client.RestTemplate              : Response 200 OK
2026-03-04T23:51:42.190+01:00 DEBUG 13248 --- [medical-service] [DiscoveryClient-CacheRefreshExecutor-%d] o.s.web.client.RestTemplate              : Reading to [org.springframework.cloud.netflix.eureka.http.EurekaApplications]
2026-03-04T23:52:12.203+01:00 DEBUG 13248 --- [medical-service] [DiscoveryClient-CacheRefreshExecutor-%d] o.s.web.client.RestTemplate              : HTTP GET http://localhost:8761/eureka/apps/delta
2026-03-04T23:52:12.203+01:00 DEBUG 13248 --- [medical-service] [DiscoveryClient-HeartbeatExecutor-%d] o.s.web.client.RestTemplate              : HTTP PUT http://localhost:8761/eureka/apps/MEDICAL-SERVICE/DESKTOP-I0BIKTH:medical-service:18086?status=UP&lastDirtyTimestamp=1772664582089
2026-03-04T23:52:12.203+01:00 DEBUG 13248 --- [medical-service] [DiscoveryClient-CacheRefreshExecutor-%d] o.s.web.client.RestTemplate              : Accept=[application/json, application/*+json]
2026-03-04T23:52:12.203+01:00 DEBUG 13248 --- [medical-service] [DiscoveryClient-HeartbeatExecutor-%d] o.s.web.client.RestTemplate              : Accept=[application/json, application/*+json]
2026-03-04T23:52:12.219+01:00 DEBUG 13248 --- [medical-service] [DiscoveryClient-HeartbeatExecutor-%d] o.s.web.client.RestTemplate              : Response 200 OK
2026-03-04T23:52:12.219+01:00 DEBUG 13248 --- [medical-service] [DiscoveryClient-CacheRefreshExecutor-%d] o.s.web.client.RestTemplate              : Response 200 OK
2026-03-04T23:52:12.219+01:00 DEBUG 13248 --- [medical-service] [DiscoveryClient-CacheRefreshExecutor-%d] o.s.web.client.RestTemplate              : Reading to [org.springframework.cloud.netflix.eureka.http.EurekaApplications]
2026-03-04T23:52:42.225+01:00 DEBUG 13248 --- [medical-service] [DiscoveryClient-HeartbeatExecutor-%d] o.s.web.client.RestTemplate              : HTTP PUT http://localhost:8761/eureka/apps/MEDICAL-SERVICE/DESKTOP-I0BIKTH:medical-service:18086?status=UP&lastDirtyTimestamp=1772664582089
2026-03-04T23:52:42.225+01:00 DEBUG 13248 --- [medical-service] [DiscoveryClient-CacheRefreshExecutor-%d] o.s.web.client.RestTemplate              : HTTP GET http://localhost:8761/eureka/apps/delta
2026-03-04T23:52:42.225+01:00 DEBUG 13248 --- [medical-service] [DiscoveryClient-HeartbeatExecutor-%d] o.s.web.client.RestTemplate              : Accept=[application/json, application/*+json]
2026-03-04T23:52:42.225+01:00 DEBUG 13248 --- [medical-service] [DiscoveryClient-CacheRefreshExecutor-%d] o.s.web.client.RestTemplate              : Accept=[application/json, application/*+json]
2026-03-04T23:52:42.242+01:00 DEBUG 13248 --- [medical-service] [DiscoveryClient-HeartbeatExecutor-%d] o.s.web.client.RestTemplate              : Response 200 OK
2026-03-04T23:52:42.242+01:00 DEBUG 13248 --- [medical-service] [DiscoveryClient-CacheRefreshExecutor-%d] o.s.web.client.RestTemplate              : Response 200 OK
2026-03-04T23:52:42.242+01:00 DEBUG 13248 --- [medical-service] [DiscoveryClient-CacheRefreshExecutor-%d] o.s.web.client.RestTemplate              : Reading to [org.springframework.cloud.netflix.eureka.http.EurekaApplications]
2026-03-04T23:52:49.974+01:00  INFO 13248 --- [medical-service] [SpringApplicationShutdownHook] o.s.c.n.e.s.EurekaServiceRegistry        : Unregistering application MEDICAL-SERVICE with eureka with status DOWN
2026-03-04T23:52:49.975+01:00  INFO 13248 --- [medical-service] [SpringApplicationShutdownHook] com.netflix.discovery.DiscoveryClient    : Saw local status change event StatusChangeEvent [timestamp=1772664769975, current=DOWN, previous=UP]
2026-03-04T23:52:49.975+01:00  INFO 13248 --- [medical-service] [DiscoveryClient-InstanceInfoReplicator-%d] com.netflix.discovery.DiscoveryClient    : DiscoveryClient_MEDICAL-SERVICE/DESKTOP-I0BIKTH:medical-service:18086: registering service...
2026-03-04T23:52:49.975+01:00 DEBUG 13248 --- [medical-service] [DiscoveryClient-InstanceInfoReplicator-%d] o.s.web.client.RestTemplate              : HTTP POST http://localhost:8761/eureka/apps/MEDICAL-SERVICE
2026-03-04T23:52:49.976+01:00 DEBUG 13248 --- [medical-service] [DiscoveryClient-InstanceInfoReplicator-%d] o.s.web.client.RestTemplate              : Accept=[application/json, application/*+json]
2026-03-04T23:52:49.977+01:00 DEBUG 13248 --- [medical-service] [DiscoveryClient-InstanceInfoReplicator-%d] o.s.web.client.RestTemplate              : Writing [InstanceInfo [instanceId = DESKTOP-I0BIKTH:medical-service:18086, appName = MEDICAL-SERVICE, hostName = DESKTOP-I0BIKTH, status = DOWN, ipAddr = 192.168.3.1, port = 18086, securePort = 443, dataCenterInfo = com.netflix.appinfo.MyDataCenterInfo@47651c28] as "application/json"
2026-03-04T23:52:49.986+01:00 DEBUG 13248 --- [medical-service] [DiscoveryClient-InstanceInfoReplicator-%d] o.s.web.client.RestTemplate              : Response 204 NO_CONTENT
2026-03-04T23:52:49.986+01:00  INFO 13248 --- [medical-service] [DiscoveryClient-InstanceInfoReplicator-%d] com.netflix.discovery.DiscoveryClient    : DiscoveryClient_MEDICAL-SERVICE/DESKTOP-I0BIKTH:medical-service:18086 - registration status: 204
2026-03-04T23:52:50.111+01:00  INFO 13248 --- [medical-service] [SpringApplicationShutdownHook] j.LocalContainerEntityManagerFactoryBean : Closing JPA EntityManagerFactory for persistence unit 'default'
2026-03-04T23:52:50.114+01:00  INFO 13248 --- [medical-service] [SpringApplicationShutdownHook] com.zaxxer.hikari.HikariDataSource       : HikariPool-1 - Shutdown initiated...
2026-03-04T23:52:50.768+01:00  INFO 13248 --- [medical-service] [SpringApplicationShutdownHook] com.zaxxer.hikari.HikariDataSource       : HikariPool-1 - Shutdown completed.
2026-03-04T23:52:50.768+01:00  INFO 13248 --- [medical-service] [SpringApplicationShutdownHook] com.netflix.discovery.DiscoveryClient    : Shutting down DiscoveryClient ...
2026-03-04T23:52:53.783+01:00  INFO 13248 --- [medical-service] [SpringApplicationShutdownHook] com.netflix.discovery.DiscoveryClient    : Unregistering ...
2026-03-04T23:52:53.785+01:00 DEBUG 13248 --- [medical-service] [SpringApplicationShutdownHook] o.s.web.client.RestTemplate              : HTTP DELETE http://localhost:8761/eureka/apps/MEDICAL-SERVICE/DESKTOP-I0BIKTH:medical-service:18086
2026-03-04T23:52:53.786+01:00 DEBUG 13248 --- [medical-service] [SpringApplicationShutdownHook] o.s.web.client.RestTemplate              : Accept=[application/json, application/*+json]
2026-03-04T23:52:53.803+01:00  INFO 13248 --- [medical-service] [SpringApplicationShutdownHook] c.n.d.s.t.d.RedirectingEurekaHttpClient  : Request execution error. endpoint=DefaultEndpoint{ serviceUrl='http://localhost:8761/eureka/} exception=I/O error on DELETE request for "http://localhost:8761/eureka/apps/MEDICAL-SERVICE/DESKTOP-I0BIKTH:medical-service:18086": Connect to http://localhost:8761 [localhost/127.0.0.1, localhost/0:0:0:0:0:0:0:1] failed: Connection refused: getsockopt stacktrace=org.springframework.web.client.ResourceAccessException: I/O error on DELETE request for "http://localhost:8761/eureka/apps/MEDICAL-SERVICE/DESKTOP-I0BIKTH:medical-service:18086": Connect to http://localhost:8761 [localhost/127.0.0.1, localhost/0:0:0:0:0:0:0:1] failed: Connection refused: getsockopt
	at org.springframework.web.client.RestTemplate.createResourceAccessException(RestTemplate.java:915)
	at org.springframework.web.client.RestTemplate.doExecute(RestTemplate.java:895)
	at org.springframework.web.client.RestTemplate.execute(RestTemplate.java:830)
	at org.springframework.web.client.RestTemplate.exchange(RestTemplate.java:691)
	at org.springframework.cloud.netflix.eureka.http.RestTemplateEurekaHttpClient.cancel(RestTemplateEurekaHttpClient.java:96)
	at com.netflix.discovery.shared.transport.decorator.EurekaHttpClientDecorator$2.execute(EurekaHttpClientDecorator.java:74)
	at com.netflix.discovery.shared.transport.decorator.RedirectingEurekaHttpClient.execute(RedirectingEurekaHttpClient.java:91)
	at com.netflix.discovery.shared.transport.decorator.EurekaHttpClientDecorator.cancel(EurekaHttpClientDecorator.java:71)
	at com.netflix.discovery.shared.transport.decorator.EurekaHttpClientDecorator$2.execute(EurekaHttpClientDecorator.java:74)
	at com.netflix.discovery.shared.transport.decorator.RetryableEurekaHttpClient.execute(RetryableEurekaHttpClient.java:120)
	at com.netflix.discovery.shared.transport.decorator.EurekaHttpClientDecorator.cancel(EurekaHttpClientDecorator.java:71)
	at com.netflix.discovery.shared.transport.decorator.EurekaHttpClientDecorator$2.execute(EurekaHttpClientDecorator.java:74)
	at com.netflix.discovery.shared.transport.decorator.SessionedEurekaHttpClient.execute(SessionedEurekaHttpClient.java:76)
	at com.netflix.discovery.shared.transport.decorator.EurekaHttpClientDecorator.cancel(EurekaHttpClientDecorator.java:71)
	at com.netflix.discovery.DiscoveryClient.unregister(DiscoveryClient.java:919)
	at com.netflix.discovery.DiscoveryClient.shutdown(DiscoveryClient.java:900)
	at java.base/jdk.internal.reflect.DirectMethodHandleAccessor.invoke(DirectMethodHandleAccessor.java:103)
	at java.base/java.lang.reflect.Method.invoke(Method.java:580)
	at org.springframework.beans.factory.annotation.InitDestroyAnnotationBeanPostProcessor$LifecycleMethod.invoke(InitDestroyAnnotationBeanPostProcessor.java:457)
	at org.springframework.beans.factory.annotation.InitDestroyAnnotationBeanPostProcessor$LifecycleMetadata.invokeDestroyMethods(InitDestroyAnnotationBeanPostProcessor.java:415)
	at org.springframework.beans.factory.annotation.InitDestroyAnnotationBeanPostProcessor.postProcessBeforeDestruction(InitDestroyAnnotationBeanPostProcessor.java:239)
	at org.springframework.beans.factory.support.DisposableBeanAdapter.destroy(DisposableBeanAdapter.java:202)
	at org.springframework.beans.factory.support.DisposableBeanAdapter.run(DisposableBeanAdapter.java:195)
	at org.springframework.cloud.context.scope.GenericScope$BeanLifecycleWrapper.destroy(GenericScope.java:389)
	at org.springframework.cloud.context.scope.GenericScope.destroy(GenericScope.java:136)
	at org.springframework.beans.factory.support.DisposableBeanAdapter.destroy(DisposableBeanAdapter.java:211)
	at org.springframework.beans.factory.support.DefaultSingletonBeanRegistry.destroyBean(DefaultSingletonBeanRegistry.java:587)
	at org.springframework.beans.factory.support.DefaultSingletonBeanRegistry.destroySingleton(DefaultSingletonBeanRegistry.java:559)
	at org.springframework.beans.factory.support.DefaultListableBeanFactory.destroySingleton(DefaultListableBeanFactory.java:1202)
	at org.springframework.beans.factory.support.DefaultSingletonBeanRegistry.destroySingletons(DefaultSingletonBeanRegistry.java:520)
	at org.springframework.beans.factory.support.DefaultListableBeanFactory.destroySingletons(DefaultListableBeanFactory.java:1195)
	at org.springframework.context.support.AbstractApplicationContext.destroyBeans(AbstractApplicationContext.java:1195)
	at org.springframework.context.support.AbstractApplicationContext.doClose(AbstractApplicationContext.java:1156)
	at org.springframework.boot.web.servlet.context.ServletWebServerApplicationContext.doClose(ServletWebServerApplicationContext.java:174)
	at org.springframework.context.support.AbstractApplicationContext.close(AbstractApplicationContext.java:1102)
	at org.springframework.boot.SpringApplicationShutdownHook.closeAndWait(SpringApplicationShutdownHook.java:145)
	at java.base/java.lang.Iterable.forEach(Iterable.java:75)
	at org.springframework.boot.SpringApplicationShutdownHook.run(SpringApplicationShutdownHook.java:114)
	at java.base/java.lang.Thread.run(Thread.java:1583)
Caused by: org.apache.hc.client5.http.HttpHostConnectException: Connect to http://localhost:8761 [localhost/127.0.0.1, localhost/0:0:0:0:0:0:0:1] failed: Connection refused: getsockopt
	at java.base/sun.nio.ch.Net.pollConnect(Native Method)
	at java.base/sun.nio.ch.Net.pollConnectNow(Net.java:682)
	at java.base/sun.nio.ch.NioSocketImpl.timedFinishConnect(NioSocketImpl.java:542)
	at java.base/sun.nio.ch.NioSocketImpl.connect(NioSocketImpl.java:592)
	at java.base/java.net.SocksSocketImpl.connect(SocksSocketImpl.java:327)
	at java.base/java.net.Socket.connect(Socket.java:751)
	at org.apache.hc.client5.http.socket.PlainConnectionSocketFactory.lambda$connectSocket$0(PlainConnectionSocketFactory.java:91)
	at java.base/java.security.AccessController.doPrivileged(AccessController.java:571)
	at org.apache.hc.client5.http.socket.PlainConnectionSocketFactory.connectSocket(PlainConnectionSocketFactory.java:90)
	at org.apache.hc.client5.http.socket.ConnectionSocketFactory.connectSocket(ConnectionSocketFactory.java:123)
	at org.apache.hc.client5.http.impl.io.DefaultHttpClientConnectionOperator.connect(DefaultHttpClientConnectionOperator.java:189)
	at org.apache.hc.client5.http.impl.io.PoolingHttpClientConnectionManager.connect(PoolingHttpClientConnectionManager.java:450)
	at org.apache.hc.client5.http.impl.classic.InternalExecRuntime.connectEndpoint(InternalExecRuntime.java:162)
	at org.apache.hc.client5.http.impl.classic.InternalExecRuntime.connectEndpoint(InternalExecRuntime.java:172)
	at org.apache.hc.client5.http.impl.classic.ConnectExec.execute(ConnectExec.java:142)
	at org.apache.hc.client5.http.impl.classic.ExecChainElement.execute(ExecChainElement.java:51)
	at org.apache.hc.client5.http.impl.classic.ProtocolExec.execute(ProtocolExec.java:192)
	at org.apache.hc.client5.http.impl.classic.ExecChainElement.execute(ExecChainElement.java:51)
	at org.apache.hc.client5.http.impl.classic.HttpRequestRetryExec.execute(HttpRequestRetryExec.java:113)
	at org.apache.hc.client5.http.impl.classic.ExecChainElement.execute(ExecChainElement.java:51)
	at org.apache.hc.client5.http.impl.classic.ContentCompressionExec.execute(ContentCompressionExec.java:152)
	at org.apache.hc.client5.http.impl.classic.ExecChainElement.execute(ExecChainElement.java:51)
	at org.apache.hc.client5.http.impl.classic.RedirectExec.execute(RedirectExec.java:116)
	at org.apache.hc.client5.http.impl.classic.ExecChainElement.execute(ExecChainElement.java:51)
	at org.apache.hc.client5.http.impl.classic.InternalHttpClient.doExecute(InternalHttpClient.java:170)
	at org.apache.hc.client5.http.impl.classic.CloseableHttpClient.execute(CloseableHttpClient.java:87)
	at org.apache.hc.client5.http.impl.classic.CloseableHttpClient.execute(CloseableHttpClient.java:55)
	at org.apache.hc.client5.http.classic.HttpClient.executeOpen(HttpClient.java:183)
	at org.springframework.http.client.HttpComponentsClientHttpRequest.executeInternal(HttpComponentsClientHttpRequest.java:99)
	at org.springframework.http.client.AbstractStreamingClientHttpRequest.executeInternal(AbstractStreamingClientHttpRequest.java:70)
	at org.springframework.http.client.AbstractClientHttpRequest.execute(AbstractClientHttpRequest.java:66)
	at org.springframework.http.client.InterceptingClientHttpRequest$InterceptingRequestExecution.execute(InterceptingClientHttpRequest.java:112)
	at org.springframework.cloud.netflix.eureka.http.RestTemplateTransportClientFactory.lambda$restTemplate$3(RestTemplateTransportClientFactory.java:170)
	at org.springframework.http.client.InterceptingClientHttpRequest$InterceptingRequestExecution.execute(InterceptingClientHttpRequest.java:88)
	at org.springframework.http.client.InterceptingClientHttpRequest.executeInternal(InterceptingClientHttpRequest.java:72)
	at org.springframework.http.client.AbstractBufferingClientHttpRequest.executeInternal(AbstractBufferingClientHttpRequest.java:48)
	at org.springframework.http.client.AbstractClientHttpRequest.execute(AbstractClientHttpRequest.java:66)
	at org.springframework.web.client.RestTemplate.doExecute(RestTemplate.java:889)
	... 37 more

2026-03-04T23:52:53.804+01:00  WARN 13248 --- [medical-service] [SpringApplicationShutdownHook] c.n.d.s.t.d.RetryableEurekaHttpClient    : Request execution failed with message: I/O error on DELETE request for "http://localhost:8761/eureka/apps/MEDICAL-SERVICE/DESKTOP-I0BIKTH:medical-service:18086": Connect to http://localhost:8761 [localhost/127.0.0.1, localhost/0:0:0:0:0:0:0:1] failed: Connection refused: getsockopt
2026-03-04T23:52:53.814+01:00 DEBUG 13248 --- [medical-service] [SpringApplicationShutdownHook] o.s.web.client.RestTemplate              : HTTP DELETE http://localhost:8761/eureka/apps/MEDICAL-SERVICE/DESKTOP-I0BIKTH:medical-service:18086
2026-03-04T23:52:53.818+01:00 DEBUG 13248 --- [medical-service] [SpringApplicationShutdownHook] o.s.web.client.RestTemplate              : Accept=[application/json, application/*+json]
2026-03-04T23:52:53.821+01:00  INFO 13248 --- [medical-service] [SpringApplicationShutdownHook] c.n.d.s.t.d.RedirectingEurekaHttpClient  : Request execution error. endpoint=DefaultEndpoint{ serviceUrl='http://localhost:8761/eureka/}, exception=I/O error on DELETE request for "http://localhost:8761/eureka/apps/MEDICAL-SERVICE/DESKTOP-I0BIKTH:medical-service:18086": Connect to http://localhost:8761 [localhost/127.0.0.1, localhost/0:0:0:0:0:0:0:1] failed: Connection refused: getsockopt stacktrace=org.springframework.web.client.ResourceAccessException: I/O error on DELETE request for "http://localhost:8761/eureka/apps/MEDICAL-SERVICE/DESKTOP-I0BIKTH:medical-service:18086": Connect to http://localhost:8761 [localhost/127.0.0.1, localhost/0:0:0:0:0:0:0:1] failed: Connection refused: getsockopt
	at org.springframework.web.client.RestTemplate.createResourceAccessException(RestTemplate.java:915)
	at org.springframework.web.client.RestTemplate.doExecute(RestTemplate.java:895)
	at org.springframework.web.client.RestTemplate.execute(RestTemplate.java:830)
	at org.springframework.web.client.RestTemplate.exchange(RestTemplate.java:691)
	at org.springframework.cloud.netflix.eureka.http.RestTemplateEurekaHttpClient.cancel(RestTemplateEurekaHttpClient.java:96)
	at com.netflix.discovery.shared.transport.decorator.EurekaHttpClientDecorator$2.execute(EurekaHttpClientDecorator.java:74)
	at com.netflix.discovery.shared.transport.decorator.RedirectingEurekaHttpClient.executeOnNewServer(RedirectingEurekaHttpClient.java:121)
	at com.netflix.discovery.shared.transport.decorator.RedirectingEurekaHttpClient.execute(RedirectingEurekaHttpClient.java:80)
	at com.netflix.discovery.shared.transport.decorator.EurekaHttpClientDecorator.cancel(EurekaHttpClientDecorator.java:71)
	at com.netflix.discovery.shared.transport.decorator.EurekaHttpClientDecorator$2.execute(EurekaHttpClientDecorator.java:74)
	at com.netflix.discovery.shared.transport.decorator.RetryableEurekaHttpClient.execute(RetryableEurekaHttpClient.java:120)
	at com.netflix.discovery.shared.transport.decorator.EurekaHttpClientDecorator.cancel(EurekaHttpClientDecorator.java:71)
	at com.netflix.discovery.shared.transport.decorator.EurekaHttpClientDecorator$2.execute(EurekaHttpClientDecorator.java:74)
	at com.netflix.discovery.shared.transport.decorator.SessionedEurekaHttpClient.execute(SessionedEurekaHttpClient.java:76)
	at com.netflix.discovery.shared.transport.decorator.EurekaHttpClientDecorator.cancel(EurekaHttpClientDecorator.java:71)
	at com.netflix.discovery.DiscoveryClient.unregister(DiscoveryClient.java:919)
	at com.netflix.discovery.DiscoveryClient.shutdown(DiscoveryClient.java:900)
	at java.base/jdk.internal.reflect.DirectMethodHandleAccessor.invoke(DirectMethodHandleAccessor.java:103)
	at java.base/java.lang.reflect.Method.invoke(Method.java:580)
	at org.springframework.beans.factory.annotation.InitDestroyAnnotationBeanPostProcessor$LifecycleMethod.invoke(InitDestroyAnnotationBeanPostProcessor.java:457)
	at org.springframework.beans.factory.annotation.InitDestroyAnnotationBeanPostProcessor$LifecycleMetadata.invokeDestroyMethods(InitDestroyAnnotationBeanPostProcessor.java:415)
	at org.springframework.beans.factory.annotation.InitDestroyAnnotationBeanPostProcessor.postProcessBeforeDestruction(InitDestroyAnnotationBeanPostProcessor.java:239)
	at org.springframework.beans.factory.support.DisposableBeanAdapter.destroy(DisposableBeanAdapter.java:202)
	at org.springframework.beans.factory.support.DisposableBeanAdapter.run(DisposableBeanAdapter.java:195)
	at org.springframework.cloud.context.scope.GenericScope$BeanLifecycleWrapper.destroy(GenericScope.java:389)
	at org.springframework.cloud.context.scope.GenericScope.destroy(GenericScope.java:136)
	at org.springframework.beans.factory.support.DisposableBeanAdapter.destroy(DisposableBeanAdapter.java:211)
	at org.springframework.beans.factory.support.DefaultSingletonBeanRegistry.destroyBean(DefaultSingletonBeanRegistry.java:587)
	at org.springframework.beans.factory.support.DefaultSingletonBeanRegistry.destroySingleton(DefaultSingletonBeanRegistry.java:559)
	at org.springframework.beans.factory.support.DefaultListableBeanFactory.destroySingleton(DefaultListableBeanFactory.java:1202)
	at org.springframework.beans.factory.support.DefaultSingletonBeanRegistry.destroySingletons(DefaultSingletonBeanRegistry.java:520)
	at org.springframework.beans.factory.support.DefaultListableBeanFactory.destroySingletons(DefaultListableBeanFactory.java:1195)
	at org.springframework.context.support.AbstractApplicationContext.destroyBeans(AbstractApplicationContext.java:1195)
	at org.springframework.context.support.AbstractApplicationContext.doClose(AbstractApplicationContext.java:1156)
	at org.springframework.boot.web.servlet.context.ServletWebServerApplicationContext.doClose(ServletWebServerApplicationContext.java:174)
	at org.springframework.context.support.AbstractApplicationContext.close(AbstractApplicationContext.java:1102)
	at org.springframework.boot.SpringApplicationShutdownHook.closeAndWait(SpringApplicationShutdownHook.java:145)
	at java.base/java.lang.Iterable.forEach(Iterable.java:75)
	at org.springframework.boot.SpringApplicationShutdownHook.run(SpringApplicationShutdownHook.java:114)
	at java.base/java.lang.Thread.run(Thread.java:1583)
Caused by: org.apache.hc.client5.http.HttpHostConnectException: Connect to http://localhost:8761 [localhost/127.0.0.1, localhost/0:0:0:0:0:0:0:1] failed: Connection refused: getsockopt
	at java.base/sun.nio.ch.Net.pollConnect(Native Method)
	at java.base/sun.nio.ch.Net.pollConnectNow(Net.java:682)
	at java.base/sun.nio.ch.NioSocketImpl.timedFinishConnect(NioSocketImpl.java:542)
	at java.base/sun.nio.ch.NioSocketImpl.connect(NioSocketImpl.java:592)
	at java.base/java.net.SocksSocketImpl.connect(SocksSocketImpl.java:327)
	at java.base/java.net.Socket.connect(Socket.java:751)
	at org.apache.hc.client5.http.socket.PlainConnectionSocketFactory.lambda$connectSocket$0(PlainConnectionSocketFactory.java:91)
	at java.base/java.security.AccessController.doPrivileged(AccessController.java:571)
	at org.apache.hc.client5.http.socket.PlainConnectionSocketFactory.connectSocket(PlainConnectionSocketFactory.java:90)
	at org.apache.hc.client5.http.socket.ConnectionSocketFactory.connectSocket(ConnectionSocketFactory.java:123)
	at org.apache.hc.client5.http.impl.io.DefaultHttpClientConnectionOperator.connect(DefaultHttpClientConnectionOperator.java:189)
	at org.apache.hc.client5.http.impl.io.PoolingHttpClientConnectionManager.connect(PoolingHttpClientConnectionManager.java:450)
	at org.apache.hc.client5.http.impl.classic.InternalExecRuntime.connectEndpoint(InternalExecRuntime.java:162)
	at org.apache.hc.client5.http.impl.classic.InternalExecRuntime.connectEndpoint(InternalExecRuntime.java:172)
	at org.apache.hc.client5.http.impl.classic.ConnectExec.execute(ConnectExec.java:142)
	at org.apache.hc.client5.http.impl.classic.ExecChainElement.execute(ExecChainElement.java:51)
	at org.apache.hc.client5.http.impl.classic.ProtocolExec.execute(ProtocolExec.java:192)
	at org.apache.hc.client5.http.impl.classic.ExecChainElement.execute(ExecChainElement.java:51)
	at org.apache.hc.client5.http.impl.classic.HttpRequestRetryExec.execute(HttpRequestRetryExec.java:113)
	at org.apache.hc.client5.http.impl.classic.ExecChainElement.execute(ExecChainElement.java:51)
	at org.apache.hc.client5.http.impl.classic.ContentCompressionExec.execute(ContentCompressionExec.java:152)
	at org.apache.hc.client5.http.impl.classic.ExecChainElement.execute(ExecChainElement.java:51)
	at org.apache.hc.client5.http.impl.classic.RedirectExec.execute(RedirectExec.java:116)
	at org.apache.hc.client5.http.impl.classic.ExecChainElement.execute(ExecChainElement.java:51)
	at org.apache.hc.client5.http.impl.classic.InternalHttpClient.doExecute(InternalHttpClient.java:170)
	at org.apache.hc.client5.http.impl.classic.CloseableHttpClient.execute(CloseableHttpClient.java:87)
	at org.apache.hc.client5.http.impl.classic.CloseableHttpClient.execute(CloseableHttpClient.java:55)
	at org.apache.hc.client5.http.classic.HttpClient.executeOpen(HttpClient.java:183)
	at org.springframework.http.client.HttpComponentsClientHttpRequest.executeInternal(HttpComponentsClientHttpRequest.java:99)
	at org.springframework.http.client.AbstractStreamingClientHttpRequest.executeInternal(AbstractStreamingClientHttpRequest.java:70)
	at org.springframework.http.client.AbstractClientHttpRequest.execute(AbstractClientHttpRequest.java:66)
	at org.springframework.http.client.InterceptingClientHttpRequest$InterceptingRequestExecution.execute(InterceptingClientHttpRequest.java:112)
	at org.springframework.cloud.netflix.eureka.http.RestTemplateTransportClientFactory.lambda$restTemplate$3(RestTemplateTransportClientFactory.java:170)
	at org.springframework.http.client.InterceptingClientHttpRequest$InterceptingRequestExecution.execute(InterceptingClientHttpRequest.java:88)
	at org.springframework.http.client.InterceptingClientHttpRequest.executeInternal(InterceptingClientHttpRequest.java:72)
	at org.springframework.http.client.AbstractBufferingClientHttpRequest.executeInternal(AbstractBufferingClientHttpRequest.java:48)
	at org.springframework.http.client.AbstractClientHttpRequest.execute(AbstractClientHttpRequest.java:66)
	at org.springframework.web.client.RestTemplate.doExecute(RestTemplate.java:889)
	... 38 more

2026-03-04T23:52:53.821+01:00  WARN 13248 --- [medical-service] [SpringApplicationShutdownHook] c.n.d.s.t.d.RetryableEurekaHttpClient    : Request execution failed with message: I/O error on DELETE request for "http://localhost:8761/eureka/apps/MEDICAL-SERVICE/DESKTOP-I0BIKTH:medical-service:18086": Connect to http://localhost:8761 [localhost/127.0.0.1, localhost/0:0:0:0:0:0:0:1] failed: Connection refused: getsockopt
2026-03-04T23:52:53.822+01:00 ERROR 13248 --- [medical-service] [SpringApplicationShutdownHook] com.netflix.discovery.DiscoveryClient    : DiscoveryClient_MEDICAL-SERVICE/DESKTOP-I0BIKTH:medical-service:18086 - de-registration failedCannot execute request on any known server

com.netflix.discovery.shared.transport.TransportException: Cannot execute request on any known server
	at com.netflix.discovery.shared.transport.decorator.RetryableEurekaHttpClient.execute(RetryableEurekaHttpClient.java:112) ~[eureka-client-2.0.4.jar:2.0.4]
	at com.netflix.discovery.shared.transport.decorator.EurekaHttpClientDecorator.cancel(EurekaHttpClientDecorator.java:71) ~[eureka-client-2.0.4.jar:2.0.4]
	at com.netflix.discovery.shared.transport.decorator.EurekaHttpClientDecorator$2.execute(EurekaHttpClientDecorator.java:74) ~[eureka-client-2.0.4.jar:2.0.4]
	at com.netflix.discovery.shared.transport.decorator.SessionedEurekaHttpClient.execute(SessionedEurekaHttpClient.java:76) ~[eureka-client-2.0.4.jar:2.0.4]
	at com.netflix.discovery.shared.transport.decorator.EurekaHttpClientDecorator.cancel(EurekaHttpClientDecorator.java:71) ~[eureka-client-2.0.4.jar:2.0.4]
	at com.netflix.discovery.DiscoveryClient.unregister(DiscoveryClient.java:919) ~[eureka-client-2.0.4.jar:2.0.4]
	at com.netflix.discovery.DiscoveryClient.shutdown(DiscoveryClient.java:900) ~[eureka-client-2.0.4.jar:2.0.4]
	at java.base/jdk.internal.reflect.DirectMethodHandleAccessor.invoke(DirectMethodHandleAccessor.java:103) ~[na:na]
	at java.base/java.lang.reflect.Method.invoke(Method.java:580) ~[na:na]
	at org.springframework.beans.factory.annotation.InitDestroyAnnotationBeanPostProcessor$LifecycleMethod.invoke(InitDestroyAnnotationBeanPostProcessor.java:457) ~[spring-beans-6.1.15.jar:6.1.15]
	at org.springframework.beans.factory.annotation.InitDestroyAnnotationBeanPostProcessor$LifecycleMetadata.invokeDestroyMethods(InitDestroyAnnotationBeanPostProcessor.java:415) ~[spring-beans-6.1.15.jar:6.1.15]
	at org.springframework.beans.factory.annotation.InitDestroyAnnotationBeanPostProcessor.postProcessBeforeDestruction(InitDestroyAnnotationBeanPostProcessor.java:239) ~[spring-beans-6.1.15.jar:6.1.15]
	at org.springframework.beans.factory.support.DisposableBeanAdapter.destroy(DisposableBeanAdapter.java:202) ~[spring-beans-6.1.15.jar:6.1.15]
	at org.springframework.beans.factory.support.DisposableBeanAdapter.run(DisposableBeanAdapter.java:195) ~[spring-beans-6.1.15.jar:6.1.15]
	at org.springframework.cloud.context.scope.GenericScope$BeanLifecycleWrapper.destroy(GenericScope.java:389) ~[spring-cloud-context-4.1.5.jar:4.1.5]
	at org.springframework.cloud.context.scope.GenericScope.destroy(GenericScope.java:136) ~[spring-cloud-context-4.1.5.jar:4.1.5]
	at org.springframework.beans.factory.support.DisposableBeanAdapter.destroy(DisposableBeanAdapter.java:211) ~[spring-beans-6.1.15.jar:6.1.15]
	at org.springframework.beans.factory.support.DefaultSingletonBeanRegistry.destroyBean(DefaultSingletonBeanRegistry.java:587) ~[spring-beans-6.1.15.jar:6.1.15]
	at org.springframework.beans.factory.support.DefaultSingletonBeanRegistry.destroySingleton(DefaultSingletonBeanRegistry.java:559) ~[spring-beans-6.1.15.jar:6.1.15]
	at org.springframework.beans.factory.support.DefaultListableBeanFactory.destroySingleton(DefaultListableBeanFactory.java:1202) ~[spring-beans-6.1.15.jar:6.1.15]
	at org.springframework.beans.factory.support.DefaultSingletonBeanRegistry.destroySingletons(DefaultSingletonBeanRegistry.java:520) ~[spring-beans-6.1.15.jar:6.1.15]
	at org.springframework.beans.factory.support.DefaultListableBeanFactory.destroySingletons(DefaultListableBeanFactory.java:1195) ~[spring-beans-6.1.15.jar:6.1.15]
	at org.springframework.context.support.AbstractApplicationContext.destroyBeans(AbstractApplicationContext.java:1195) ~[spring-context-6.1.15.jar:6.1.15]
	at org.springframework.context.support.AbstractApplicationContext.doClose(AbstractApplicationContext.java:1156) ~[spring-context-6.1.15.jar:6.1.15]
	at org.springframework.boot.web.servlet.context.ServletWebServerApplicationContext.doClose(ServletWebServerApplicationContext.java:174) ~[spring-boot-3.3.6.jar:3.3.6]
	at org.springframework.context.support.AbstractApplicationContext.close(AbstractApplicationContext.java:1102) ~[spring-context-6.1.15.jar:6.1.15]
	at org.springframework.boot.SpringApplicationShutdownHook.closeAndWait(SpringApplicationShutdownHook.java:145) ~[spring-boot-3.3.6.jar:3.3.6]
	at java.base/java.lang.Iterable.forEach(Iterable.java:75) ~[na:na]
	at org.springframework.boot.SpringApplicationShutdownHook.run(SpringApplicationShutdownHook.java:114) ~[spring-boot-3.3.6.jar:3.3.6]
	at java.base/java.lang.Thread.run(Thread.java:1583) ~[na:na]

2026-03-04T23:52:53.849+01:00  INFO 13248 --- [medical-service] [SpringApplicationShutdownHook] com.netflix.discovery.DiscoveryClient    : Completed shut down of DiscoveryClient
2026-03-04T23:53:37.360+01:00  INFO 21940 --- [medical-service] [main] o.t.m.MedicalServiceApplication          : Starting MedicalServiceApplication using Java 21.0.2 with PID 21940 (C:\Users\Lenovo\OneDrive - ESPRIT\Documents\GitHub\ESPRIT-PI-4SAE11-2026-Tfakkarni\backend\medical-service\target\classes started by Lenovo in C:\Users\Lenovo\OneDrive - ESPRIT\Documents\GitHub\ESPRIT-PI-4SAE11-2026-Tfakkarni\backend)
2026-03-04T23:53:37.364+01:00  INFO 21940 --- [medical-service] [main] o.t.m.MedicalServiceApplication          : No active profile set, falling back to 1 default profile: "default"
2026-03-04T23:53:39.135+01:00  INFO 21940 --- [medical-service] [main] .s.d.r.c.RepositoryConfigurationDelegate : Bootstrapping Spring Data JPA repositories in DEFAULT mode.
2026-03-04T23:53:39.585+01:00  INFO 21940 --- [medical-service] [main] .s.d.r.c.RepositoryConfigurationDelegate : Finished Spring Data repository scanning in 429 ms. Found 2 JPA repository interfaces.
2026-03-04T23:53:40.199+01:00  INFO 21940 --- [medical-service] [main] o.s.cloud.context.scope.GenericScope     : BeanFactory id=d5d29f55-288d-38ce-a185-7c44f75a822c
2026-03-04T23:53:41.380+01:00  INFO 21940 --- [medical-service] [main] o.s.b.w.embedded.tomcat.TomcatWebServer  : Tomcat initialized with port 18086 (http)
2026-03-04T23:53:41.449+01:00  INFO 21940 --- [medical-service] [main] o.apache.catalina.core.StandardService   : Starting service [Tomcat]
2026-03-04T23:53:41.450+01:00  INFO 21940 --- [medical-service] [main] o.apache.catalina.core.StandardEngine    : Starting Servlet engine: [Apache Tomcat/10.1.33]
2026-03-04T23:53:41.912+01:00  INFO 21940 --- [medical-service] [main] o.a.c.c.C.[Tomcat].[localhost].[/]       : Initializing Spring embedded WebApplicationContext
2026-03-04T23:53:41.913+01:00  INFO 21940 --- [medical-service] [main] w.s.c.ServletWebServerApplicationContext : Root WebApplicationContext: initialization completed in 4451 ms
2026-03-04T23:53:42.358+01:00  INFO 21940 --- [medical-service] [main] o.hibernate.jpa.internal.util.LogHelper  : HHH000204: Processing PersistenceUnitInfo [name: default]
2026-03-04T23:53:42.508+01:00  INFO 21940 --- [medical-service] [main] org.hibernate.Version                    : HHH000412: Hibernate ORM core version 6.5.3.Final
2026-03-04T23:53:42.602+01:00  INFO 21940 --- [medical-service] [main] o.h.c.internal.RegionFactoryInitiator    : HHH000026: Second-level cache disabled
2026-03-04T23:53:43.300+01:00  INFO 21940 --- [medical-service] [main] o.s.o.j.p.SpringPersistenceUnitInfo      : No LoadTimeWeaver setup: ignoring JPA class transformer
2026-03-04T23:53:43.364+01:00  INFO 21940 --- [medical-service] [main] com.zaxxer.hikari.HikariDataSource       : HikariPool-1 - Starting...
2026-03-04T23:53:44.544+01:00  INFO 21940 --- [medical-service] [main] com.zaxxer.hikari.pool.HikariPool        : HikariPool-1 - Added connection org.postgresql.jdbc.PgConnection@2e19b30
2026-03-04T23:53:44.547+01:00  INFO 21940 --- [medical-service] [main] com.zaxxer.hikari.HikariDataSource       : HikariPool-1 - Start completed.
2026-03-04T23:53:44.663+01:00  WARN 21940 --- [medical-service] [main] org.hibernate.orm.deprecation            : HHH90000025: PostgreSQLDialect does not need to be specified explicitly using 'hibernate.dialect' (remove the property setting and it will be selected by default)
2026-03-04T23:53:47.210+01:00  INFO 21940 --- [medical-service] [main] o.h.e.t.j.p.i.JtaPlatformInitiator       : HHH000489: No JTA platform available (set 'hibernate.transaction.jta.platform' to enable JTA platform integration)
2026-03-04T23:53:48.080+01:00  INFO 21940 --- [medical-service] [main] j.LocalContainerEntityManagerFactoryBean : Initialized JPA EntityManagerFactory for persistence unit 'default'
2026-03-04T23:53:48.709+01:00  INFO 21940 --- [medical-service] [main] o.s.d.j.r.query.QueryEnhancerFactory     : Hibernate is in classpath; If applicable, HQL parser will be used.
2026-03-04T23:53:50.775+01:00  WARN 21940 --- [medical-service] [main] JpaBaseConfiguration$JpaWebConfiguration : spring.jpa.open-in-view is enabled by default. Therefore, database queries may be performed during view rendering. Explicitly configure spring.jpa.open-in-view to disable this warning
2026-03-04T23:53:51.133+01:00 DEBUG 21940 --- [medical-service] [main] s.w.s.m.m.a.RequestMappingHandlerMapping : 45 mappings in 'requestMappingHandlerMapping'
2026-03-04T23:53:51.346+01:00 DEBUG 21940 --- [medical-service] [main] o.s.w.s.handler.SimpleUrlHandlerMapping  : Patterns [/webjars/**, /**, /swagger-ui*/*swagger-initializer.js, /swagger-ui*/**] in 'resourceHandlerMapping'
2026-03-04T23:53:51.446+01:00 DEBUG 21940 --- [medical-service] [main] s.w.s.m.m.a.RequestMappingHandlerAdapter : ControllerAdvice beans: 0 @ModelAttribute, 0 @InitBinder, 1 RequestBodyAdvice, 1 ResponseBodyAdvice
2026-03-04T23:53:51.525+01:00 DEBUG 21940 --- [medical-service] [main] .m.m.a.ExceptionHandlerExceptionResolver : ControllerAdvice beans: 2 @ExceptionHandler, 1 ResponseBodyAdvice
2026-03-04T23:53:52.500+01:00  INFO 21940 --- [medical-service] [main] DiscoveryClientOptionalArgsConfiguration : Eureka HTTP Client uses RestTemplate.
2026-03-04T23:53:52.609+01:00  WARN 21940 --- [medical-service] [main] iguration$LoadBalancerCaffeineWarnLogger : Spring Cloud LoadBalancer is currently working with the default cache. While this cache implementation is useful for development and tests, it's recommended to use Caffeine cache in production.You can switch to using Caffeine cache, by adding it and org.springframework.cache.caffeine.CaffeineCacheManager to the classpath.
2026-03-04T23:53:52.750+01:00  INFO 21940 --- [medical-service] [main] o.s.c.n.eureka.InstanceInfoFactory       : Setting initial instance status as: STARTING
2026-03-04T23:53:52.800+01:00  INFO 21940 --- [medical-service] [main] com.netflix.discovery.DiscoveryClient    : Initializing Eureka in region us-east-1
2026-03-04T23:53:52.810+01:00  INFO 21940 --- [medical-service] [main] c.n.d.s.r.aws.ConfigClusterResolver      : Resolving eureka endpoints via configuration
2026-03-04T23:53:52.828+01:00  INFO 21940 --- [medical-service] [main] com.netflix.discovery.DiscoveryClient    : Disable delta property : false
2026-03-04T23:53:52.829+01:00  INFO 21940 --- [medical-service] [main] com.netflix.discovery.DiscoveryClient    : Single vip registry refresh property : null
2026-03-04T23:53:52.830+01:00  INFO 21940 --- [medical-service] [main] com.netflix.discovery.DiscoveryClient    : Force full registry fetch : false
2026-03-04T23:53:52.830+01:00  INFO 21940 --- [medical-service] [main] com.netflix.discovery.DiscoveryClient    : Application is null : false
2026-03-04T23:53:52.831+01:00  INFO 21940 --- [medical-service] [main] com.netflix.discovery.DiscoveryClient    : Registered Applications size is zero : true
2026-03-04T23:53:52.831+01:00  INFO 21940 --- [medical-service] [main] com.netflix.discovery.DiscoveryClient    : Application version is -1: true
2026-03-04T23:53:52.831+01:00  INFO 21940 --- [medical-service] [main] com.netflix.discovery.DiscoveryClient    : Getting all instance registry info from the eureka server
2026-03-04T23:53:53.214+01:00 DEBUG 21940 --- [medical-service] [main] o.s.web.client.RestTemplate              : HTTP GET http://localhost:8761/eureka/apps/
2026-03-04T23:53:53.482+01:00 DEBUG 21940 --- [medical-service] [main] o.s.web.client.RestTemplate              : Accept=[application/json, application/*+json]
2026-03-04T23:53:53.583+01:00 DEBUG 21940 --- [medical-service] [main] o.s.web.client.RestTemplate              : Response 200 OK
2026-03-04T23:53:53.587+01:00 DEBUG 21940 --- [medical-service] [main] o.s.web.client.RestTemplate              : Reading to [org.springframework.cloud.netflix.eureka.http.EurekaApplications]
2026-03-04T23:53:53.658+01:00  INFO 21940 --- [medical-service] [main] com.netflix.discovery.DiscoveryClient    : The response status is 200
2026-03-04T23:53:53.662+01:00  INFO 21940 --- [medical-service] [main] com.netflix.discovery.DiscoveryClient    : Starting heartbeat executor: renew interval is: 30
2026-03-04T23:53:53.665+01:00  INFO 21940 --- [medical-service] [main] c.n.discovery.InstanceInfoReplicator     : InstanceInfoReplicator onDemand update allowed rate per min is 4
2026-03-04T23:53:53.669+01:00  INFO 21940 --- [medical-service] [main] com.netflix.discovery.DiscoveryClient    : Discovery Client initialized at timestamp 1772664833667 with initial instances count: 2
2026-03-04T23:53:53.677+01:00  INFO 21940 --- [medical-service] [main] o.s.c.n.e.s.EurekaServiceRegistry        : Registering application MEDICAL-SERVICE with eureka with status UP
2026-03-04T23:53:53.678+01:00  INFO 21940 --- [medical-service] [main] com.netflix.discovery.DiscoveryClient    : Saw local status change event StatusChangeEvent [timestamp=1772664833678, current=UP, previous=STARTING]
2026-03-04T23:53:53.681+01:00  INFO 21940 --- [medical-service] [DiscoveryClient-InstanceInfoReplicator-%d] com.netflix.discovery.DiscoveryClient    : DiscoveryClient_MEDICAL-SERVICE/DESKTOP-I0BIKTH:medical-service:18086: registering service...
2026-03-04T23:53:53.691+01:00 DEBUG 21940 --- [medical-service] [DiscoveryClient-InstanceInfoReplicator-%d] o.s.web.client.RestTemplate              : HTTP POST http://localhost:8761/eureka/apps/MEDICAL-SERVICE
2026-03-04T23:53:53.697+01:00 DEBUG 21940 --- [medical-service] [DiscoveryClient-InstanceInfoReplicator-%d] o.s.web.client.RestTemplate              : Accept=[application/json, application/*+json]
2026-03-04T23:53:53.722+01:00  INFO 21940 --- [medical-service] [main] o.s.b.w.embedded.tomcat.TomcatWebServer  : Tomcat started on port 18086 (http) with context path '/'
2026-03-04T23:53:53.724+01:00  INFO 21940 --- [medical-service] [main] .s.c.n.e.s.EurekaAutoServiceRegistration : Updating port to 18086
2026-03-04T23:53:53.727+01:00 DEBUG 21940 --- [medical-service] [DiscoveryClient-InstanceInfoReplicator-%d] o.s.web.client.RestTemplate              : Writing [InstanceInfo [instanceId = DESKTOP-I0BIKTH:medical-service:18086, appName = MEDICAL-SERVICE, hostName = DESKTOP-I0BIKTH, status = UP, ipAddr = 192.168.3.1, port = 18086, securePort = 443, dataCenterInfo = com.netflix.appinfo.MyDataCenterInfo@1fa59b0d] as "application/json"
2026-03-04T23:53:53.764+01:00  INFO 21940 --- [medical-service] [main] o.t.m.MedicalServiceApplication          : Started MedicalServiceApplication in 17.398 seconds (process running for 18.9)
2026-03-04T23:53:53.766+01:00 DEBUG 21940 --- [medical-service] [DiscoveryClient-InstanceInfoReplicator-%d] o.s.web.client.RestTemplate              : Response 204 NO_CONTENT
2026-03-04T23:53:53.767+01:00  INFO 21940 --- [medical-service] [DiscoveryClient-InstanceInfoReplicator-%d] com.netflix.discovery.DiscoveryClient    : DiscoveryClient_MEDICAL-SERVICE/DESKTOP-I0BIKTH:medical-service:18086 - registration status: 204
2026-03-04T23:54:18.830+01:00  INFO 21940 --- [medical-service] [http-nio-18086-exec-2] o.a.c.c.C.[Tomcat].[localhost].[/]       : Initializing Spring DispatcherServlet 'dispatcherServlet'
2026-03-04T23:54:18.830+01:00  INFO 21940 --- [medical-service] [http-nio-18086-exec-2] o.s.web.servlet.DispatcherServlet        : Initializing Servlet 'dispatcherServlet'
2026-03-04T23:54:18.830+01:00 DEBUG 21940 --- [medical-service] [http-nio-18086-exec-2] o.s.web.servlet.DispatcherServlet        : Detected StandardServletMultipartResolver
2026-03-04T23:54:18.830+01:00 DEBUG 21940 --- [medical-service] [http-nio-18086-exec-2] o.s.web.servlet.DispatcherServlet        : Detected AcceptHeaderLocaleResolver
2026-03-04T23:54:18.830+01:00 DEBUG 21940 --- [medical-service] [http-nio-18086-exec-2] o.s.web.servlet.DispatcherServlet        : Detected FixedThemeResolver
2026-03-04T23:54:18.833+01:00 DEBUG 21940 --- [medical-service] [http-nio-18086-exec-2] o.s.web.servlet.DispatcherServlet        : Detected org.springframework.web.servlet.view.DefaultRequestToViewNameTranslator@333ea5d6
2026-03-04T23:54:18.834+01:00 DEBUG 21940 --- [medical-service] [http-nio-18086-exec-2] o.s.web.servlet.DispatcherServlet        : Detected org.springframework.web.servlet.support.SessionFlashMapManager@74944d7f
2026-03-04T23:54:18.834+01:00 DEBUG 21940 --- [medical-service] [http-nio-18086-exec-2] o.s.web.servlet.DispatcherServlet        : enableLoggingRequestDetails='false': request parameters and headers will be masked to prevent unsafe logging of potentially sensitive data
2026-03-04T23:54:18.834+01:00  INFO 21940 --- [medical-service] [http-nio-18086-exec-2] o.s.web.servlet.DispatcherServlet        : Completed initialization in 4 ms
2026-03-04T23:54:18.848+01:00 DEBUG 21940 --- [medical-service] [http-nio-18086-exec-6] o.s.web.servlet.DispatcherServlet        : GET "/api/medical/loans/borrower/27/active", parameters={}
2026-03-04T23:54:18.848+01:00 DEBUG 21940 --- [medical-service] [http-nio-18086-exec-3] o.s.web.servlet.DispatcherServlet        : GET "/api/medical/loans/borrower/27", parameters={}
2026-03-04T23:54:18.848+01:00 DEBUG 21940 --- [medical-service] [http-nio-18086-exec-2] o.s.web.servlet.DispatcherServlet        : GET "/api/medical/equipment", parameters={}
2026-03-04T23:54:18.864+01:00 DEBUG 21940 --- [medical-service] [http-nio-18086-exec-2] s.w.s.m.m.a.RequestMappingHandlerMapping : Mapped to org.techhive.medicalservice.controller.EquipmentController#getAllEquipment()
2026-03-04T23:54:18.864+01:00 DEBUG 21940 --- [medical-service] [http-nio-18086-exec-6] s.w.s.m.m.a.RequestMappingHandlerMapping : Mapped to org.techhive.medicalservice.controller.EquipmentLoanController#getActiveLoansByBorrower(Long)
2026-03-04T23:54:18.864+01:00 DEBUG 21940 --- [medical-service] [http-nio-18086-exec-3] s.w.s.m.m.a.RequestMappingHandlerMapping : Mapped to org.techhive.medicalservice.controller.EquipmentLoanController#getLoansByBorrowerId(Long)
2026-03-04T23:54:18.945+01:00  INFO 21940 --- [medical-service] [http-nio-18086-exec-2] o.t.m.controller.EquipmentController     : Fetching all equipment
2026-03-04T23:54:18.952+01:00  INFO 21940 --- [medical-service] [http-nio-18086-exec-6] o.t.m.c.EquipmentLoanController          : Fetching active loans for borrower ID: 27
2026-03-04T23:54:18.952+01:00  INFO 21940 --- [medical-service] [http-nio-18086-exec-3] o.t.m.c.EquipmentLoanController          : Fetching loans for borrower ID: 27
2026-03-04T23:54:19.053+01:00 DEBUG 21940 --- [medical-service] [http-nio-18086-exec-3] org.hibernate.SQL                        : 
    select
        el1_0.id,
        el1_0.borrower_id,
        el1_0.due_date,
        el1_0.equipment_id,
        el1_0.loan_date,
        el1_0.notes,
        el1_0.purpose,
        el1_0.return_date,
        el1_0.status 
    from
        equipment_loans el1_0 
    where
        el1_0.borrower_id=?
2026-03-04T23:54:19.053+01:00 DEBUG 21940 --- [medical-service] [http-nio-18086-exec-6] org.hibernate.SQL                        : 
    select
        el1_0.id,
        el1_0.borrower_id,
        el1_0.due_date,
        el1_0.equipment_id,
        el1_0.loan_date,
        el1_0.notes,
        el1_0.purpose,
        el1_0.return_date,
        el1_0.status 
    from
        equipment_loans el1_0 
    where
        el1_0.borrower_id=? 
        and el1_0.status=?
2026-03-04T23:54:19.053+01:00 DEBUG 21940 --- [medical-service] [http-nio-18086-exec-2] org.hibernate.SQL                        : 
    select
        e1_0.id,
        e1_0.category,
        e1_0.condition,
        e1_0.description,
        e1_0.donation_date,
        e1_0.donor_id,
        e1_0.name,
        e1_0.status 
    from
        equipments e1_0
2026-03-04T23:54:19.203+01:00 DEBUG 21940 --- [medical-service] [http-nio-18086-exec-3] o.s.w.s.m.m.a.HttpEntityMethodProcessor  : Using 'application/json', given [application/json, text/plain, */*] and supported [application/json, application/*+json]
2026-03-04T23:54:19.203+01:00 DEBUG 21940 --- [medical-service] [http-nio-18086-exec-6] o.s.w.s.m.m.a.HttpEntityMethodProcessor  : Using 'application/json', given [application/json, text/plain, */*] and supported [application/json, application/*+json]
2026-03-04T23:54:19.204+01:00 DEBUG 21940 --- [medical-service] [http-nio-18086-exec-6] o.s.w.s.m.m.a.HttpEntityMethodProcessor  : Writing [[]]
2026-03-04T23:54:19.204+01:00 DEBUG 21940 --- [medical-service] [http-nio-18086-exec-3] o.s.w.s.m.m.a.HttpEntityMethodProcessor  : Writing [[]]
2026-03-04T23:54:19.212+01:00 DEBUG 21940 --- [medical-service] [http-nio-18086-exec-6] o.s.web.servlet.DispatcherServlet        : Completed 200 OK
2026-03-04T23:54:19.212+01:00 DEBUG 21940 --- [medical-service] [http-nio-18086-exec-3] o.s.web.servlet.DispatcherServlet        : Completed 200 OK
2026-03-04T23:54:19.232+01:00 DEBUG 21940 --- [medical-service] [http-nio-18086-exec-2] org.hibernate.SQL                        : 
    select
        l1_0.equipment_id,
        l1_0.id,
        l1_0.borrower_id,
        l1_0.due_date,
        l1_0.loan_date,
        l1_0.notes,
        l1_0.purpose,
        l1_0.return_date,
        l1_0.status 
    from
        equipment_loans l1_0 
    where
        l1_0.equipment_id=?
2026-03-04T23:54:19.300+01:00 DEBUG 21940 --- [medical-service] [http-nio-18086-exec-2] org.hibernate.SQL                        : 
    select
        l1_0.equipment_id,
        l1_0.id,
        l1_0.borrower_id,
        l1_0.due_date,
        l1_0.loan_date,
        l1_0.notes,
        l1_0.purpose,
        l1_0.return_date,
        l1_0.status 
    from
        equipment_loans l1_0 
    where
        l1_0.equipment_id=?
2026-03-04T23:54:19.364+01:00 DEBUG 21940 --- [medical-service] [http-nio-18086-exec-2] org.hibernate.SQL                        : 
    select
        l1_0.equipment_id,
        l1_0.id,
        l1_0.borrower_id,
        l1_0.due_date,
        l1_0.loan_date,
        l1_0.notes,
        l1_0.purpose,
        l1_0.return_date,
        l1_0.status 
    from
        equipment_loans l1_0 
    where
        l1_0.equipment_id=?
2026-03-04T23:54:19.425+01:00 DEBUG 21940 --- [medical-service] [http-nio-18086-exec-2] org.hibernate.SQL                        : 
    select
        l1_0.equipment_id,
        l1_0.id,
        l1_0.borrower_id,
        l1_0.due_date,
        l1_0.loan_date,
        l1_0.notes,
        l1_0.purpose,
        l1_0.return_date,
        l1_0.status 
    from
        equipment_loans l1_0 
    where
        l1_0.equipment_id=?
2026-03-04T23:54:19.484+01:00 DEBUG 21940 --- [medical-service] [http-nio-18086-exec-2] org.hibernate.SQL                        : 
    select
        l1_0.equipment_id,
        l1_0.id,
        l1_0.borrower_id,
        l1_0.due_date,
        l1_0.loan_date,
        l1_0.notes,
        l1_0.purpose,
        l1_0.return_date,
        l1_0.status 
    from
        equipment_loans l1_0 
    where
        l1_0.equipment_id=?
2026-03-04T23:54:19.543+01:00 DEBUG 21940 --- [medical-service] [http-nio-18086-exec-2] org.hibernate.SQL                        : 
    select
        l1_0.equipment_id,
        l1_0.id,
        l1_0.borrower_id,
        l1_0.due_date,
        l1_0.loan_date,
        l1_0.notes,
        l1_0.purpose,
        l1_0.return_date,
        l1_0.status 
    from
        equipment_loans l1_0 
    where
        l1_0.equipment_id=?
2026-03-04T23:54:19.604+01:00 DEBUG 21940 --- [medical-service] [http-nio-18086-exec-2] org.hibernate.SQL                        : 
    select
        l1_0.equipment_id,
        l1_0.id,
        l1_0.borrower_id,
        l1_0.due_date,
        l1_0.loan_date,
        l1_0.notes,
        l1_0.purpose,
        l1_0.return_date,
        l1_0.status 
    from
        equipment_loans l1_0 
    where
        l1_0.equipment_id=?
2026-03-04T23:54:19.664+01:00 DEBUG 21940 --- [medical-service] [http-nio-18086-exec-2] org.hibernate.SQL                        : 
    select
        l1_0.equipment_id,
        l1_0.id,
        l1_0.borrower_id,
        l1_0.due_date,
        l1_0.loan_date,
        l1_0.notes,
        l1_0.purpose,
        l1_0.return_date,
        l1_0.status 
    from
        equipment_loans l1_0 
    where
        l1_0.equipment_id=?
2026-03-04T23:54:19.724+01:00 DEBUG 21940 --- [medical-service] [http-nio-18086-exec-2] org.hibernate.SQL                        : 
    select
        l1_0.equipment_id,
        l1_0.id,
        l1_0.borrower_id,
        l1_0.due_date,
        l1_0.loan_date,
        l1_0.notes,
        l1_0.purpose,
        l1_0.return_date,
        l1_0.status 
    from
        equipment_loans l1_0 
    where
        l1_0.equipment_id=?
2026-03-04T23:54:19.784+01:00 DEBUG 21940 --- [medical-service] [http-nio-18086-exec-2] org.hibernate.SQL                        : 
    select
        l1_0.equipment_id,
        l1_0.id,
        l1_0.borrower_id,
        l1_0.due_date,
        l1_0.loan_date,
        l1_0.notes,
        l1_0.purpose,
        l1_0.return_date,
        l1_0.status 
    from
        equipment_loans l1_0 
    where
        l1_0.equipment_id=?
2026-03-04T23:54:19.847+01:00 DEBUG 21940 --- [medical-service] [http-nio-18086-exec-2] org.hibernate.SQL                        : 
    select
        l1_0.equipment_id,
        l1_0.id,
        l1_0.borrower_id,
        l1_0.due_date,
        l1_0.loan_date,
        l1_0.notes,
        l1_0.purpose,
        l1_0.return_date,
        l1_0.status 
    from
        equipment_loans l1_0 
    where
        l1_0.equipment_id=?
2026-03-04T23:54:19.905+01:00 DEBUG 21940 --- [medical-service] [http-nio-18086-exec-2] org.hibernate.SQL                        : 
    select
        l1_0.equipment_id,
        l1_0.id,
        l1_0.borrower_id,
        l1_0.due_date,
        l1_0.loan_date,
        l1_0.notes,
        l1_0.purpose,
        l1_0.return_date,
        l1_0.status 
    from
        equipment_loans l1_0 
    where
        l1_0.equipment_id=?
2026-03-04T23:54:19.963+01:00 DEBUG 21940 --- [medical-service] [http-nio-18086-exec-2] org.hibernate.SQL                        : 
    select
        l1_0.equipment_id,
        l1_0.id,
        l1_0.borrower_id,
        l1_0.due_date,
        l1_0.loan_date,
        l1_0.notes,
        l1_0.purpose,
        l1_0.return_date,
        l1_0.status 
    from
        equipment_loans l1_0 
    where
        l1_0.equipment_id=?
2026-03-04T23:54:20.027+01:00 DEBUG 21940 --- [medical-service] [http-nio-18086-exec-2] org.hibernate.SQL                        : 
    select
        l1_0.equipment_id,
        l1_0.id,
        l1_0.borrower_id,
        l1_0.due_date,
        l1_0.loan_date,
        l1_0.notes,
        l1_0.purpose,
        l1_0.return_date,
        l1_0.status 
    from
        equipment_loans l1_0 
    where
        l1_0.equipment_id=?
2026-03-04T23:54:20.086+01:00 DEBUG 21940 --- [medical-service] [http-nio-18086-exec-2] org.hibernate.SQL                        : 
    select
        l1_0.equipment_id,
        l1_0.id,
        l1_0.borrower_id,
        l1_0.due_date,
        l1_0.loan_date,
        l1_0.notes,
        l1_0.purpose,
        l1_0.return_date,
        l1_0.status 
    from
        equipment_loans l1_0 
    where
        l1_0.equipment_id=?
2026-03-04T23:54:20.143+01:00 DEBUG 21940 --- [medical-service] [http-nio-18086-exec-2] org.hibernate.SQL                        : 
    select
        l1_0.equipment_id,
        l1_0.id,
        l1_0.borrower_id,
        l1_0.due_date,
        l1_0.loan_date,
        l1_0.notes,
        l1_0.purpose,
        l1_0.return_date,
        l1_0.status 
    from
        equipment_loans l1_0 
    where
        l1_0.equipment_id=?
2026-03-04T23:54:20.203+01:00 DEBUG 21940 --- [medical-service] [http-nio-18086-exec-2] org.hibernate.SQL                        : 
    select
        l1_0.equipment_id,
        l1_0.id,
        l1_0.borrower_id,
        l1_0.due_date,
        l1_0.loan_date,
        l1_0.notes,
        l1_0.purpose,
        l1_0.return_date,
        l1_0.status 
    from
        equipment_loans l1_0 
    where
        l1_0.equipment_id=?
2026-03-04T23:54:20.264+01:00 DEBUG 21940 --- [medical-service] [http-nio-18086-exec-2] org.hibernate.SQL                        : 
    select
        l1_0.equipment_id,
        l1_0.id,
        l1_0.borrower_id,
        l1_0.due_date,
        l1_0.loan_date,
        l1_0.notes,
        l1_0.purpose,
        l1_0.return_date,
        l1_0.status 
    from
        equipment_loans l1_0 
    where
        l1_0.equipment_id=?
2026-03-04T23:54:20.329+01:00 DEBUG 21940 --- [medical-service] [http-nio-18086-exec-2] org.hibernate.SQL                        : 
    select
        l1_0.equipment_id,
        l1_0.id,
        l1_0.borrower_id,
        l1_0.due_date,
        l1_0.loan_date,
        l1_0.notes,
        l1_0.purpose,
        l1_0.return_date,
        l1_0.status 
    from
        equipment_loans l1_0 
    where
        l1_0.equipment_id=?
2026-03-04T23:54:20.384+01:00 DEBUG 21940 --- [medical-service] [http-nio-18086-exec-2] org.hibernate.SQL                        : 
    select
        l1_0.equipment_id,
        l1_0.id,
        l1_0.borrower_id,
        l1_0.due_date,
        l1_0.loan_date,
        l1_0.notes,
        l1_0.purpose,
        l1_0.return_date,
        l1_0.status 
    from
        equipment_loans l1_0 
    where
        l1_0.equipment_id=?
2026-03-04T23:54:20.445+01:00 DEBUG 21940 --- [medical-service] [http-nio-18086-exec-2] org.hibernate.SQL                        : 
    select
        l1_0.equipment_id,
        l1_0.id,
        l1_0.borrower_id,
        l1_0.due_date,
        l1_0.loan_date,
        l1_0.notes,
        l1_0.purpose,
        l1_0.return_date,
        l1_0.status 
    from
        equipment_loans l1_0 
    where
        l1_0.equipment_id=?
2026-03-04T23:54:20.501+01:00 DEBUG 21940 --- [medical-service] [http-nio-18086-exec-2] org.hibernate.SQL                        : 
    select
        l1_0.equipment_id,
        l1_0.id,
        l1_0.borrower_id,
        l1_0.due_date,
        l1_0.loan_date,
        l1_0.notes,
        l1_0.purpose,
        l1_0.return_date,
        l1_0.status 
    from
        equipment_loans l1_0 
    where
        l1_0.equipment_id=?
2026-03-04T23:54:20.563+01:00 DEBUG 21940 --- [medical-service] [http-nio-18086-exec-2] org.hibernate.SQL                        : 
    select
        l1_0.equipment_id,
        l1_0.id,
        l1_0.borrower_id,
        l1_0.due_date,
        l1_0.loan_date,
        l1_0.notes,
        l1_0.purpose,
        l1_0.return_date,
        l1_0.status 
    from
        equipment_loans l1_0 
    where
        l1_0.equipment_id=?
2026-03-04T23:54:20.624+01:00 DEBUG 21940 --- [medical-service] [http-nio-18086-exec-2] org.hibernate.SQL                        : 
    select
        l1_0.equipment_id,
        l1_0.id,
        l1_0.borrower_id,
        l1_0.due_date,
        l1_0.loan_date,
        l1_0.notes,
        l1_0.purpose,
        l1_0.return_date,
        l1_0.status 
    from
        equipment_loans l1_0 
    where
        l1_0.equipment_id=?
2026-03-04T23:54:20.689+01:00 DEBUG 21940 --- [medical-service] [http-nio-18086-exec-2] org.hibernate.SQL                        : 
    select
        l1_0.equipment_id,
        l1_0.id,
        l1_0.borrower_id,
        l1_0.due_date,
        l1_0.loan_date,
        l1_0.notes,
        l1_0.purpose,
        l1_0.return_date,
        l1_0.status 
    from
        equipment_loans l1_0 
    where
        l1_0.equipment_id=?
2026-03-04T23:54:20.744+01:00 DEBUG 21940 --- [medical-service] [http-nio-18086-exec-2] org.hibernate.SQL                        : 
    select
        l1_0.equipment_id,
        l1_0.id,
        l1_0.borrower_id,
        l1_0.due_date,
        l1_0.loan_date,
        l1_0.notes,
        l1_0.purpose,
        l1_0.return_date,
        l1_0.status 
    from
        equipment_loans l1_0 
    where
        l1_0.equipment_id=?
2026-03-04T23:54:20.804+01:00 DEBUG 21940 --- [medical-service] [http-nio-18086-exec-2] org.hibernate.SQL                        : 
    select
        l1_0.equipment_id,
        l1_0.id,
        l1_0.borrower_id,
        l1_0.due_date,
        l1_0.loan_date,
        l1_0.notes,
        l1_0.purpose,
        l1_0.return_date,
        l1_0.status 
    from
        equipment_loans l1_0 
    where
        l1_0.equipment_id=?
2026-03-04T23:54:20.865+01:00 DEBUG 21940 --- [medical-service] [http-nio-18086-exec-2] org.hibernate.SQL                        : 
    select
        l1_0.equipment_id,
        l1_0.id,
        l1_0.borrower_id,
        l1_0.due_date,
        l1_0.loan_date,
        l1_0.notes,
        l1_0.purpose,
        l1_0.return_date,
        l1_0.status 
    from
        equipment_loans l1_0 
    where
        l1_0.equipment_id=?
2026-03-04T23:54:20.923+01:00 DEBUG 21940 --- [medical-service] [http-nio-18086-exec-2] org.hibernate.SQL                        : 
    select
        l1_0.equipment_id,
        l1_0.id,
        l1_0.borrower_id,
        l1_0.due_date,
        l1_0.loan_date,
        l1_0.notes,
        l1_0.purpose,
        l1_0.return_date,
        l1_0.status 
    from
        equipment_loans l1_0 
    where
        l1_0.equipment_id=?
2026-03-04T23:54:20.983+01:00 DEBUG 21940 --- [medical-service] [http-nio-18086-exec-2] org.hibernate.SQL                        : 
    select
        l1_0.equipment_id,
        l1_0.id,
        l1_0.borrower_id,
        l1_0.due_date,
        l1_0.loan_date,
        l1_0.notes,
        l1_0.purpose,
        l1_0.return_date,
        l1_0.status 
    from
        equipment_loans l1_0 
    where
        l1_0.equipment_id=?
2026-03-04T23:54:21.050+01:00 DEBUG 21940 --- [medical-service] [http-nio-18086-exec-2] org.hibernate.SQL                        : 
    select
        l1_0.equipment_id,
        l1_0.id,
        l1_0.borrower_id,
        l1_0.due_date,
        l1_0.loan_date,
        l1_0.notes,
        l1_0.purpose,
        l1_0.return_date,
        l1_0.status 
    from
        equipment_loans l1_0 
    where
        l1_0.equipment_id=?
2026-03-04T23:54:21.114+01:00 DEBUG 21940 --- [medical-service] [http-nio-18086-exec-2] org.hibernate.SQL                        : 
    select
        l1_0.equipment_id,
        l1_0.id,
        l1_0.borrower_id,
        l1_0.due_date,
        l1_0.loan_date,
        l1_0.notes,
        l1_0.purpose,
        l1_0.return_date,
        l1_0.status 
    from
        equipment_loans l1_0 
    where
        l1_0.equipment_id=?
2026-03-04T23:54:21.176+01:00 DEBUG 21940 --- [medical-service] [http-nio-18086-exec-2] org.hibernate.SQL                        : 
    select
        l1_0.equipment_id,
        l1_0.id,
        l1_0.borrower_id,
        l1_0.due_date,
        l1_0.loan_date,
        l1_0.notes,
        l1_0.purpose,
        l1_0.return_date,
        l1_0.status 
    from
        equipment_loans l1_0 
    where
        l1_0.equipment_id=?
2026-03-04T23:54:21.239+01:00 DEBUG 21940 --- [medical-service] [http-nio-18086-exec-2] org.hibernate.SQL                        : 
    select
        l1_0.equipment_id,
        l1_0.id,
        l1_0.borrower_id,
        l1_0.due_date,
        l1_0.loan_date,
        l1_0.notes,
        l1_0.purpose,
        l1_0.return_date,
        l1_0.status 
    from
        equipment_loans l1_0 
    where
        l1_0.equipment_id=?
2026-03-04T23:54:21.303+01:00 DEBUG 21940 --- [medical-service] [http-nio-18086-exec-2] org.hibernate.SQL                        : 
    select
        l1_0.equipment_id,
        l1_0.id,
        l1_0.borrower_id,
        l1_0.due_date,
        l1_0.loan_date,
        l1_0.notes,
        l1_0.purpose,
        l1_0.return_date,
        l1_0.status 
    from
        equipment_loans l1_0 
    where
        l1_0.equipment_id=?
2026-03-04T23:54:21.364+01:00 DEBUG 21940 --- [medical-service] [http-nio-18086-exec-2] org.hibernate.SQL                        : 
    select
        l1_0.equipment_id,
        l1_0.id,
        l1_0.borrower_id,
        l1_0.due_date,
        l1_0.loan_date,
        l1_0.notes,
        l1_0.purpose,
        l1_0.return_date,
        l1_0.status 
    from
        equipment_loans l1_0 
    where
        l1_0.equipment_id=?
2026-03-04T23:54:21.425+01:00 DEBUG 21940 --- [medical-service] [http-nio-18086-exec-2] org.hibernate.SQL                        : 
    select
        l1_0.equipment_id,
        l1_0.id,
        l1_0.borrower_id,
        l1_0.due_date,
        l1_0.loan_date,
        l1_0.notes,
        l1_0.purpose,
        l1_0.return_date,
        l1_0.status 
    from
        equipment_loans l1_0 
    where
        l1_0.equipment_id=?
2026-03-04T23:54:21.484+01:00 DEBUG 21940 --- [medical-service] [http-nio-18086-exec-2] org.hibernate.SQL                        : 
    select
        l1_0.equipment_id,
        l1_0.id,
        l1_0.borrower_id,
        l1_0.due_date,
        l1_0.loan_date,
        l1_0.notes,
        l1_0.purpose,
        l1_0.return_date,
        l1_0.status 
    from
        equipment_loans l1_0 
    where
        l1_0.equipment_id=?
2026-03-04T23:54:21.565+01:00 DEBUG 21940 --- [medical-service] [http-nio-18086-exec-2] org.hibernate.SQL                        : 
    select
        l1_0.equipment_id,
        l1_0.id,
        l1_0.borrower_id,
        l1_0.due_date,
        l1_0.loan_date,
        l1_0.notes,
        l1_0.purpose,
        l1_0.return_date,
        l1_0.status 
    from
        equipment_loans l1_0 
    where
        l1_0.equipment_id=?
2026-03-04T23:54:21.625+01:00 DEBUG 21940 --- [medical-service] [http-nio-18086-exec-2] org.hibernate.SQL                        : 
    select
        l1_0.equipment_id,
        l1_0.id,
        l1_0.borrower_id,
        l1_0.due_date,
        l1_0.loan_date,
        l1_0.notes,
        l1_0.purpose,
        l1_0.return_date,
        l1_0.status 
    from
        equipment_loans l1_0 
    where
        l1_0.equipment_id=?
2026-03-04T23:54:21.684+01:00 DEBUG 21940 --- [medical-service] [http-nio-18086-exec-2] org.hibernate.SQL                        : 
    select
        l1_0.equipment_id,
        l1_0.id,
        l1_0.borrower_id,
        l1_0.due_date,
        l1_0.loan_date,
        l1_0.notes,
        l1_0.purpose,
        l1_0.return_date,
        l1_0.status 
    from
        equipment_loans l1_0 
    where
        l1_0.equipment_id=?
2026-03-04T23:54:21.819+01:00 DEBUG 21940 --- [medical-service] [http-nio-18086-exec-2] org.hibernate.SQL                        : 
    select
        l1_0.equipment_id,
        l1_0.id,
        l1_0.borrower_id,
        l1_0.due_date,
        l1_0.loan_date,
        l1_0.notes,
        l1_0.purpose,
        l1_0.return_date,
        l1_0.status 
    from
        equipment_loans l1_0 
    where
        l1_0.equipment_id=?
2026-03-04T23:54:21.984+01:00 DEBUG 21940 --- [medical-service] [http-nio-18086-exec-2] org.hibernate.SQL                        : 
    select
        l1_0.equipment_id,
        l1_0.id,
        l1_0.borrower_id,
        l1_0.due_date,
        l1_0.loan_date,
        l1_0.notes,
        l1_0.purpose,
        l1_0.return_date,
        l1_0.status 
    from
        equipment_loans l1_0 
    where
        l1_0.equipment_id=?
2026-03-04T23:54:22.049+01:00 DEBUG 21940 --- [medical-service] [http-nio-18086-exec-2] org.hibernate.SQL                        : 
    select
        l1_0.equipment_id,
        l1_0.id,
        l1_0.borrower_id,
        l1_0.due_date,
        l1_0.loan_date,
        l1_0.notes,
        l1_0.purpose,
        l1_0.return_date,
        l1_0.status 
    from
        equipment_loans l1_0 
    where
        l1_0.equipment_id=?
2026-03-04T23:54:22.178+01:00 DEBUG 21940 --- [medical-service] [http-nio-18086-exec-2] org.hibernate.SQL                        : 
    select
        l1_0.equipment_id,
        l1_0.id,
        l1_0.borrower_id,
        l1_0.due_date,
        l1_0.loan_date,
        l1_0.notes,
        l1_0.purpose,
        l1_0.return_date,
        l1_0.status 
    from
        equipment_loans l1_0 
    where
        l1_0.equipment_id=?
2026-03-04T23:54:22.251+01:00 DEBUG 21940 --- [medical-service] [http-nio-18086-exec-2] org.hibernate.SQL                        : 
    select
        l1_0.equipment_id,
        l1_0.id,
        l1_0.borrower_id,
        l1_0.due_date,
        l1_0.loan_date,
        l1_0.notes,
        l1_0.purpose,
        l1_0.return_date,
        l1_0.status 
    from
        equipment_loans l1_0 
    where
        l1_0.equipment_id=?
2026-03-04T23:54:22.323+01:00 DEBUG 21940 --- [medical-service] [http-nio-18086-exec-2] org.hibernate.SQL                        : 
    select
        l1_0.equipment_id,
        l1_0.id,
        l1_0.borrower_id,
        l1_0.due_date,
        l1_0.loan_date,
        l1_0.notes,
        l1_0.purpose,
        l1_0.return_date,
        l1_0.status 
    from
        equipment_loans l1_0 
    where
        l1_0.equipment_id=?
2026-03-04T23:54:22.480+01:00 DEBUG 21940 --- [medical-service] [http-nio-18086-exec-2] org.hibernate.SQL                        : 
    select
        l1_0.equipment_id,
        l1_0.id,
        l1_0.borrower_id,
        l1_0.due_date,
        l1_0.loan_date,
        l1_0.notes,
        l1_0.purpose,
        l1_0.return_date,
        l1_0.status 
    from
        equipment_loans l1_0 
    where
        l1_0.equipment_id=?
2026-03-04T23:54:22.574+01:00 DEBUG 21940 --- [medical-service] [http-nio-18086-exec-2] org.hibernate.SQL                        : 
    select
        l1_0.equipment_id,
        l1_0.id,
        l1_0.borrower_id,
        l1_0.due_date,
        l1_0.loan_date,
        l1_0.notes,
        l1_0.purpose,
        l1_0.return_date,
        l1_0.status 
    from
        equipment_loans l1_0 
    where
        l1_0.equipment_id=?
2026-03-04T23:54:22.634+01:00 DEBUG 21940 --- [medical-service] [http-nio-18086-exec-2] org.hibernate.SQL                        : 
    select
        l1_0.equipment_id,
        l1_0.id,
        l1_0.borrower_id,
        l1_0.due_date,
        l1_0.loan_date,
        l1_0.notes,
        l1_0.purpose,
        l1_0.return_date,
        l1_0.status 
    from
        equipment_loans l1_0 
    where
        l1_0.equipment_id=?
2026-03-04T23:54:22.792+01:00 DEBUG 21940 --- [medical-service] [http-nio-18086-exec-2] org.hibernate.SQL                        : 
    select
        l1_0.equipment_id,
        l1_0.id,
        l1_0.borrower_id,
        l1_0.due_date,
        l1_0.loan_date,
        l1_0.notes,
        l1_0.purpose,
        l1_0.return_date,
        l1_0.status 
    from
        equipment_loans l1_0 
    where
        l1_0.equipment_id=?
2026-03-04T23:54:22.864+01:00 DEBUG 21940 --- [medical-service] [http-nio-18086-exec-2] org.hibernate.SQL                        : 
    select
        l1_0.equipment_id,
        l1_0.id,
        l1_0.borrower_id,
        l1_0.due_date,
        l1_0.loan_date,
        l1_0.notes,
        l1_0.purpose,
        l1_0.return_date,
        l1_0.status 
    from
        equipment_loans l1_0 
    where
        l1_0.equipment_id=?
2026-03-04T23:54:22.925+01:00 DEBUG 21940 --- [medical-service] [http-nio-18086-exec-2] org.hibernate.SQL                        : 
    select
        l1_0.equipment_id,
        l1_0.id,
        l1_0.borrower_id,
        l1_0.due_date,
        l1_0.loan_date,
        l1_0.notes,
        l1_0.purpose,
        l1_0.return_date,
        l1_0.status 
    from
        equipment_loans l1_0 
    where
        l1_0.equipment_id=?
2026-03-04T23:54:22.989+01:00 DEBUG 21940 --- [medical-service] [http-nio-18086-exec-2] org.hibernate.SQL                        : 
    select
        l1_0.equipment_id,
        l1_0.id,
        l1_0.borrower_id,
        l1_0.due_date,
        l1_0.loan_date,
        l1_0.notes,
        l1_0.purpose,
        l1_0.return_date,
        l1_0.status 
    from
        equipment_loans l1_0 
    where
        l1_0.equipment_id=?
2026-03-04T23:54:23.089+01:00 DEBUG 21940 --- [medical-service] [http-nio-18086-exec-2] org.hibernate.SQL                        : 
    select
        l1_0.equipment_id,
        l1_0.id,
        l1_0.borrower_id,
        l1_0.due_date,
        l1_0.loan_date,
        l1_0.notes,
        l1_0.purpose,
        l1_0.return_date,
        l1_0.status 
    from
        equipment_loans l1_0 
    where
        l1_0.equipment_id=?
2026-03-04T23:54:23.154+01:00 DEBUG 21940 --- [medical-service] [http-nio-18086-exec-2] org.hibernate.SQL                        : 
    select
        l1_0.equipment_id,
        l1_0.id,
        l1_0.borrower_id,
        l1_0.due_date,
        l1_0.loan_date,
        l1_0.notes,
        l1_0.purpose,
        l1_0.return_date,
        l1_0.status 
    from
        equipment_loans l1_0 
    where
        l1_0.equipment_id=?
2026-03-04T23:54:23.275+01:00 DEBUG 21940 --- [medical-service] [http-nio-18086-exec-2] org.hibernate.SQL                        : 
    select
        l1_0.equipment_id,
        l1_0.id,
        l1_0.borrower_id,
        l1_0.due_date,
        l1_0.loan_date,
        l1_0.notes,
        l1_0.purpose,
        l1_0.return_date,
        l1_0.status 
    from
        equipment_loans l1_0 
    where
        l1_0.equipment_id=?
2026-03-04T23:54:23.347+01:00 DEBUG 21940 --- [medical-service] [http-nio-18086-exec-2] org.hibernate.SQL                        : 
    select
        l1_0.equipment_id,
        l1_0.id,
        l1_0.borrower_id,
        l1_0.due_date,
        l1_0.loan_date,
        l1_0.notes,
        l1_0.purpose,
        l1_0.return_date,
        l1_0.status 
    from
        equipment_loans l1_0 
    where
        l1_0.equipment_id=?
2026-03-04T23:54:23.409+01:00 DEBUG 21940 --- [medical-service] [http-nio-18086-exec-2] org.hibernate.SQL                        : 
    select
        l1_0.equipment_id,
        l1_0.id,
        l1_0.borrower_id,
        l1_0.due_date,
        l1_0.loan_date,
        l1_0.notes,
        l1_0.purpose,
        l1_0.return_date,
        l1_0.status 
    from
        equipment_loans l1_0 
    where
        l1_0.equipment_id=?
2026-03-04T23:54:23.463+01:00 DEBUG 21940 --- [medical-service] [http-nio-18086-exec-2] org.hibernate.SQL                        : 
    select
        l1_0.equipment_id,
        l1_0.id,
        l1_0.borrower_id,
        l1_0.due_date,
        l1_0.loan_date,
        l1_0.notes,
        l1_0.purpose,
        l1_0.return_date,
        l1_0.status 
    from
        equipment_loans l1_0 
    where
        l1_0.equipment_id=?
2026-03-04T23:54:23.519+01:00 DEBUG 21940 --- [medical-service] [http-nio-18086-exec-2] org.hibernate.SQL                        : 
    select
        l1_0.equipment_id,
        l1_0.id,
        l1_0.borrower_id,
        l1_0.due_date,
        l1_0.loan_date,
        l1_0.notes,
        l1_0.purpose,
        l1_0.return_date,
        l1_0.status 
    from
        equipment_loans l1_0 
    where
        l1_0.equipment_id=?
2026-03-04T23:54:23.629+01:00 DEBUG 21940 --- [medical-service] [http-nio-18086-exec-2] o.s.w.s.m.m.a.HttpEntityMethodProcessor  : Using 'application/json', given [application/json, text/plain, */*] and supported [application/json, application/*+json]
2026-03-04T23:54:23.630+01:00 DEBUG 21940 --- [medical-service] [http-nio-18086-exec-2] o.s.w.s.m.m.a.HttpEntityMethodProcessor  : Writing [[EquipmentDTO(id=40, name=Standard Wheelchair, description=Folding wheelchair with footrests, 18" se (truncated)...]
2026-03-04T23:54:23.644+01:00 DEBUG 21940 --- [medical-service] [http-nio-18086-exec-2] o.s.web.servlet.DispatcherServlet        : Completed 200 OK
2026-03-04T23:54:23.675+01:00 DEBUG 21940 --- [medical-service] [DiscoveryClient-CacheRefreshExecutor-%d] o.s.web.client.RestTemplate              : HTTP GET http://localhost:8761/eureka/apps/delta
2026-03-04T23:54:23.675+01:00 DEBUG 21940 --- [medical-service] [DiscoveryClient-CacheRefreshExecutor-%d] o.s.web.client.RestTemplate              : Accept=[application/json, application/*+json]
2026-03-04T23:54:23.675+01:00 DEBUG 21940 --- [medical-service] [DiscoveryClient-HeartbeatExecutor-%d] o.s.web.client.RestTemplate              : HTTP PUT http://localhost:8761/eureka/apps/MEDICAL-SERVICE/DESKTOP-I0BIKTH:medical-service:18086?status=UP&lastDirtyTimestamp=1772664833678
2026-03-04T23:54:23.683+01:00 DEBUG 21940 --- [medical-service] [DiscoveryClient-HeartbeatExecutor-%d] o.s.web.client.RestTemplate              : Accept=[application/json, application/*+json]
2026-03-04T23:54:23.691+01:00 DEBUG 21940 --- [medical-service] [DiscoveryClient-CacheRefreshExecutor-%d] o.s.web.client.RestTemplate              : Response 200 OK
2026-03-04T23:54:23.691+01:00 DEBUG 21940 --- [medical-service] [DiscoveryClient-HeartbeatExecutor-%d] o.s.web.client.RestTemplate              : Response 200 OK
2026-03-04T23:54:23.692+01:00 DEBUG 21940 --- [medical-service] [DiscoveryClient-CacheRefreshExecutor-%d] o.s.web.client.RestTemplate              : Reading to [org.springframework.cloud.netflix.eureka.http.EurekaApplications]
2026-03-04T23:54:33.866+01:00 DEBUG 21940 --- [medical-service] [http-nio-18086-exec-7] o.s.web.servlet.DispatcherServlet        : GET "/api/medical/equipment/available", parameters={}
2026-03-04T23:54:33.867+01:00 DEBUG 21940 --- [medical-service] [http-nio-18086-exec-7] s.w.s.m.m.a.RequestMappingHandlerMapping : Mapped to org.techhive.medicalservice.controller.EquipmentController#getAvailableEquipment()
2026-03-04T23:54:33.868+01:00 DEBUG 21940 --- [medical-service] [http-nio-18086-exec-10] o.s.web.servlet.DispatcherServlet        : GET "/api/medical/loans/borrower/27/active", parameters={}
2026-03-04T23:54:33.868+01:00 DEBUG 21940 --- [medical-service] [http-nio-18086-exec-10] s.w.s.m.m.a.RequestMappingHandlerMapping : Mapped to org.techhive.medicalservice.controller.EquipmentLoanController#getActiveLoansByBorrower(Long)
2026-03-04T23:54:33.870+01:00 DEBUG 21940 --- [medical-service] [http-nio-18086-exec-1] o.s.web.servlet.DispatcherServlet        : GET "/api/medical/loans/borrower/27", parameters={}
2026-03-04T23:54:33.871+01:00 DEBUG 21940 --- [medical-service] [http-nio-18086-exec-1] s.w.s.m.m.a.RequestMappingHandlerMapping : Mapped to org.techhive.medicalservice.controller.EquipmentLoanController#getLoansByBorrowerId(Long)
2026-03-04T23:54:33.873+01:00 DEBUG 21940 --- [medical-service] [http-nio-18086-exec-5] o.s.web.servlet.DispatcherServlet        : GET "/api/medical/loans/borrower/27/active/count", parameters={}
2026-03-04T23:54:33.874+01:00 DEBUG 21940 --- [medical-service] [http-nio-18086-exec-5] s.w.s.m.m.a.RequestMappingHandlerMapping : Mapped to org.techhive.medicalservice.controller.EquipmentLoanController#countActiveLoansByBorrower(Long)
2026-03-04T23:54:33.930+01:00  INFO 21940 --- [medical-service] [http-nio-18086-exec-10] o.t.m.c.EquipmentLoanController          : Fetching active loans for borrower ID: 27
2026-03-04T23:54:33.932+01:00  INFO 21940 --- [medical-service] [http-nio-18086-exec-7] o.t.m.controller.EquipmentController     : Fetching available equipment
2026-03-04T23:54:33.932+01:00 DEBUG 21940 --- [medical-service] [http-nio-18086-exec-10] org.hibernate.SQL                        : 
    select
        el1_0.id,
        el1_0.borrower_id,
        el1_0.due_date,
        el1_0.equipment_id,
        el1_0.loan_date,
        el1_0.notes,
        el1_0.purpose,
        el1_0.return_date,
        el1_0.status 
    from
        equipment_loans el1_0 
    where
        el1_0.borrower_id=? 
        and el1_0.status=?
2026-03-04T23:54:33.939+01:00 DEBUG 21940 --- [medical-service] [http-nio-18086-exec-7] org.hibernate.SQL                        : 
    select
        e1_0.id,
        e1_0.category,
        e1_0.condition,
        e1_0.description,
        e1_0.donation_date,
        e1_0.donor_id,
        e1_0.name,
        e1_0.status 
    from
        equipments e1_0 
    where
        e1_0.status='AVAILABLE'
2026-03-04T23:54:33.939+01:00  INFO 21940 --- [medical-service] [http-nio-18086-exec-5] o.t.m.c.EquipmentLoanController          : Counting active loans for borrower ID: 27
2026-03-04T23:54:33.944+01:00  INFO 21940 --- [medical-service] [http-nio-18086-exec-1] o.t.m.c.EquipmentLoanController          : Fetching loans for borrower ID: 27
2026-03-04T23:54:33.946+01:00 DEBUG 21940 --- [medical-service] [http-nio-18086-exec-1] org.hibernate.SQL                        : 
    select
        el1_0.id,
        el1_0.borrower_id,
        el1_0.due_date,
        el1_0.equipment_id,
        el1_0.loan_date,
        el1_0.notes,
        el1_0.purpose,
        el1_0.return_date,
        el1_0.status 
    from
        equipment_loans el1_0 
    where
        el1_0.borrower_id=?
2026-03-04T23:54:33.948+01:00 DEBUG 21940 --- [medical-service] [http-nio-18086-exec-5] org.hibernate.SQL                        : 
    select
        count(el1_0.id) 
    from
        equipment_loans el1_0 
    where
        el1_0.borrower_id=? 
        and el1_0.status=?
2026-03-04T23:54:34.062+01:00 DEBUG 21940 --- [medical-service] [http-nio-18086-exec-10] o.s.w.s.m.m.a.HttpEntityMethodProcessor  : Using 'application/json', given [application/json, text/plain, */*] and supported [application/json, application/*+json]
2026-03-04T23:54:34.062+01:00 DEBUG 21940 --- [medical-service] [http-nio-18086-exec-5] o.s.w.s.m.m.a.HttpEntityMethodProcessor  : Using 'application/json', given [application/json, text/plain, */*] and supported [application/json, application/*+json]
2026-03-04T23:54:34.062+01:00 DEBUG 21940 --- [medical-service] [http-nio-18086-exec-10] o.s.w.s.m.m.a.HttpEntityMethodProcessor  : Writing [[]]
2026-03-04T23:54:34.062+01:00 DEBUG 21940 --- [medical-service] [http-nio-18086-exec-5] o.s.w.s.m.m.a.HttpEntityMethodProcessor  : Writing [0]
2026-03-04T23:54:34.063+01:00 DEBUG 21940 --- [medical-service] [http-nio-18086-exec-5] o.s.web.servlet.DispatcherServlet        : Completed 200 OK
2026-03-04T23:54:34.063+01:00 DEBUG 21940 --- [medical-service] [http-nio-18086-exec-10] o.s.web.servlet.DispatcherServlet        : Completed 200 OK
2026-03-04T23:54:34.074+01:00 DEBUG 21940 --- [medical-service] [http-nio-18086-exec-1] o.s.w.s.m.m.a.HttpEntityMethodProcessor  : Using 'application/json', given [application/json, text/plain, */*] and supported [application/json, application/*+json]
2026-03-04T23:54:34.074+01:00 DEBUG 21940 --- [medical-service] [http-nio-18086-exec-1] o.s.w.s.m.m.a.HttpEntityMethodProcessor  : Writing [[]]
2026-03-04T23:54:34.075+01:00 DEBUG 21940 --- [medical-service] [http-nio-18086-exec-1] o.s.web.servlet.DispatcherServlet        : Completed 200 OK
2026-03-04T23:54:34.082+01:00 DEBUG 21940 --- [medical-service] [http-nio-18086-exec-7] org.hibernate.SQL                        : 
    select
        l1_0.equipment_id,
        l1_0.id,
        l1_0.borrower_id,
        l1_0.due_date,
        l1_0.loan_date,
        l1_0.notes,
        l1_0.purpose,
        l1_0.return_date,
        l1_0.status 
    from
        equipment_loans l1_0 
    where
        l1_0.equipment_id=?
2026-03-04T23:54:34.144+01:00 DEBUG 21940 --- [medical-service] [http-nio-18086-exec-7] org.hibernate.SQL                        : 
    select
        l1_0.equipment_id,
        l1_0.id,
        l1_0.borrower_id,
        l1_0.due_date,
        l1_0.loan_date,
        l1_0.notes,
        l1_0.purpose,
        l1_0.return_date,
        l1_0.status 
    from
        equipment_loans l1_0 
    where
        l1_0.equipment_id=?
2026-03-04T23:54:34.205+01:00 DEBUG 21940 --- [medical-service] [http-nio-18086-exec-7] org.hibernate.SQL                        : 
    select
        l1_0.equipment_id,
        l1_0.id,
        l1_0.borrower_id,
        l1_0.due_date,
        l1_0.loan_date,
        l1_0.notes,
        l1_0.purpose,
        l1_0.return_date,
        l1_0.status 
    from
        equipment_loans l1_0 
    where
        l1_0.equipment_id=?
2026-03-04T23:54:34.269+01:00 DEBUG 21940 --- [medical-service] [http-nio-18086-exec-7] org.hibernate.SQL                        : 
    select
        l1_0.equipment_id,
        l1_0.id,
        l1_0.borrower_id,
        l1_0.due_date,
        l1_0.loan_date,
        l1_0.notes,
        l1_0.purpose,
        l1_0.return_date,
        l1_0.status 
    from
        equipment_loans l1_0 
    where
        l1_0.equipment_id=?
2026-03-04T23:54:34.342+01:00 DEBUG 21940 --- [medical-service] [http-nio-18086-exec-7] org.hibernate.SQL                        : 
    select
        l1_0.equipment_id,
        l1_0.id,
        l1_0.borrower_id,
        l1_0.due_date,
        l1_0.loan_date,
        l1_0.notes,
        l1_0.purpose,
        l1_0.return_date,
        l1_0.status 
    from
        equipment_loans l1_0 
    where
        l1_0.equipment_id=?
2026-03-04T23:54:34.403+01:00 DEBUG 21940 --- [medical-service] [http-nio-18086-exec-7] org.hibernate.SQL                        : 
    select
        l1_0.equipment_id,
        l1_0.id,
        l1_0.borrower_id,
        l1_0.due_date,
        l1_0.loan_date,
        l1_0.notes,
        l1_0.purpose,
        l1_0.return_date,
        l1_0.status 
    from
        equipment_loans l1_0 
    where
        l1_0.equipment_id=?
2026-03-04T23:54:34.468+01:00 DEBUG 21940 --- [medical-service] [http-nio-18086-exec-7] org.hibernate.SQL                        : 
    select
        l1_0.equipment_id,
        l1_0.id,
        l1_0.borrower_id,
        l1_0.due_date,
        l1_0.loan_date,
        l1_0.notes,
        l1_0.purpose,
        l1_0.return_date,
        l1_0.status 
    from
        equipment_loans l1_0 
    where
        l1_0.equipment_id=?
2026-03-04T23:54:34.524+01:00 DEBUG 21940 --- [medical-service] [http-nio-18086-exec-7] org.hibernate.SQL                        : 
    select
        l1_0.equipment_id,
        l1_0.id,
        l1_0.borrower_id,
        l1_0.due_date,
        l1_0.loan_date,
        l1_0.notes,
        l1_0.purpose,
        l1_0.return_date,
        l1_0.status 
    from
        equipment_loans l1_0 
    where
        l1_0.equipment_id=?
2026-03-04T23:54:34.583+01:00 DEBUG 21940 --- [medical-service] [http-nio-18086-exec-7] org.hibernate.SQL                        : 
    select
        l1_0.equipment_id,
        l1_0.id,
        l1_0.borrower_id,
        l1_0.due_date,
        l1_0.loan_date,
        l1_0.notes,
        l1_0.purpose,
        l1_0.return_date,
        l1_0.status 
    from
        equipment_loans l1_0 
    where
        l1_0.equipment_id=?
2026-03-04T23:54:34.643+01:00 DEBUG 21940 --- [medical-service] [http-nio-18086-exec-7] org.hibernate.SQL                        : 
    select
        l1_0.equipment_id,
        l1_0.id,
        l1_0.borrower_id,
        l1_0.due_date,
        l1_0.loan_date,
        l1_0.notes,
        l1_0.purpose,
        l1_0.return_date,
        l1_0.status 
    from
        equipment_loans l1_0 
    where
        l1_0.equipment_id=?
2026-03-04T23:54:34.703+01:00 DEBUG 21940 --- [medical-service] [http-nio-18086-exec-7] org.hibernate.SQL                        : 
    select
        l1_0.equipment_id,
        l1_0.id,
        l1_0.borrower_id,
        l1_0.due_date,
        l1_0.loan_date,
        l1_0.notes,
        l1_0.purpose,
        l1_0.return_date,
        l1_0.status 
    from
        equipment_loans l1_0 
    where
        l1_0.equipment_id=?
2026-03-04T23:54:34.768+01:00 DEBUG 21940 --- [medical-service] [http-nio-18086-exec-7] org.hibernate.SQL                        : 
    select
        l1_0.equipment_id,
        l1_0.id,
        l1_0.borrower_id,
        l1_0.due_date,
        l1_0.loan_date,
        l1_0.notes,
        l1_0.purpose,
        l1_0.return_date,
        l1_0.status 
    from
        equipment_loans l1_0 
    where
        l1_0.equipment_id=?
2026-03-04T23:54:34.824+01:00 DEBUG 21940 --- [medical-service] [http-nio-18086-exec-7] org.hibernate.SQL                        : 
    select
        l1_0.equipment_id,
        l1_0.id,
        l1_0.borrower_id,
        l1_0.due_date,
        l1_0.loan_date,
        l1_0.notes,
        l1_0.purpose,
        l1_0.return_date,
        l1_0.status 
    from
        equipment_loans l1_0 
    where
        l1_0.equipment_id=?
2026-03-04T23:54:34.883+01:00 DEBUG 21940 --- [medical-service] [http-nio-18086-exec-7] org.hibernate.SQL                        : 
    select
        l1_0.equipment_id,
        l1_0.id,
        l1_0.borrower_id,
        l1_0.due_date,
        l1_0.loan_date,
        l1_0.notes,
        l1_0.purpose,
        l1_0.return_date,
        l1_0.status 
    from
        equipment_loans l1_0 
    where
        l1_0.equipment_id=?
2026-03-04T23:54:34.950+01:00 DEBUG 21940 --- [medical-service] [http-nio-18086-exec-7] org.hibernate.SQL                        : 
    select
        l1_0.equipment_id,
        l1_0.id,
        l1_0.borrower_id,
        l1_0.due_date,
        l1_0.loan_date,
        l1_0.notes,
        l1_0.purpose,
        l1_0.return_date,
        l1_0.status 
    from
        equipment_loans l1_0 
    where
        l1_0.equipment_id=?
2026-03-04T23:54:35.003+01:00 DEBUG 21940 --- [medical-service] [http-nio-18086-exec-7] org.hibernate.SQL                        : 
    select
        l1_0.equipment_id,
        l1_0.id,
        l1_0.borrower_id,
        l1_0.due_date,
        l1_0.loan_date,
        l1_0.notes,
        l1_0.purpose,
        l1_0.return_date,
        l1_0.status 
    from
        equipment_loans l1_0 
    where
        l1_0.equipment_id=?
2026-03-04T23:54:35.064+01:00 DEBUG 21940 --- [medical-service] [http-nio-18086-exec-7] org.hibernate.SQL                        : 
    select
        l1_0.equipment_id,
        l1_0.id,
        l1_0.borrower_id,
        l1_0.due_date,
        l1_0.loan_date,
        l1_0.notes,
        l1_0.purpose,
        l1_0.return_date,
        l1_0.status 
    from
        equipment_loans l1_0 
    where
        l1_0.equipment_id=?
2026-03-04T23:54:35.126+01:00 DEBUG 21940 --- [medical-service] [http-nio-18086-exec-7] org.hibernate.SQL                        : 
    select
        l1_0.equipment_id,
        l1_0.id,
        l1_0.borrower_id,
        l1_0.due_date,
        l1_0.loan_date,
        l1_0.notes,
        l1_0.purpose,
        l1_0.return_date,
        l1_0.status 
    from
        equipment_loans l1_0 
    where
        l1_0.equipment_id=?
2026-03-04T23:54:35.183+01:00 DEBUG 21940 --- [medical-service] [http-nio-18086-exec-7] org.hibernate.SQL                        : 
    select
        l1_0.equipment_id,
        l1_0.id,
        l1_0.borrower_id,
        l1_0.due_date,
        l1_0.loan_date,
        l1_0.notes,
        l1_0.purpose,
        l1_0.return_date,
        l1_0.status 
    from
        equipment_loans l1_0 
    where
        l1_0.equipment_id=?
2026-03-04T23:54:35.239+01:00 DEBUG 21940 --- [medical-service] [http-nio-18086-exec-7] org.hibernate.SQL                        : 
    select
        l1_0.equipment_id,
        l1_0.id,
        l1_0.borrower_id,
        l1_0.due_date,
        l1_0.loan_date,
        l1_0.notes,
        l1_0.purpose,
        l1_0.return_date,
        l1_0.status 
    from
        equipment_loans l1_0 
    where
        l1_0.equipment_id=?
2026-03-04T23:54:35.303+01:00 DEBUG 21940 --- [medical-service] [http-nio-18086-exec-7] org.hibernate.SQL                        : 
    select
        l1_0.equipment_id,
        l1_0.id,
        l1_0.borrower_id,
        l1_0.due_date,
        l1_0.loan_date,
        l1_0.notes,
        l1_0.purpose,
        l1_0.return_date,
        l1_0.status 
    from
        equipment_loans l1_0 
    where
        l1_0.equipment_id=?
2026-03-04T23:54:35.363+01:00 DEBUG 21940 --- [medical-service] [http-nio-18086-exec-7] org.hibernate.SQL                        : 
    select
        l1_0.equipment_id,
        l1_0.id,
        l1_0.borrower_id,
        l1_0.due_date,
        l1_0.loan_date,
        l1_0.notes,
        l1_0.purpose,
        l1_0.return_date,
        l1_0.status 
    from
        equipment_loans l1_0 
    where
        l1_0.equipment_id=?
2026-03-04T23:54:35.440+01:00 DEBUG 21940 --- [medical-service] [http-nio-18086-exec-7] org.hibernate.SQL                        : 
    select
        l1_0.equipment_id,
        l1_0.id,
        l1_0.borrower_id,
        l1_0.due_date,
        l1_0.loan_date,
        l1_0.notes,
        l1_0.purpose,
        l1_0.return_date,
        l1_0.status 
    from
        equipment_loans l1_0 
    where
        l1_0.equipment_id=?
2026-03-04T23:54:35.503+01:00 DEBUG 21940 --- [medical-service] [http-nio-18086-exec-7] org.hibernate.SQL                        : 
    select
        l1_0.equipment_id,
        l1_0.id,
        l1_0.borrower_id,
        l1_0.due_date,
        l1_0.loan_date,
        l1_0.notes,
        l1_0.purpose,
        l1_0.return_date,
        l1_0.status 
    from
        equipment_loans l1_0 
    where
        l1_0.equipment_id=?
2026-03-04T23:54:35.563+01:00 DEBUG 21940 --- [medical-service] [http-nio-18086-exec-7] org.hibernate.SQL                        : 
    select
        l1_0.equipment_id,
        l1_0.id,
        l1_0.borrower_id,
        l1_0.due_date,
        l1_0.loan_date,
        l1_0.notes,
        l1_0.purpose,
        l1_0.return_date,
        l1_0.status 
    from
        equipment_loans l1_0 
    where
        l1_0.equipment_id=?
2026-03-04T23:54:35.620+01:00 DEBUG 21940 --- [medical-service] [http-nio-18086-exec-7] org.hibernate.SQL                        : 
    select
        l1_0.equipment_id,
        l1_0.id,
        l1_0.borrower_id,
        l1_0.due_date,
        l1_0.loan_date,
        l1_0.notes,
        l1_0.purpose,
        l1_0.return_date,
        l1_0.status 
    from
        equipment_loans l1_0 
    where
        l1_0.equipment_id=?
2026-03-04T23:54:35.678+01:00 DEBUG 21940 --- [medical-service] [http-nio-18086-exec-7] org.hibernate.SQL                        : 
    select
        l1_0.equipment_id,
        l1_0.id,
        l1_0.borrower_id,
        l1_0.due_date,
        l1_0.loan_date,
        l1_0.notes,
        l1_0.purpose,
        l1_0.return_date,
        l1_0.status 
    from
        equipment_loans l1_0 
    where
        l1_0.equipment_id=?
2026-03-04T23:54:35.748+01:00 DEBUG 21940 --- [medical-service] [http-nio-18086-exec-7] org.hibernate.SQL                        : 
    select
        l1_0.equipment_id,
        l1_0.id,
        l1_0.borrower_id,
        l1_0.due_date,
        l1_0.loan_date,
        l1_0.notes,
        l1_0.purpose,
        l1_0.return_date,
        l1_0.status 
    from
        equipment_loans l1_0 
    where
        l1_0.equipment_id=?
2026-03-04T23:54:35.803+01:00 DEBUG 21940 --- [medical-service] [http-nio-18086-exec-7] org.hibernate.SQL                        : 
    select
        l1_0.equipment_id,
        l1_0.id,
        l1_0.borrower_id,
        l1_0.due_date,
        l1_0.loan_date,
        l1_0.notes,
        l1_0.purpose,
        l1_0.return_date,
        l1_0.status 
    from
        equipment_loans l1_0 
    where
        l1_0.equipment_id=?
2026-03-04T23:54:35.883+01:00 DEBUG 21940 --- [medical-service] [http-nio-18086-exec-7] org.hibernate.SQL                        : 
    select
        l1_0.equipment_id,
        l1_0.id,
        l1_0.borrower_id,
        l1_0.due_date,
        l1_0.loan_date,
        l1_0.notes,
        l1_0.purpose,
        l1_0.return_date,
        l1_0.status 
    from
        equipment_loans l1_0 
    where
        l1_0.equipment_id=?
2026-03-04T23:54:35.943+01:00 DEBUG 21940 --- [medical-service] [http-nio-18086-exec-7] org.hibernate.SQL                        : 
    select
        l1_0.equipment_id,
        l1_0.id,
        l1_0.borrower_id,
        l1_0.due_date,
        l1_0.loan_date,
        l1_0.notes,
        l1_0.purpose,
        l1_0.return_date,
        l1_0.status 
    from
        equipment_loans l1_0 
    where
        l1_0.equipment_id=?
2026-03-04T23:54:36.004+01:00 DEBUG 21940 --- [medical-service] [http-nio-18086-exec-7] org.hibernate.SQL                        : 
    select
        l1_0.equipment_id,
        l1_0.id,
        l1_0.borrower_id,
        l1_0.due_date,
        l1_0.loan_date,
        l1_0.notes,
        l1_0.purpose,
        l1_0.return_date,
        l1_0.status 
    from
        equipment_loans l1_0 
    where
        l1_0.equipment_id=?
2026-03-04T23:54:36.064+01:00 DEBUG 21940 --- [medical-service] [http-nio-18086-exec-7] org.hibernate.SQL                        : 
    select
        l1_0.equipment_id,
        l1_0.id,
        l1_0.borrower_id,
        l1_0.due_date,
        l1_0.loan_date,
        l1_0.notes,
        l1_0.purpose,
        l1_0.return_date,
        l1_0.status 
    from
        equipment_loans l1_0 
    where
        l1_0.equipment_id=?
2026-03-04T23:54:36.143+01:00 DEBUG 21940 --- [medical-service] [http-nio-18086-exec-7] org.hibernate.SQL                        : 
    select
        l1_0.equipment_id,
        l1_0.id,
        l1_0.borrower_id,
        l1_0.due_date,
        l1_0.loan_date,
        l1_0.notes,
        l1_0.purpose,
        l1_0.return_date,
        l1_0.status 
    from
        equipment_loans l1_0 
    where
        l1_0.equipment_id=?
2026-03-04T23:54:36.358+01:00 DEBUG 21940 --- [medical-service] [http-nio-18086-exec-7] org.hibernate.SQL                        : 
    select
        l1_0.equipment_id,
        l1_0.id,
        l1_0.borrower_id,
        l1_0.due_date,
        l1_0.loan_date,
        l1_0.notes,
        l1_0.purpose,
        l1_0.return_date,
        l1_0.status 
    from
        equipment_loans l1_0 
    where
        l1_0.equipment_id=?
2026-03-04T23:54:36.457+01:00 DEBUG 21940 --- [medical-service] [http-nio-18086-exec-7] org.hibernate.SQL                        : 
    select
        l1_0.equipment_id,
        l1_0.id,
        l1_0.borrower_id,
        l1_0.due_date,
        l1_0.loan_date,
        l1_0.notes,
        l1_0.purpose,
        l1_0.return_date,
        l1_0.status 
    from
        equipment_loans l1_0 
    where
        l1_0.equipment_id=?
2026-03-04T23:54:36.544+01:00 DEBUG 21940 --- [medical-service] [http-nio-18086-exec-7] org.hibernate.SQL                        : 
    select
        l1_0.equipment_id,
        l1_0.id,
        l1_0.borrower_id,
        l1_0.due_date,
        l1_0.loan_date,
        l1_0.notes,
        l1_0.purpose,
        l1_0.return_date,
        l1_0.status 
    from
        equipment_loans l1_0 
    where
        l1_0.equipment_id=?
2026-03-04T23:54:36.621+01:00 DEBUG 21940 --- [medical-service] [http-nio-18086-exec-7] org.hibernate.SQL                        : 
    select
        l1_0.equipment_id,
        l1_0.id,
        l1_0.borrower_id,
        l1_0.due_date,
        l1_0.loan_date,
        l1_0.notes,
        l1_0.purpose,
        l1_0.return_date,
        l1_0.status 
    from
        equipment_loans l1_0 
    where
        l1_0.equipment_id=?
2026-03-04T23:54:36.684+01:00 DEBUG 21940 --- [medical-service] [http-nio-18086-exec-7] org.hibernate.SQL                        : 
    select
        l1_0.equipment_id,
        l1_0.id,
        l1_0.borrower_id,
        l1_0.due_date,
        l1_0.loan_date,
        l1_0.notes,
        l1_0.purpose,
        l1_0.return_date,
        l1_0.status 
    from
        equipment_loans l1_0 
    where
        l1_0.equipment_id=?
2026-03-04T23:54:36.746+01:00 DEBUG 21940 --- [medical-service] [http-nio-18086-exec-7] org.hibernate.SQL                        : 
    select
        l1_0.equipment_id,
        l1_0.id,
        l1_0.borrower_id,
        l1_0.due_date,
        l1_0.loan_date,
        l1_0.notes,
        l1_0.purpose,
        l1_0.return_date,
        l1_0.status 
    from
        equipment_loans l1_0 
    where
        l1_0.equipment_id=?
2026-03-04T23:54:36.814+01:00 DEBUG 21940 --- [medical-service] [http-nio-18086-exec-7] org.hibernate.SQL                        : 
    select
        l1_0.equipment_id,
        l1_0.id,
        l1_0.borrower_id,
        l1_0.due_date,
        l1_0.loan_date,
        l1_0.notes,
        l1_0.purpose,
        l1_0.return_date,
        l1_0.status 
    from
        equipment_loans l1_0 
    where
        l1_0.equipment_id=?
2026-03-04T23:54:37.043+01:00 DEBUG 21940 --- [medical-service] [http-nio-18086-exec-7] org.hibernate.SQL                        : 
    select
        l1_0.equipment_id,
        l1_0.id,
        l1_0.borrower_id,
        l1_0.due_date,
        l1_0.loan_date,
        l1_0.notes,
        l1_0.purpose,
        l1_0.return_date,
        l1_0.status 
    from
        equipment_loans l1_0 
    where
        l1_0.equipment_id=?
2026-03-04T23:54:37.400+01:00 DEBUG 21940 --- [medical-service] [http-nio-18086-exec-7] org.hibernate.SQL                        : 
    select
        l1_0.equipment_id,
        l1_0.id,
        l1_0.borrower_id,
        l1_0.due_date,
        l1_0.loan_date,
        l1_0.notes,
        l1_0.purpose,
        l1_0.return_date,
        l1_0.status 
    from
        equipment_loans l1_0 
    where
        l1_0.equipment_id=?
2026-03-04T23:54:37.743+01:00 DEBUG 21940 --- [medical-service] [http-nio-18086-exec-7] org.hibernate.SQL                        : 
    select
        l1_0.equipment_id,
        l1_0.id,
        l1_0.borrower_id,
        l1_0.due_date,
        l1_0.loan_date,
        l1_0.notes,
        l1_0.purpose,
        l1_0.return_date,
        l1_0.status 
    from
        equipment_loans l1_0 
    where
        l1_0.equipment_id=?
2026-03-04T23:54:37.903+01:00 DEBUG 21940 --- [medical-service] [http-nio-18086-exec-7] org.hibernate.SQL                        : 
    select
        l1_0.equipment_id,
        l1_0.id,
        l1_0.borrower_id,
        l1_0.due_date,
        l1_0.loan_date,
        l1_0.notes,
        l1_0.purpose,
        l1_0.return_date,
        l1_0.status 
    from
        equipment_loans l1_0 
    where
        l1_0.equipment_id=?
2026-03-04T23:54:38.093+01:00 DEBUG 21940 --- [medical-service] [http-nio-18086-exec-7] org.hibernate.SQL                        : 
    select
        l1_0.equipment_id,
        l1_0.id,
        l1_0.borrower_id,
        l1_0.due_date,
        l1_0.loan_date,
        l1_0.notes,
        l1_0.purpose,
        l1_0.return_date,
        l1_0.status 
    from
        equipment_loans l1_0 
    where
        l1_0.equipment_id=?
2026-03-04T23:54:38.200+01:00 DEBUG 21940 --- [medical-service] [http-nio-18086-exec-7] org.hibernate.SQL                        : 
    select
        l1_0.equipment_id,
        l1_0.id,
        l1_0.borrower_id,
        l1_0.due_date,
        l1_0.loan_date,
        l1_0.notes,
        l1_0.purpose,
        l1_0.return_date,
        l1_0.status 
    from
        equipment_loans l1_0 
    where
        l1_0.equipment_id=?
2026-03-04T23:54:38.268+01:00 DEBUG 21940 --- [medical-service] [http-nio-18086-exec-7] org.hibernate.SQL                        : 
    select
        l1_0.equipment_id,
        l1_0.id,
        l1_0.borrower_id,
        l1_0.due_date,
        l1_0.loan_date,
        l1_0.notes,
        l1_0.purpose,
        l1_0.return_date,
        l1_0.status 
    from
        equipment_loans l1_0 
    where
        l1_0.equipment_id=?
2026-03-04T23:54:38.331+01:00 DEBUG 21940 --- [medical-service] [http-nio-18086-exec-7] org.hibernate.SQL                        : 
    select
        l1_0.equipment_id,
        l1_0.id,
        l1_0.borrower_id,
        l1_0.due_date,
        l1_0.loan_date,
        l1_0.notes,
        l1_0.purpose,
        l1_0.return_date,
        l1_0.status 
    from
        equipment_loans l1_0 
    where
        l1_0.equipment_id=?
2026-03-04T23:54:38.410+01:00 DEBUG 21940 --- [medical-service] [http-nio-18086-exec-7] org.hibernate.SQL                        : 
    select
        l1_0.equipment_id,
        l1_0.id,
        l1_0.borrower_id,
        l1_0.due_date,
        l1_0.loan_date,
        l1_0.notes,
        l1_0.purpose,
        l1_0.return_date,
        l1_0.status 
    from
        equipment_loans l1_0 
    where
        l1_0.equipment_id=?
2026-03-04T23:54:38.468+01:00 DEBUG 21940 --- [medical-service] [http-nio-18086-exec-7] org.hibernate.SQL                        : 
    select
        l1_0.equipment_id,
        l1_0.id,
        l1_0.borrower_id,
        l1_0.due_date,
        l1_0.loan_date,
        l1_0.notes,
        l1_0.purpose,
        l1_0.return_date,
        l1_0.status 
    from
        equipment_loans l1_0 
    where
        l1_0.equipment_id=?
2026-03-04T23:54:38.536+01:00 DEBUG 21940 --- [medical-service] [http-nio-18086-exec-7] org.hibernate.SQL                        : 
    select
        l1_0.equipment_id,
        l1_0.id,
        l1_0.borrower_id,
        l1_0.due_date,
        l1_0.loan_date,
        l1_0.notes,
        l1_0.purpose,
        l1_0.return_date,
        l1_0.status 
    from
        equipment_loans l1_0 
    where
        l1_0.equipment_id=?
2026-03-04T23:54:38.608+01:00 DEBUG 21940 --- [medical-service] [http-nio-18086-exec-7] org.hibernate.SQL                        : 
    select
        l1_0.equipment_id,
        l1_0.id,
        l1_0.borrower_id,
        l1_0.due_date,
        l1_0.loan_date,
        l1_0.notes,
        l1_0.purpose,
        l1_0.return_date,
        l1_0.status 
    from
        equipment_loans l1_0 
    where
        l1_0.equipment_id=?
2026-03-04T23:54:38.667+01:00 DEBUG 21940 --- [medical-service] [http-nio-18086-exec-7] org.hibernate.SQL                        : 
    select
        l1_0.equipment_id,
        l1_0.id,
        l1_0.borrower_id,
        l1_0.due_date,
        l1_0.loan_date,
        l1_0.notes,
        l1_0.purpose,
        l1_0.return_date,
        l1_0.status 
    from
        equipment_loans l1_0 
    where
        l1_0.equipment_id=?
2026-03-04T23:54:38.741+01:00 DEBUG 21940 --- [medical-service] [http-nio-18086-exec-7] org.hibernate.SQL                        : 
    select
        l1_0.equipment_id,
        l1_0.id,
        l1_0.borrower_id,
        l1_0.due_date,
        l1_0.loan_date,
        l1_0.notes,
        l1_0.purpose,
        l1_0.return_date,
        l1_0.status 
    from
        equipment_loans l1_0 
    where
        l1_0.equipment_id=?
2026-03-04T23:54:38.802+01:00 DEBUG 21940 --- [medical-service] [http-nio-18086-exec-7] org.hibernate.SQL                        : 
    select
        l1_0.equipment_id,
        l1_0.id,
        l1_0.borrower_id,
        l1_0.due_date,
        l1_0.loan_date,
        l1_0.notes,
        l1_0.purpose,
        l1_0.return_date,
        l1_0.status 
    from
        equipment_loans l1_0 
    where
        l1_0.equipment_id=?
2026-03-04T23:54:38.865+01:00 DEBUG 21940 --- [medical-service] [http-nio-18086-exec-7] org.hibernate.SQL                        : 
    select
        l1_0.equipment_id,
        l1_0.id,
        l1_0.borrower_id,
        l1_0.due_date,
        l1_0.loan_date,
        l1_0.notes,
        l1_0.purpose,
        l1_0.return_date,
        l1_0.status 
    from
        equipment_loans l1_0 
    where
        l1_0.equipment_id=?
2026-03-04T23:54:38.936+01:00 DEBUG 21940 --- [medical-service] [http-nio-18086-exec-7] org.hibernate.SQL                        : 
    select
        l1_0.equipment_id,
        l1_0.id,
        l1_0.borrower_id,
        l1_0.due_date,
        l1_0.loan_date,
        l1_0.notes,
        l1_0.purpose,
        l1_0.return_date,
        l1_0.status 
    from
        equipment_loans l1_0 
    where
        l1_0.equipment_id=?
2026-03-04T23:54:38.997+01:00 DEBUG 21940 --- [medical-service] [http-nio-18086-exec-7] org.hibernate.SQL                        : 
    select
        l1_0.equipment_id,
        l1_0.id,
        l1_0.borrower_id,
        l1_0.due_date,
        l1_0.loan_date,
        l1_0.notes,
        l1_0.purpose,
        l1_0.return_date,
        l1_0.status 
    from
        equipment_loans l1_0 
    where
        l1_0.equipment_id=?
2026-03-04T23:54:39.057+01:00 DEBUG 21940 --- [medical-service] [http-nio-18086-exec-7] org.hibernate.SQL                        : 
    select
        l1_0.equipment_id,
        l1_0.id,
        l1_0.borrower_id,
        l1_0.due_date,
        l1_0.loan_date,
        l1_0.notes,
        l1_0.purpose,
        l1_0.return_date,
        l1_0.status 
    from
        equipment_loans l1_0 
    where
        l1_0.equipment_id=?
2026-03-04T23:54:39.128+01:00 DEBUG 21940 --- [medical-service] [http-nio-18086-exec-7] org.hibernate.SQL                        : 
    select
        l1_0.equipment_id,
        l1_0.id,
        l1_0.borrower_id,
        l1_0.due_date,
        l1_0.loan_date,
        l1_0.notes,
        l1_0.purpose,
        l1_0.return_date,
        l1_0.status 
    from
        equipment_loans l1_0 
    where
        l1_0.equipment_id=?
2026-03-04T23:54:39.245+01:00 DEBUG 21940 --- [medical-service] [http-nio-18086-exec-7] o.s.w.s.m.m.a.HttpEntityMethodProcessor  : Using 'application/json', given [application/json, text/plain, */*] and supported [application/json, application/*+json]
2026-03-04T23:54:39.246+01:00 DEBUG 21940 --- [medical-service] [http-nio-18086-exec-7] o.s.w.s.m.m.a.HttpEntityMethodProcessor  : Writing [[EquipmentDTO(id=40, name=Standard Wheelchair, description=Folding wheelchair with footrests, 18" se (truncated)...]
2026-03-04T23:54:39.248+01:00 DEBUG 21940 --- [medical-service] [http-nio-18086-exec-7] o.s.web.servlet.DispatcherServlet        : Completed 200 OK
2026-03-04T23:54:53.694+01:00 DEBUG 21940 --- [medical-service] [DiscoveryClient-HeartbeatExecutor-%d] o.s.web.client.RestTemplate              : HTTP PUT http://localhost:8761/eureka/apps/MEDICAL-SERVICE/DESKTOP-I0BIKTH:medical-service:18086?status=UP&lastDirtyTimestamp=1772664833678
2026-03-04T23:54:53.694+01:00 DEBUG 21940 --- [medical-service] [DiscoveryClient-HeartbeatExecutor-%d] o.s.web.client.RestTemplate              : Accept=[application/json, application/*+json]
2026-03-04T23:54:53.710+01:00 DEBUG 21940 --- [medical-service] [DiscoveryClient-CacheRefreshExecutor-%d] o.s.web.client.RestTemplate              : HTTP GET http://localhost:8761/eureka/apps/delta
2026-03-04T23:54:53.710+01:00 DEBUG 21940 --- [medical-service] [DiscoveryClient-CacheRefreshExecutor-%d] o.s.web.client.RestTemplate              : Accept=[application/json, application/*+json]
2026-03-04T23:54:53.713+01:00 DEBUG 21940 --- [medical-service] [DiscoveryClient-HeartbeatExecutor-%d] o.s.web.client.RestTemplate              : Response 200 OK
2026-03-04T23:54:53.728+01:00 DEBUG 21940 --- [medical-service] [DiscoveryClient-CacheRefreshExecutor-%d] o.s.web.client.RestTemplate              : Response 200 OK
2026-03-04T23:54:53.729+01:00 DEBUG 21940 --- [medical-service] [DiscoveryClient-CacheRefreshExecutor-%d] o.s.web.client.RestTemplate              : Reading to [org.springframework.cloud.netflix.eureka.http.EurekaApplications]
2026-03-04T23:55:09.344+01:00 DEBUG 21940 --- [medical-service] [http-nio-18086-exec-4] o.s.web.servlet.DispatcherServlet        : POST "/api/medical/loans/borrow", parameters={}
2026-03-04T23:55:09.344+01:00 DEBUG 21940 --- [medical-service] [http-nio-18086-exec-4] s.w.s.m.m.a.RequestMappingHandlerMapping : Mapped to org.techhive.medicalservice.controller.EquipmentLoanController#borrowEquipment(EquipmentLoanDTO)
2026-03-04T23:55:09.361+01:00 DEBUG 21940 --- [medical-service] [http-nio-18086-exec-4] m.m.a.RequestResponseBodyMethodProcessor : Read "application/json;charset=UTF-8" to [EquipmentLoanDTO(id=null, equipmentId=40, equipmentName=null, borrowerId=27, loanDate=null, dueDate= (truncated)...]
2026-03-04T23:55:09.427+01:00  INFO 21940 --- [medical-service] [http-nio-18086-exec-4] o.t.m.c.EquipmentLoanController          : Borrowing equipment ID: 40 for borrower ID: 27
2026-03-04T23:55:09.442+01:00 DEBUG 21940 --- [medical-service] [http-nio-18086-exec-4] org.hibernate.SQL                        : 
    select
        e1_0.id,
        e1_0.category,
        e1_0.condition,
        e1_0.description,
        e1_0.donation_date,
        e1_0.donor_id,
        e1_0.name,
        e1_0.status,
        l1_0.equipment_id,
        l1_0.id,
        l1_0.borrower_id,
        l1_0.due_date,
        l1_0.loan_date,
        l1_0.notes,
        l1_0.purpose,
        l1_0.return_date,
        l1_0.status 
    from
        equipments e1_0 
    left join
        equipment_loans l1_0 
            on e1_0.id=l1_0.equipment_id 
    where
        e1_0.id=?
2026-03-04T23:55:09.542+01:00 DEBUG 21940 --- [medical-service] [http-nio-18086-exec-4] org.hibernate.SQL                        : 
    insert 
    into
        equipment_loans
        (borrower_id, due_date, equipment_id, loan_date, notes, purpose, return_date, status) 
    values
        (?, ?, ?, ?, ?, ?, ?, ?) 
    returning id
2026-03-04T23:55:09.642+01:00 DEBUG 21940 --- [medical-service] [http-nio-18086-exec-4] org.hibernate.SQL                        : 
    update
        equipments 
    set
        category=?,
        condition=?,
        description=?,
        donation_date=?,
        donor_id=?,
        name=?,
        status=? 
    where
        id=?
2026-03-04T23:55:09.776+01:00 DEBUG 21940 --- [medical-service] [http-nio-18086-exec-4] o.s.w.s.m.m.a.HttpEntityMethodProcessor  : Using 'application/json', given [application/json, text/plain, */*] and supported [application/json, application/*+json]
2026-03-04T23:55:09.776+01:00 DEBUG 21940 --- [medical-service] [http-nio-18086-exec-4] o.s.w.s.m.m.a.HttpEntityMethodProcessor  : Writing [EquipmentLoanDTO(id=4, equipmentId=40, equipmentName=Standard Wheelchair, borrowerId=27, loanDate=20 (truncated)...]
2026-03-04T23:55:09.778+01:00 DEBUG 21940 --- [medical-service] [http-nio-18086-exec-4] o.s.web.servlet.DispatcherServlet        : Completed 201 CREATED
2026-03-04T23:55:09.797+01:00 DEBUG 21940 --- [medical-service] [http-nio-18086-exec-8] o.s.web.servlet.DispatcherServlet        : GET "/api/medical/equipment/available", parameters={}
2026-03-04T23:55:09.798+01:00 DEBUG 21940 --- [medical-service] [http-nio-18086-exec-6] o.s.web.servlet.DispatcherServlet        : GET "/api/medical/loans/borrower/27", parameters={}
2026-03-04T23:55:09.798+01:00 DEBUG 21940 --- [medical-service] [http-nio-18086-exec-9] o.s.web.servlet.DispatcherServlet        : GET "/api/medical/loans/borrower/27/active", parameters={}
2026-03-04T23:55:09.800+01:00 DEBUG 21940 --- [medical-service] [http-nio-18086-exec-9] s.w.s.m.m.a.RequestMappingHandlerMapping : Mapped to org.techhive.medicalservice.controller.EquipmentLoanController#getActiveLoansByBorrower(Long)
2026-03-04T23:55:09.800+01:00 DEBUG 21940 --- [medical-service] [http-nio-18086-exec-6] s.w.s.m.m.a.RequestMappingHandlerMapping : Mapped to org.techhive.medicalservice.controller.EquipmentLoanController#getLoansByBorrowerId(Long)
2026-03-04T23:55:09.800+01:00 DEBUG 21940 --- [medical-service] [http-nio-18086-exec-8] s.w.s.m.m.a.RequestMappingHandlerMapping : Mapped to org.techhive.medicalservice.controller.EquipmentController#getAvailableEquipment()
2026-03-04T23:55:09.800+01:00  INFO 21940 --- [medical-service] [http-nio-18086-exec-9] o.t.m.c.EquipmentLoanController          : Fetching active loans for borrower ID: 27
2026-03-04T23:55:09.804+01:00 DEBUG 21940 --- [medical-service] [http-nio-18086-exec-9] org.hibernate.SQL                        : 
    select
        el1_0.id,
        el1_0.borrower_id,
        el1_0.due_date,
        el1_0.equipment_id,
        el1_0.loan_date,
        el1_0.notes,
        el1_0.purpose,
        el1_0.return_date,
        el1_0.status 
    from
        equipment_loans el1_0 
    where
        el1_0.borrower_id=? 
        and el1_0.status=?
2026-03-04T23:55:09.808+01:00 DEBUG 21940 --- [medical-service] [http-nio-18086-exec-3] o.s.web.servlet.DispatcherServlet        : GET "/api/medical/loans/borrower/27/active/count", parameters={}
2026-03-04T23:55:09.810+01:00 DEBUG 21940 --- [medical-service] [http-nio-18086-exec-3] s.w.s.m.m.a.RequestMappingHandlerMapping : Mapped to org.techhive.medicalservice.controller.EquipmentLoanController#countActiveLoansByBorrower(Long)
2026-03-04T23:55:09.861+01:00  INFO 21940 --- [medical-service] [http-nio-18086-exec-6] o.t.m.c.EquipmentLoanController          : Fetching loans for borrower ID: 27
2026-03-04T23:55:09.863+01:00  INFO 21940 --- [medical-service] [http-nio-18086-exec-8] o.t.m.controller.EquipmentController     : Fetching available equipment
2026-03-04T23:55:09.864+01:00 DEBUG 21940 --- [medical-service] [http-nio-18086-exec-6] org.hibernate.SQL                        : 
    select
        el1_0.id,
        el1_0.borrower_id,
        el1_0.due_date,
        el1_0.equipment_id,
        el1_0.loan_date,
        el1_0.notes,
        el1_0.purpose,
        el1_0.return_date,
        el1_0.status 
    from
        equipment_loans el1_0 
    where
        el1_0.borrower_id=?
2026-03-04T23:55:09.866+01:00 DEBUG 21940 --- [medical-service] [http-nio-18086-exec-8] org.hibernate.SQL                        : 
    select
        e1_0.id,
        e1_0.category,
        e1_0.condition,
        e1_0.description,
        e1_0.donation_date,
        e1_0.donor_id,
        e1_0.name,
        e1_0.status 
    from
        equipments e1_0 
    where
        e1_0.status='AVAILABLE'
2026-03-04T23:55:09.867+01:00  INFO 21940 --- [medical-service] [http-nio-18086-exec-3] o.t.m.c.EquipmentLoanController          : Counting active loans for borrower ID: 27
2026-03-04T23:55:09.869+01:00 DEBUG 21940 --- [medical-service] [http-nio-18086-exec-3] org.hibernate.SQL                        : 
    select
        count(el1_0.id) 
    from
        equipment_loans el1_0 
    where
        el1_0.borrower_id=? 
        and el1_0.status=?
2026-03-04T23:55:09.873+01:00 DEBUG 21940 --- [medical-service] [http-nio-18086-exec-9] org.hibernate.SQL                        : 
    select
        e1_0.id,
        e1_0.category,
        e1_0.condition,
        e1_0.description,
        e1_0.donation_date,
        e1_0.donor_id,
        e1_0.name,
        e1_0.status,
        l1_0.equipment_id,
        l1_0.id,
        l1_0.borrower_id,
        l1_0.due_date,
        l1_0.loan_date,
        l1_0.notes,
        l1_0.purpose,
        l1_0.return_date,
        l1_0.status 
    from
        equipments e1_0 
    left join
        equipment_loans l1_0 
            on e1_0.id=l1_0.equipment_id 
    where
        e1_0.id=?
2026-03-04T23:55:09.922+01:00 DEBUG 21940 --- [medical-service] [http-nio-18086-exec-6] org.hibernate.SQL                        : 
    select
        e1_0.id,
        e1_0.category,
        e1_0.condition,
        e1_0.description,
        e1_0.donation_date,
        e1_0.donor_id,
        e1_0.name,
        e1_0.status,
        l1_0.equipment_id,
        l1_0.id,
        l1_0.borrower_id,
        l1_0.due_date,
        l1_0.loan_date,
        l1_0.notes,
        l1_0.purpose,
        l1_0.return_date,
        l1_0.status 
    from
        equipments e1_0 
    left join
        equipment_loans l1_0 
            on e1_0.id=l1_0.equipment_id 
    where
        e1_0.id=?
2026-03-04T23:55:10.022+01:00 DEBUG 21940 --- [medical-service] [http-nio-18086-exec-3] o.s.w.s.m.m.a.HttpEntityMethodProcessor  : Using 'application/json', given [application/json, text/plain, */*] and supported [application/json, application/*+json]
2026-03-04T23:55:10.022+01:00 DEBUG 21940 --- [medical-service] [http-nio-18086-exec-9] o.s.w.s.m.m.a.HttpEntityMethodProcessor  : Using 'application/json', given [application/json, text/plain, */*] and supported [application/json, application/*+json]
2026-03-04T23:55:10.023+01:00 DEBUG 21940 --- [medical-service] [http-nio-18086-exec-3] o.s.w.s.m.m.a.HttpEntityMethodProcessor  : Writing [1]
2026-03-04T23:55:10.023+01:00 DEBUG 21940 --- [medical-service] [http-nio-18086-exec-9] o.s.w.s.m.m.a.HttpEntityMethodProcessor  : Writing [[EquipmentLoanDTO(id=4, equipmentId=40, equipmentName=Standard Wheelchair, borrowerId=27, loanDate=2 (truncated)...]
2026-03-04T23:55:10.024+01:00 DEBUG 21940 --- [medical-service] [http-nio-18086-exec-9] o.s.web.servlet.DispatcherServlet        : Completed 200 OK
2026-03-04T23:55:10.027+01:00 DEBUG 21940 --- [medical-service] [http-nio-18086-exec-3] o.s.web.servlet.DispatcherServlet        : Completed 200 OK
2026-03-04T23:55:10.036+01:00 DEBUG 21940 --- [medical-service] [http-nio-18086-exec-8] org.hibernate.SQL                        : 
    select
        l1_0.equipment_id,
        l1_0.id,
        l1_0.borrower_id,
        l1_0.due_date,
        l1_0.loan_date,
        l1_0.notes,
        l1_0.purpose,
        l1_0.return_date,
        l1_0.status 
    from
        equipment_loans l1_0 
    where
        l1_0.equipment_id=?
2026-03-04T23:55:10.095+01:00 DEBUG 21940 --- [medical-service] [http-nio-18086-exec-6] o.s.w.s.m.m.a.HttpEntityMethodProcessor  : Using 'application/json', given [application/json, text/plain, */*] and supported [application/json, application/*+json]
2026-03-04T23:55:10.097+01:00 DEBUG 21940 --- [medical-service] [http-nio-18086-exec-6] o.s.w.s.m.m.a.HttpEntityMethodProcessor  : Writing [[EquipmentLoanDTO(id=4, equipmentId=40, equipmentName=Standard Wheelchair, borrowerId=27, loanDate=2 (truncated)...]
2026-03-04T23:55:10.105+01:00 DEBUG 21940 --- [medical-service] [http-nio-18086-exec-8] org.hibernate.SQL                        : 
    select
        l1_0.equipment_id,
        l1_0.id,
        l1_0.borrower_id,
        l1_0.due_date,
        l1_0.loan_date,
        l1_0.notes,
        l1_0.purpose,
        l1_0.return_date,
        l1_0.status 
    from
        equipment_loans l1_0 
    where
        l1_0.equipment_id=?
2026-03-04T23:55:10.105+01:00 DEBUG 21940 --- [medical-service] [http-nio-18086-exec-6] o.s.web.servlet.DispatcherServlet        : Completed 200 OK
2026-03-04T23:55:10.164+01:00 DEBUG 21940 --- [medical-service] [http-nio-18086-exec-8] org.hibernate.SQL                        : 
    select
        l1_0.equipment_id,
        l1_0.id,
        l1_0.borrower_id,
        l1_0.due_date,
        l1_0.loan_date,
        l1_0.notes,
        l1_0.purpose,
        l1_0.return_date,
        l1_0.status 
    from
        equipment_loans l1_0 
    where
        l1_0.equipment_id=?
2026-03-04T23:55:10.222+01:00 DEBUG 21940 --- [medical-service] [http-nio-18086-exec-8] org.hibernate.SQL                        : 
    select
        l1_0.equipment_id,
        l1_0.id,
        l1_0.borrower_id,
        l1_0.due_date,
        l1_0.loan_date,
        l1_0.notes,
        l1_0.purpose,
        l1_0.return_date,
        l1_0.status 
    from
        equipment_loans l1_0 
    where
        l1_0.equipment_id=?
2026-03-04T23:55:10.283+01:00 DEBUG 21940 --- [medical-service] [http-nio-18086-exec-8] org.hibernate.SQL                        : 
    select
        l1_0.equipment_id,
        l1_0.id,
        l1_0.borrower_id,
        l1_0.due_date,
        l1_0.loan_date,
        l1_0.notes,
        l1_0.purpose,
        l1_0.return_date,
        l1_0.status 
    from
        equipment_loans l1_0 
    where
        l1_0.equipment_id=?
2026-03-04T23:55:10.343+01:00 DEBUG 21940 --- [medical-service] [http-nio-18086-exec-8] org.hibernate.SQL                        : 
    select
        l1_0.equipment_id,
        l1_0.id,
        l1_0.borrower_id,
        l1_0.due_date,
        l1_0.loan_date,
        l1_0.notes,
        l1_0.purpose,
        l1_0.return_date,
        l1_0.status 
    from
        equipment_loans l1_0 
    where
        l1_0.equipment_id=?
2026-03-04T23:55:10.406+01:00 DEBUG 21940 --- [medical-service] [http-nio-18086-exec-8] org.hibernate.SQL                        : 
    select
        l1_0.equipment_id,
        l1_0.id,
        l1_0.borrower_id,
        l1_0.due_date,
        l1_0.loan_date,
        l1_0.notes,
        l1_0.purpose,
        l1_0.return_date,
        l1_0.status 
    from
        equipment_loans l1_0 
    where
        l1_0.equipment_id=?
2026-03-04T23:55:10.468+01:00 DEBUG 21940 --- [medical-service] [http-nio-18086-exec-8] org.hibernate.SQL                        : 
    select
        l1_0.equipment_id,
        l1_0.id,
        l1_0.borrower_id,
        l1_0.due_date,
        l1_0.loan_date,
        l1_0.notes,
        l1_0.purpose,
        l1_0.return_date,
        l1_0.status 
    from
        equipment_loans l1_0 
    where
        l1_0.equipment_id=?
2026-03-04T23:55:10.540+01:00 DEBUG 21940 --- [medical-service] [http-nio-18086-exec-8] org.hibernate.SQL                        : 
    select
        l1_0.equipment_id,
        l1_0.id,
        l1_0.borrower_id,
        l1_0.due_date,
        l1_0.loan_date,
        l1_0.notes,
        l1_0.purpose,
        l1_0.return_date,
        l1_0.status 
    from
        equipment_loans l1_0 
    where
        l1_0.equipment_id=?
2026-03-04T23:55:10.602+01:00 DEBUG 21940 --- [medical-service] [http-nio-18086-exec-8] org.hibernate.SQL                        : 
    select
        l1_0.equipment_id,
        l1_0.id,
        l1_0.borrower_id,
        l1_0.due_date,
        l1_0.loan_date,
        l1_0.notes,
        l1_0.purpose,
        l1_0.return_date,
        l1_0.status 
    from
        equipment_loans l1_0 
    where
        l1_0.equipment_id=?
2026-03-04T23:55:10.664+01:00 DEBUG 21940 --- [medical-service] [http-nio-18086-exec-8] org.hibernate.SQL                        : 
    select
        l1_0.equipment_id,
        l1_0.id,
        l1_0.borrower_id,
        l1_0.due_date,
        l1_0.loan_date,
        l1_0.notes,
        l1_0.purpose,
        l1_0.return_date,
        l1_0.status 
    from
        equipment_loans l1_0 
    where
        l1_0.equipment_id=?
2026-03-04T23:55:10.726+01:00 DEBUG 21940 --- [medical-service] [http-nio-18086-exec-8] org.hibernate.SQL                        : 
    select
        l1_0.equipment_id,
        l1_0.id,
        l1_0.borrower_id,
        l1_0.due_date,
        l1_0.loan_date,
        l1_0.notes,
        l1_0.purpose,
        l1_0.return_date,
        l1_0.status 
    from
        equipment_loans l1_0 
    where
        l1_0.equipment_id=?
2026-03-04T23:55:10.802+01:00 DEBUG 21940 --- [medical-service] [http-nio-18086-exec-8] org.hibernate.SQL                        : 
    select
        l1_0.equipment_id,
        l1_0.id,
        l1_0.borrower_id,
        l1_0.due_date,
        l1_0.loan_date,
        l1_0.notes,
        l1_0.purpose,
        l1_0.return_date,
        l1_0.status 
    from
        equipment_loans l1_0 
    where
        l1_0.equipment_id=?
2026-03-04T23:55:10.858+01:00 DEBUG 21940 --- [medical-service] [http-nio-18086-exec-8] org.hibernate.SQL                        : 
    select
        l1_0.equipment_id,
        l1_0.id,
        l1_0.borrower_id,
        l1_0.due_date,
        l1_0.loan_date,
        l1_0.notes,
        l1_0.purpose,
        l1_0.return_date,
        l1_0.status 
    from
        equipment_loans l1_0 
    where
        l1_0.equipment_id=?
2026-03-04T23:55:10.923+01:00 DEBUG 21940 --- [medical-service] [http-nio-18086-exec-8] org.hibernate.SQL                        : 
    select
        l1_0.equipment_id,
        l1_0.id,
        l1_0.borrower_id,
        l1_0.due_date,
        l1_0.loan_date,
        l1_0.notes,
        l1_0.purpose,
        l1_0.return_date,
        l1_0.status 
    from
        equipment_loans l1_0 
    where
        l1_0.equipment_id=?
2026-03-04T23:55:10.985+01:00 DEBUG 21940 --- [medical-service] [http-nio-18086-exec-8] org.hibernate.SQL                        : 
    select
        l1_0.equipment_id,
        l1_0.id,
        l1_0.borrower_id,
        l1_0.due_date,
        l1_0.loan_date,
        l1_0.notes,
        l1_0.purpose,
        l1_0.return_date,
        l1_0.status 
    from
        equipment_loans l1_0 
    where
        l1_0.equipment_id=?
2026-03-04T23:55:11.042+01:00 DEBUG 21940 --- [medical-service] [http-nio-18086-exec-8] org.hibernate.SQL                        : 
    select
        l1_0.equipment_id,
        l1_0.id,
        l1_0.borrower_id,
        l1_0.due_date,
        l1_0.loan_date,
        l1_0.notes,
        l1_0.purpose,
        l1_0.return_date,
        l1_0.status 
    from
        equipment_loans l1_0 
    where
        l1_0.equipment_id=?
2026-03-04T23:55:11.106+01:00 DEBUG 21940 --- [medical-service] [http-nio-18086-exec-8] org.hibernate.SQL                        : 
    select
        l1_0.equipment_id,
        l1_0.id,
        l1_0.borrower_id,
        l1_0.due_date,
        l1_0.loan_date,
        l1_0.notes,
        l1_0.purpose,
        l1_0.return_date,
        l1_0.status 
    from
        equipment_loans l1_0 
    where
        l1_0.equipment_id=?
2026-03-04T23:55:11.164+01:00 DEBUG 21940 --- [medical-service] [http-nio-18086-exec-8] org.hibernate.SQL                        : 
    select
        l1_0.equipment_id,
        l1_0.id,
        l1_0.borrower_id,
        l1_0.due_date,
        l1_0.loan_date,
        l1_0.notes,
        l1_0.purpose,
        l1_0.return_date,
        l1_0.status 
    from
        equipment_loans l1_0 
    where
        l1_0.equipment_id=?
2026-03-04T23:55:11.223+01:00 DEBUG 21940 --- [medical-service] [http-nio-18086-exec-8] org.hibernate.SQL                        : 
    select
        l1_0.equipment_id,
        l1_0.id,
        l1_0.borrower_id,
        l1_0.due_date,
        l1_0.loan_date,
        l1_0.notes,
        l1_0.purpose,
        l1_0.return_date,
        l1_0.status 
    from
        equipment_loans l1_0 
    where
        l1_0.equipment_id=?
2026-03-04T23:55:11.286+01:00 DEBUG 21940 --- [medical-service] [http-nio-18086-exec-8] org.hibernate.SQL                        : 
    select
        l1_0.equipment_id,
        l1_0.id,
        l1_0.borrower_id,
        l1_0.due_date,
        l1_0.loan_date,
        l1_0.notes,
        l1_0.purpose,
        l1_0.return_date,
        l1_0.status 
    from
        equipment_loans l1_0 
    where
        l1_0.equipment_id=?
2026-03-04T23:55:11.352+01:00 DEBUG 21940 --- [medical-service] [http-nio-18086-exec-8] org.hibernate.SQL                        : 
    select
        l1_0.equipment_id,
        l1_0.id,
        l1_0.borrower_id,
        l1_0.due_date,
        l1_0.loan_date,
        l1_0.notes,
        l1_0.purpose,
        l1_0.return_date,
        l1_0.status 
    from
        equipment_loans l1_0 
    where
        l1_0.equipment_id=?
2026-03-04T23:55:11.415+01:00 DEBUG 21940 --- [medical-service] [http-nio-18086-exec-8] org.hibernate.SQL                        : 
    select
        l1_0.equipment_id,
        l1_0.id,
        l1_0.borrower_id,
        l1_0.due_date,
        l1_0.loan_date,
        l1_0.notes,
        l1_0.purpose,
        l1_0.return_date,
        l1_0.status 
    from
        equipment_loans l1_0 
    where
        l1_0.equipment_id=?
2026-03-04T23:55:11.473+01:00 DEBUG 21940 --- [medical-service] [http-nio-18086-exec-8] org.hibernate.SQL                        : 
    select
        l1_0.equipment_id,
        l1_0.id,
        l1_0.borrower_id,
        l1_0.due_date,
        l1_0.loan_date,
        l1_0.notes,
        l1_0.purpose,
        l1_0.return_date,
        l1_0.status 
    from
        equipment_loans l1_0 
    where
        l1_0.equipment_id=?
2026-03-04T23:55:11.528+01:00 DEBUG 21940 --- [medical-service] [http-nio-18086-exec-8] org.hibernate.SQL                        : 
    select
        l1_0.equipment_id,
        l1_0.id,
        l1_0.borrower_id,
        l1_0.due_date,
        l1_0.loan_date,
        l1_0.notes,
        l1_0.purpose,
        l1_0.return_date,
        l1_0.status 
    from
        equipment_loans l1_0 
    where
        l1_0.equipment_id=?
2026-03-04T23:55:11.602+01:00 DEBUG 21940 --- [medical-service] [http-nio-18086-exec-8] org.hibernate.SQL                        : 
    select
        l1_0.equipment_id,
        l1_0.id,
        l1_0.borrower_id,
        l1_0.due_date,
        l1_0.loan_date,
        l1_0.notes,
        l1_0.purpose,
        l1_0.return_date,
        l1_0.status 
    from
        equipment_loans l1_0 
    where
        l1_0.equipment_id=?
2026-03-04T23:55:11.663+01:00 DEBUG 21940 --- [medical-service] [http-nio-18086-exec-8] org.hibernate.SQL                        : 
    select
        l1_0.equipment_id,
        l1_0.id,
        l1_0.borrower_id,
        l1_0.due_date,
        l1_0.loan_date,
        l1_0.notes,
        l1_0.purpose,
        l1_0.return_date,
        l1_0.status 
    from
        equipment_loans l1_0 
    where
        l1_0.equipment_id=?
2026-03-04T23:55:11.734+01:00 DEBUG 21940 --- [medical-service] [http-nio-18086-exec-8] org.hibernate.SQL                        : 
    select
        l1_0.equipment_id,
        l1_0.id,
        l1_0.borrower_id,
        l1_0.due_date,
        l1_0.loan_date,
        l1_0.notes,
        l1_0.purpose,
        l1_0.return_date,
        l1_0.status 
    from
        equipment_loans l1_0 
    where
        l1_0.equipment_id=?
2026-03-04T23:55:11.803+01:00 DEBUG 21940 --- [medical-service] [http-nio-18086-exec-8] org.hibernate.SQL                        : 
    select
        l1_0.equipment_id,
        l1_0.id,
        l1_0.borrower_id,
        l1_0.due_date,
        l1_0.loan_date,
        l1_0.notes,
        l1_0.purpose,
        l1_0.return_date,
        l1_0.status 
    from
        equipment_loans l1_0 
    where
        l1_0.equipment_id=?
2026-03-04T23:55:11.860+01:00 DEBUG 21940 --- [medical-service] [http-nio-18086-exec-8] org.hibernate.SQL                        : 
    select
        l1_0.equipment_id,
        l1_0.id,
        l1_0.borrower_id,
        l1_0.due_date,
        l1_0.loan_date,
        l1_0.notes,
        l1_0.purpose,
        l1_0.return_date,
        l1_0.status 
    from
        equipment_loans l1_0 
    where
        l1_0.equipment_id=?
2026-03-04T23:55:11.919+01:00 DEBUG 21940 --- [medical-service] [http-nio-18086-exec-8] org.hibernate.SQL                        : 
    select
        l1_0.equipment_id,
        l1_0.id,
        l1_0.borrower_id,
        l1_0.due_date,
        l1_0.loan_date,
        l1_0.notes,
        l1_0.purpose,
        l1_0.return_date,
        l1_0.status 
    from
        equipment_loans l1_0 
    where
        l1_0.equipment_id=?
2026-03-04T23:55:11.984+01:00 DEBUG 21940 --- [medical-service] [http-nio-18086-exec-8] org.hibernate.SQL                        : 
    select
        l1_0.equipment_id,
        l1_0.id,
        l1_0.borrower_id,
        l1_0.due_date,
        l1_0.loan_date,
        l1_0.notes,
        l1_0.purpose,
        l1_0.return_date,
        l1_0.status 
    from
        equipment_loans l1_0 
    where
        l1_0.equipment_id=?
2026-03-04T23:55:12.043+01:00 DEBUG 21940 --- [medical-service] [http-nio-18086-exec-8] org.hibernate.SQL                        : 
    select
        l1_0.equipment_id,
        l1_0.id,
        l1_0.borrower_id,
        l1_0.due_date,
        l1_0.loan_date,
        l1_0.notes,
        l1_0.purpose,
        l1_0.return_date,
        l1_0.status 
    from
        equipment_loans l1_0 
    where
        l1_0.equipment_id=?
2026-03-04T23:55:12.103+01:00 DEBUG 21940 --- [medical-service] [http-nio-18086-exec-8] org.hibernate.SQL                        : 
    select
        l1_0.equipment_id,
        l1_0.id,
        l1_0.borrower_id,
        l1_0.due_date,
        l1_0.loan_date,
        l1_0.notes,
        l1_0.purpose,
        l1_0.return_date,
        l1_0.status 
    from
        equipment_loans l1_0 
    where
        l1_0.equipment_id=?
2026-03-04T23:55:12.166+01:00 DEBUG 21940 --- [medical-service] [http-nio-18086-exec-8] org.hibernate.SQL                        : 
    select
        l1_0.equipment_id,
        l1_0.id,
        l1_0.borrower_id,
        l1_0.due_date,
        l1_0.loan_date,
        l1_0.notes,
        l1_0.purpose,
        l1_0.return_date,
        l1_0.status 
    from
        equipment_loans l1_0 
    where
        l1_0.equipment_id=?
2026-03-04T23:55:12.224+01:00 DEBUG 21940 --- [medical-service] [http-nio-18086-exec-8] org.hibernate.SQL                        : 
    select
        l1_0.equipment_id,
        l1_0.id,
        l1_0.borrower_id,
        l1_0.due_date,
        l1_0.loan_date,
        l1_0.notes,
        l1_0.purpose,
        l1_0.return_date,
        l1_0.status 
    from
        equipment_loans l1_0 
    where
        l1_0.equipment_id=?
2026-03-04T23:55:12.284+01:00 DEBUG 21940 --- [medical-service] [http-nio-18086-exec-8] org.hibernate.SQL                        : 
    select
        l1_0.equipment_id,
        l1_0.id,
        l1_0.borrower_id,
        l1_0.due_date,
        l1_0.loan_date,
        l1_0.notes,
        l1_0.purpose,
        l1_0.return_date,
        l1_0.status 
    from
        equipment_loans l1_0 
    where
        l1_0.equipment_id=?
2026-03-04T23:55:12.343+01:00 DEBUG 21940 --- [medical-service] [http-nio-18086-exec-8] org.hibernate.SQL                        : 
    select
        l1_0.equipment_id,
        l1_0.id,
        l1_0.borrower_id,
        l1_0.due_date,
        l1_0.loan_date,
        l1_0.notes,
        l1_0.purpose,
        l1_0.return_date,
        l1_0.status 
    from
        equipment_loans l1_0 
    where
        l1_0.equipment_id=?
2026-03-04T23:55:12.405+01:00 DEBUG 21940 --- [medical-service] [http-nio-18086-exec-8] org.hibernate.SQL                        : 
    select
        l1_0.equipment_id,
        l1_0.id,
        l1_0.borrower_id,
        l1_0.due_date,
        l1_0.loan_date,
        l1_0.notes,
        l1_0.purpose,
        l1_0.return_date,
        l1_0.status 
    from
        equipment_loans l1_0 
    where
        l1_0.equipment_id=?
2026-03-04T23:55:12.464+01:00 DEBUG 21940 --- [medical-service] [http-nio-18086-exec-8] org.hibernate.SQL                        : 
    select
        l1_0.equipment_id,
        l1_0.id,
        l1_0.borrower_id,
        l1_0.due_date,
        l1_0.loan_date,
        l1_0.notes,
        l1_0.purpose,
        l1_0.return_date,
        l1_0.status 
    from
        equipment_loans l1_0 
    where
        l1_0.equipment_id=?
2026-03-04T23:55:12.524+01:00 DEBUG 21940 --- [medical-service] [http-nio-18086-exec-8] org.hibernate.SQL                        : 
    select
        l1_0.equipment_id,
        l1_0.id,
        l1_0.borrower_id,
        l1_0.due_date,
        l1_0.loan_date,
        l1_0.notes,
        l1_0.purpose,
        l1_0.return_date,
        l1_0.status 
    from
        equipment_loans l1_0 
    where
        l1_0.equipment_id=?
2026-03-04T23:55:12.583+01:00 DEBUG 21940 --- [medical-service] [http-nio-18086-exec-8] org.hibernate.SQL                        : 
    select
        l1_0.equipment_id,
        l1_0.id,
        l1_0.borrower_id,
        l1_0.due_date,
        l1_0.loan_date,
        l1_0.notes,
        l1_0.purpose,
        l1_0.return_date,
        l1_0.status 
    from
        equipment_loans l1_0 
    where
        l1_0.equipment_id=?
2026-03-04T23:55:12.645+01:00 DEBUG 21940 --- [medical-service] [http-nio-18086-exec-8] org.hibernate.SQL                        : 
    select
        l1_0.equipment_id,
        l1_0.id,
        l1_0.borrower_id,
        l1_0.due_date,
        l1_0.loan_date,
        l1_0.notes,
        l1_0.purpose,
        l1_0.return_date,
        l1_0.status 
    from
        equipment_loans l1_0 
    where
        l1_0.equipment_id=?
2026-03-04T23:55:12.704+01:00 DEBUG 21940 --- [medical-service] [http-nio-18086-exec-8] org.hibernate.SQL                        : 
    select
        l1_0.equipment_id,
        l1_0.id,
        l1_0.borrower_id,
        l1_0.due_date,
        l1_0.loan_date,
        l1_0.notes,
        l1_0.purpose,
        l1_0.return_date,
        l1_0.status 
    from
        equipment_loans l1_0 
    where
        l1_0.equipment_id=?
2026-03-04T23:55:12.767+01:00 DEBUG 21940 --- [medical-service] [http-nio-18086-exec-8] org.hibernate.SQL                        : 
    select
        l1_0.equipment_id,
        l1_0.id,
        l1_0.borrower_id,
        l1_0.due_date,
        l1_0.loan_date,
        l1_0.notes,
        l1_0.purpose,
        l1_0.return_date,
        l1_0.status 
    from
        equipment_loans l1_0 
    where
        l1_0.equipment_id=?
2026-03-04T23:55:12.833+01:00 DEBUG 21940 --- [medical-service] [http-nio-18086-exec-8] org.hibernate.SQL                        : 
    select
        l1_0.equipment_id,
        l1_0.id,
        l1_0.borrower_id,
        l1_0.due_date,
        l1_0.loan_date,
        l1_0.notes,
        l1_0.purpose,
        l1_0.return_date,
        l1_0.status 
    from
        equipment_loans l1_0 
    where
        l1_0.equipment_id=?
2026-03-04T23:55:12.921+01:00 DEBUG 21940 --- [medical-service] [http-nio-18086-exec-8] org.hibernate.SQL                        : 
    select
        l1_0.equipment_id,
        l1_0.id,
        l1_0.borrower_id,
        l1_0.due_date,
        l1_0.loan_date,
        l1_0.notes,
        l1_0.purpose,
        l1_0.return_date,
        l1_0.status 
    from
        equipment_loans l1_0 
    where
        l1_0.equipment_id=?
2026-03-04T23:55:12.979+01:00 DEBUG 21940 --- [medical-service] [http-nio-18086-exec-8] org.hibernate.SQL                        : 
    select
        l1_0.equipment_id,
        l1_0.id,
        l1_0.borrower_id,
        l1_0.due_date,
        l1_0.loan_date,
        l1_0.notes,
        l1_0.purpose,
        l1_0.return_date,
        l1_0.status 
    from
        equipment_loans l1_0 
    where
        l1_0.equipment_id=?
2026-03-04T23:55:13.043+01:00 DEBUG 21940 --- [medical-service] [http-nio-18086-exec-8] org.hibernate.SQL                        : 
    select
        l1_0.equipment_id,
        l1_0.id,
        l1_0.borrower_id,
        l1_0.due_date,
        l1_0.loan_date,
        l1_0.notes,
        l1_0.purpose,
        l1_0.return_date,
        l1_0.status 
    from
        equipment_loans l1_0 
    where
        l1_0.equipment_id=?
2026-03-04T23:55:13.103+01:00 DEBUG 21940 --- [medical-service] [http-nio-18086-exec-8] org.hibernate.SQL                        : 
    select
        l1_0.equipment_id,
        l1_0.id,
        l1_0.borrower_id,
        l1_0.due_date,
        l1_0.loan_date,
        l1_0.notes,
        l1_0.purpose,
        l1_0.return_date,
        l1_0.status 
    from
        equipment_loans l1_0 
    where
        l1_0.equipment_id=?
2026-03-04T23:55:13.163+01:00 DEBUG 21940 --- [medical-service] [http-nio-18086-exec-8] org.hibernate.SQL                        : 
    select
        l1_0.equipment_id,
        l1_0.id,
        l1_0.borrower_id,
        l1_0.due_date,
        l1_0.loan_date,
        l1_0.notes,
        l1_0.purpose,
        l1_0.return_date,
        l1_0.status 
    from
        equipment_loans l1_0 
    where
        l1_0.equipment_id=?
2026-03-04T23:55:13.242+01:00 DEBUG 21940 --- [medical-service] [http-nio-18086-exec-8] org.hibernate.SQL                        : 
    select
        l1_0.equipment_id,
        l1_0.id,
        l1_0.borrower_id,
        l1_0.due_date,
        l1_0.loan_date,
        l1_0.notes,
        l1_0.purpose,
        l1_0.return_date,
        l1_0.status 
    from
        equipment_loans l1_0 
    where
        l1_0.equipment_id=?
2026-03-04T23:55:13.302+01:00 DEBUG 21940 --- [medical-service] [http-nio-18086-exec-8] org.hibernate.SQL                        : 
    select
        l1_0.equipment_id,
        l1_0.id,
        l1_0.borrower_id,
        l1_0.due_date,
        l1_0.loan_date,
        l1_0.notes,
        l1_0.purpose,
        l1_0.return_date,
        l1_0.status 
    from
        equipment_loans l1_0 
    where
        l1_0.equipment_id=?
2026-03-04T23:55:13.365+01:00 DEBUG 21940 --- [medical-service] [http-nio-18086-exec-8] org.hibernate.SQL                        : 
    select
        l1_0.equipment_id,
        l1_0.id,
        l1_0.borrower_id,
        l1_0.due_date,
        l1_0.loan_date,
        l1_0.notes,
        l1_0.purpose,
        l1_0.return_date,
        l1_0.status 
    from
        equipment_loans l1_0 
    where
        l1_0.equipment_id=?
2026-03-04T23:55:13.422+01:00 DEBUG 21940 --- [medical-service] [http-nio-18086-exec-8] org.hibernate.SQL                        : 
    select
        l1_0.equipment_id,
        l1_0.id,
        l1_0.borrower_id,
        l1_0.due_date,
        l1_0.loan_date,
        l1_0.notes,
        l1_0.purpose,
        l1_0.return_date,
        l1_0.status 
    from
        equipment_loans l1_0 
    where
        l1_0.equipment_id=?
2026-03-04T23:55:13.480+01:00 DEBUG 21940 --- [medical-service] [http-nio-18086-exec-8] org.hibernate.SQL                        : 
    select
        l1_0.equipment_id,
        l1_0.id,
        l1_0.borrower_id,
        l1_0.due_date,
        l1_0.loan_date,
        l1_0.notes,
        l1_0.purpose,
        l1_0.return_date,
        l1_0.status 
    from
        equipment_loans l1_0 
    where
        l1_0.equipment_id=?
2026-03-04T23:55:13.559+01:00 DEBUG 21940 --- [medical-service] [http-nio-18086-exec-8] org.hibernate.SQL                        : 
    select
        l1_0.equipment_id,
        l1_0.id,
        l1_0.borrower_id,
        l1_0.due_date,
        l1_0.loan_date,
        l1_0.notes,
        l1_0.purpose,
        l1_0.return_date,
        l1_0.status 
    from
        equipment_loans l1_0 
    where
        l1_0.equipment_id=?
2026-03-04T23:55:13.626+01:00 DEBUG 21940 --- [medical-service] [http-nio-18086-exec-8] org.hibernate.SQL                        : 
    select
        l1_0.equipment_id,
        l1_0.id,
        l1_0.borrower_id,
        l1_0.due_date,
        l1_0.loan_date,
        l1_0.notes,
        l1_0.purpose,
        l1_0.return_date,
        l1_0.status 
    from
        equipment_loans l1_0 
    where
        l1_0.equipment_id=?
2026-03-04T23:55:13.701+01:00 DEBUG 21940 --- [medical-service] [http-nio-18086-exec-8] org.hibernate.SQL                        : 
    select
        l1_0.equipment_id,
        l1_0.id,
        l1_0.borrower_id,
        l1_0.due_date,
        l1_0.loan_date,
        l1_0.notes,
        l1_0.purpose,
        l1_0.return_date,
        l1_0.status 
    from
        equipment_loans l1_0 
    where
        l1_0.equipment_id=?
2026-03-04T23:55:13.763+01:00 DEBUG 21940 --- [medical-service] [http-nio-18086-exec-8] org.hibernate.SQL                        : 
    select
        l1_0.equipment_id,
        l1_0.id,
        l1_0.borrower_id,
        l1_0.due_date,
        l1_0.loan_date,
        l1_0.notes,
        l1_0.purpose,
        l1_0.return_date,
        l1_0.status 
    from
        equipment_loans l1_0 
    where
        l1_0.equipment_id=?
2026-03-04T23:55:13.883+01:00 DEBUG 21940 --- [medical-service] [http-nio-18086-exec-8] o.s.w.s.m.m.a.HttpEntityMethodProcessor  : Using 'application/json', given [application/json, text/plain, */*] and supported [application/json, application/*+json]
2026-03-04T23:55:13.884+01:00 DEBUG 21940 --- [medical-service] [http-nio-18086-exec-8] o.s.w.s.m.m.a.HttpEntityMethodProcessor  : Writing [[EquipmentDTO(id=41, name=Transport Wheelchair, description=Lightweight transport chair for travel,  (truncated)...]
2026-03-04T23:55:13.890+01:00 DEBUG 21940 --- [medical-service] [http-nio-18086-exec-8] o.s.web.servlet.DispatcherServlet        : Completed 200 OK
2026-03-04T23:55:23.715+01:00 DEBUG 21940 --- [medical-service] [DiscoveryClient-HeartbeatExecutor-%d] o.s.web.client.RestTemplate              : HTTP PUT http://localhost:8761/eureka/apps/MEDICAL-SERVICE/DESKTOP-I0BIKTH:medical-service:18086?status=UP&lastDirtyTimestamp=1772664833678
2026-03-04T23:55:23.715+01:00 DEBUG 21940 --- [medical-service] [DiscoveryClient-HeartbeatExecutor-%d] o.s.web.client.RestTemplate              : Accept=[application/json, application/*+json]
2026-03-04T23:55:23.732+01:00 DEBUG 21940 --- [medical-service] [DiscoveryClient-HeartbeatExecutor-%d] o.s.web.client.RestTemplate              : Response 200 OK
2026-03-04T23:55:23.733+01:00 DEBUG 21940 --- [medical-service] [DiscoveryClient-CacheRefreshExecutor-%d] o.s.web.client.RestTemplate              : HTTP GET http://localhost:8761/eureka/apps/delta
2026-03-04T23:55:23.733+01:00 DEBUG 21940 --- [medical-service] [DiscoveryClient-CacheRefreshExecutor-%d] o.s.web.client.RestTemplate              : Accept=[application/json, application/*+json]
2026-03-04T23:55:23.748+01:00 DEBUG 21940 --- [medical-service] [DiscoveryClient-CacheRefreshExecutor-%d] o.s.web.client.RestTemplate              : Response 200 OK
2026-03-04T23:55:23.748+01:00 DEBUG 21940 --- [medical-service] [DiscoveryClient-CacheRefreshExecutor-%d] o.s.web.client.RestTemplate              : Reading to [org.springframework.cloud.netflix.eureka.http.EurekaApplications]
2026-03-04T23:55:26.064+01:00 DEBUG 21940 --- [medical-service] [http-nio-18086-exec-2] o.s.web.servlet.DispatcherServlet        : POST "/api/medical/loans/4/return", parameters={}
2026-03-04T23:55:26.065+01:00 DEBUG 21940 --- [medical-service] [http-nio-18086-exec-2] s.w.s.m.m.a.RequestMappingHandlerMapping : Mapped to org.techhive.medicalservice.controller.EquipmentLoanController#returnEquipment(Long)
2026-03-04T23:55:26.127+01:00  INFO 21940 --- [medical-service] [http-nio-18086-exec-2] o.t.m.c.EquipmentLoanController          : Returning equipment for loan ID: 4
2026-03-04T23:55:26.130+01:00 DEBUG 21940 --- [medical-service] [http-nio-18086-exec-2] org.hibernate.SQL                        : 
    select
        el1_0.id,
        el1_0.borrower_id,
        el1_0.due_date,
        el1_0.equipment_id,
        el1_0.loan_date,
        el1_0.notes,
        el1_0.purpose,
        el1_0.return_date,
        el1_0.status 
    from
        equipment_loans el1_0 
    where
        el1_0.id=?
2026-03-04T23:55:26.189+01:00 DEBUG 21940 --- [medical-service] [http-nio-18086-exec-2] org.hibernate.SQL                        : 
    select
        e1_0.id,
        e1_0.category,
        e1_0.condition,
        e1_0.description,
        e1_0.donation_date,
        e1_0.donor_id,
        e1_0.name,
        e1_0.status,
        l1_0.equipment_id,
        l1_0.id,
        l1_0.borrower_id,
        l1_0.due_date,
        l1_0.loan_date,
        l1_0.notes,
        l1_0.purpose,
        l1_0.return_date,
        l1_0.status 
    from
        equipments e1_0 
    left join
        equipment_loans l1_0 
            on e1_0.id=l1_0.equipment_id 
    where
        e1_0.id=?
2026-03-04T23:55:26.264+01:00 DEBUG 21940 --- [medical-service] [http-nio-18086-exec-2] org.hibernate.SQL                        : 
    update
        equipment_loans 
    set
        borrower_id=?,
        due_date=?,
        equipment_id=?,
        loan_date=?,
        notes=?,
        purpose=?,
        return_date=?,
        status=? 
    where
        id=?
2026-03-04T23:55:26.328+01:00 DEBUG 21940 --- [medical-service] [http-nio-18086-exec-2] org.hibernate.SQL                        : 
    update
        equipments 
    set
        category=?,
        condition=?,
        description=?,
        donation_date=?,
        donor_id=?,
        name=?,
        status=? 
    where
        id=?
2026-03-04T23:55:26.469+01:00 DEBUG 21940 --- [medical-service] [http-nio-18086-exec-2] o.s.w.s.m.m.a.HttpEntityMethodProcessor  : Using 'application/json', given [application/json, text/plain, */*] and supported [application/json, application/*+json]
2026-03-04T23:55:26.469+01:00 DEBUG 21940 --- [medical-service] [http-nio-18086-exec-2] o.s.w.s.m.m.a.HttpEntityMethodProcessor  : Writing [EquipmentLoanDTO(id=4, equipmentId=40, equipmentName=Standard Wheelchair, borrowerId=27, loanDate=20 (truncated)...]
2026-03-04T23:55:26.470+01:00 DEBUG 21940 --- [medical-service] [http-nio-18086-exec-2] o.s.web.servlet.DispatcherServlet        : Completed 200 OK
2026-03-04T23:55:26.485+01:00 DEBUG 21940 --- [medical-service] [http-nio-18086-exec-5] o.s.web.servlet.DispatcherServlet        : GET "/api/medical/equipment/available", parameters={}
2026-03-04T23:55:26.486+01:00 DEBUG 21940 --- [medical-service] [http-nio-18086-exec-5] s.w.s.m.m.a.RequestMappingHandlerMapping : Mapped to org.techhive.medicalservice.controller.EquipmentController#getAvailableEquipment()
2026-03-04T23:55:26.488+01:00 DEBUG 21940 --- [medical-service] [http-nio-18086-exec-10] o.s.web.servlet.DispatcherServlet        : GET "/api/medical/loans/borrower/27/active/count", parameters={}
2026-03-04T23:55:26.488+01:00 DEBUG 21940 --- [medical-service] [http-nio-18086-exec-10] s.w.s.m.m.a.RequestMappingHandlerMapping : Mapped to org.techhive.medicalservice.controller.EquipmentLoanController#countActiveLoansByBorrower(Long)
2026-03-04T23:55:26.490+01:00 DEBUG 21940 --- [medical-service] [http-nio-18086-exec-1] o.s.web.servlet.DispatcherServlet        : GET "/api/medical/loans/borrower/27/active", parameters={}
2026-03-04T23:55:26.491+01:00 DEBUG 21940 --- [medical-service] [http-nio-18086-exec-1] s.w.s.m.m.a.RequestMappingHandlerMapping : Mapped to org.techhive.medicalservice.controller.EquipmentLoanController#getActiveLoansByBorrower(Long)
2026-03-04T23:55:26.491+01:00 DEBUG 21940 --- [medical-service] [http-nio-18086-exec-7] o.s.web.servlet.DispatcherServlet        : GET "/api/medical/loans/borrower/27", parameters={}
2026-03-04T23:55:26.493+01:00 DEBUG 21940 --- [medical-service] [http-nio-18086-exec-7] s.w.s.m.m.a.RequestMappingHandlerMapping : Mapped to org.techhive.medicalservice.controller.EquipmentLoanController#getLoansByBorrowerId(Long)
2026-03-04T23:55:26.494+01:00  INFO 21940 --- [medical-service] [http-nio-18086-exec-7] o.t.m.c.EquipmentLoanController          : Fetching loans for borrower ID: 27
2026-03-04T23:55:26.495+01:00 DEBUG 21940 --- [medical-service] [http-nio-18086-exec-7] org.hibernate.SQL                        : 
    select
        el1_0.id,
        el1_0.borrower_id,
        el1_0.due_date,
        el1_0.equipment_id,
        el1_0.loan_date,
        el1_0.notes,
        el1_0.purpose,
        el1_0.return_date,
        el1_0.status 
    from
        equipment_loans el1_0 
    where
        el1_0.borrower_id=?
2026-03-04T23:55:26.541+01:00  INFO 21940 --- [medical-service] [http-nio-18086-exec-5] o.t.m.controller.EquipmentController     : Fetching available equipment
2026-03-04T23:55:26.541+01:00  INFO 21940 --- [medical-service] [http-nio-18086-exec-10] o.t.m.c.EquipmentLoanController          : Counting active loans for borrower ID: 27
2026-03-04T23:55:26.542+01:00 DEBUG 21940 --- [medical-service] [http-nio-18086-exec-5] org.hibernate.SQL                        : 
    select
        e1_0.id,
        e1_0.category,
        e1_0.condition,
        e1_0.description,
        e1_0.donation_date,
        e1_0.donor_id,
        e1_0.name,
        e1_0.status 
    from
        equipments e1_0 
    where
        e1_0.status='AVAILABLE'
2026-03-04T23:55:26.543+01:00 DEBUG 21940 --- [medical-service] [http-nio-18086-exec-10] org.hibernate.SQL                        : 
    select
        count(el1_0.id) 
    from
        equipment_loans el1_0 
    where
        el1_0.borrower_id=? 
        and el1_0.status=?
2026-03-04T23:55:26.550+01:00  INFO 21940 --- [medical-service] [http-nio-18086-exec-1] o.t.m.c.EquipmentLoanController          : Fetching active loans for borrower ID: 27
2026-03-04T23:55:26.551+01:00 DEBUG 21940 --- [medical-service] [http-nio-18086-exec-7] org.hibernate.SQL                        : 
    select
        e1_0.id,
        e1_0.category,
        e1_0.condition,
        e1_0.description,
        e1_0.donation_date,
        e1_0.donor_id,
        e1_0.name,
        e1_0.status,
        l1_0.equipment_id,
        l1_0.id,
        l1_0.borrower_id,
        l1_0.due_date,
        l1_0.loan_date,
        l1_0.notes,
        l1_0.purpose,
        l1_0.return_date,
        l1_0.status 
    from
        equipments e1_0 
    left join
        equipment_loans l1_0 
            on e1_0.id=l1_0.equipment_id 
    where
        e1_0.id=?
2026-03-04T23:55:26.553+01:00 DEBUG 21940 --- [medical-service] [http-nio-18086-exec-1] org.hibernate.SQL                        : 
    select
        el1_0.id,
        el1_0.borrower_id,
        el1_0.due_date,
        el1_0.equipment_id,
        el1_0.loan_date,
        el1_0.notes,
        el1_0.purpose,
        el1_0.return_date,
        el1_0.status 
    from
        equipment_loans el1_0 
    where
        el1_0.borrower_id=? 
        and el1_0.status=?
2026-03-04T23:55:26.689+01:00 DEBUG 21940 --- [medical-service] [http-nio-18086-exec-5] org.hibernate.SQL                        : 
    select
        l1_0.equipment_id,
        l1_0.id,
        l1_0.borrower_id,
        l1_0.due_date,
        l1_0.loan_date,
        l1_0.notes,
        l1_0.purpose,
        l1_0.return_date,
        l1_0.status 
    from
        equipment_loans l1_0 
    where
        l1_0.equipment_id=?
2026-03-04T23:55:26.695+01:00 DEBUG 21940 --- [medical-service] [http-nio-18086-exec-1] o.s.w.s.m.m.a.HttpEntityMethodProcessor  : Using 'application/json', given [application/json, text/plain, */*] and supported [application/json, application/*+json]
2026-03-04T23:55:26.695+01:00 DEBUG 21940 --- [medical-service] [http-nio-18086-exec-10] o.s.w.s.m.m.a.HttpEntityMethodProcessor  : Using 'application/json', given [application/json, text/plain, */*] and supported [application/json, application/*+json]
2026-03-04T23:55:26.695+01:00 DEBUG 21940 --- [medical-service] [http-nio-18086-exec-7] o.s.w.s.m.m.a.HttpEntityMethodProcessor  : Using 'application/json', given [application/json, text/plain, */*] and supported [application/json, application/*+json]
2026-03-04T23:55:26.695+01:00 DEBUG 21940 --- [medical-service] [http-nio-18086-exec-1] o.s.w.s.m.m.a.HttpEntityMethodProcessor  : Writing [[]]
2026-03-04T23:55:26.695+01:00 DEBUG 21940 --- [medical-service] [http-nio-18086-exec-10] o.s.w.s.m.m.a.HttpEntityMethodProcessor  : Writing [0]
2026-03-04T23:55:26.695+01:00 DEBUG 21940 --- [medical-service] [http-nio-18086-exec-7] o.s.w.s.m.m.a.HttpEntityMethodProcessor  : Writing [[EquipmentLoanDTO(id=4, equipmentId=40, equipmentName=Standard Wheelchair, borrowerId=27, loanDate=2 (truncated)...]
2026-03-04T23:55:26.696+01:00 DEBUG 21940 --- [medical-service] [http-nio-18086-exec-1] o.s.web.servlet.DispatcherServlet        : Completed 200 OK
2026-03-04T23:55:26.696+01:00 DEBUG 21940 --- [medical-service] [http-nio-18086-exec-10] o.s.web.servlet.DispatcherServlet        : Completed 200 OK
2026-03-04T23:55:26.696+01:00 DEBUG 21940 --- [medical-service] [http-nio-18086-exec-7] o.s.web.servlet.DispatcherServlet        : Completed 200 OK
2026-03-04T23:55:26.743+01:00 DEBUG 21940 --- [medical-service] [http-nio-18086-exec-5] org.hibernate.SQL                        : 
    select
        l1_0.equipment_id,
        l1_0.id,
        l1_0.borrower_id,
        l1_0.due_date,
        l1_0.loan_date,
        l1_0.notes,
        l1_0.purpose,
        l1_0.return_date,
        l1_0.status 
    from
        equipment_loans l1_0 
    where
        l1_0.equipment_id=?
2026-03-04T23:55:26.814+01:00 DEBUG 21940 --- [medical-service] [http-nio-18086-exec-5] org.hibernate.SQL                        : 
    select
        l1_0.equipment_id,
        l1_0.id,
        l1_0.borrower_id,
        l1_0.due_date,
        l1_0.loan_date,
        l1_0.notes,
        l1_0.purpose,
        l1_0.return_date,
        l1_0.status 
    from
        equipment_loans l1_0 
    where
        l1_0.equipment_id=?
2026-03-04T23:55:26.900+01:00 DEBUG 21940 --- [medical-service] [http-nio-18086-exec-5] org.hibernate.SQL                        : 
    select
        l1_0.equipment_id,
        l1_0.id,
        l1_0.borrower_id,
        l1_0.due_date,
        l1_0.loan_date,
        l1_0.notes,
        l1_0.purpose,
        l1_0.return_date,
        l1_0.status 
    from
        equipment_loans l1_0 
    where
        l1_0.equipment_id=?
2026-03-04T23:55:26.963+01:00 DEBUG 21940 --- [medical-service] [http-nio-18086-exec-5] org.hibernate.SQL                        : 
    select
        l1_0.equipment_id,
        l1_0.id,
        l1_0.borrower_id,
        l1_0.due_date,
        l1_0.loan_date,
        l1_0.notes,
        l1_0.purpose,
        l1_0.return_date,
        l1_0.status 
    from
        equipment_loans l1_0 
    where
        l1_0.equipment_id=?
2026-03-04T23:55:27.029+01:00 DEBUG 21940 --- [medical-service] [http-nio-18086-exec-5] org.hibernate.SQL                        : 
    select
        l1_0.equipment_id,
        l1_0.id,
        l1_0.borrower_id,
        l1_0.due_date,
        l1_0.loan_date,
        l1_0.notes,
        l1_0.purpose,
        l1_0.return_date,
        l1_0.status 
    from
        equipment_loans l1_0 
    where
        l1_0.equipment_id=?
2026-03-04T23:55:27.091+01:00 DEBUG 21940 --- [medical-service] [http-nio-18086-exec-5] org.hibernate.SQL                        : 
    select
        l1_0.equipment_id,
        l1_0.id,
        l1_0.borrower_id,
        l1_0.due_date,
        l1_0.loan_date,
        l1_0.notes,
        l1_0.purpose,
        l1_0.return_date,
        l1_0.status 
    from
        equipment_loans l1_0 
    where
        l1_0.equipment_id=?
2026-03-04T23:55:27.155+01:00 DEBUG 21940 --- [medical-service] [http-nio-18086-exec-5] org.hibernate.SQL                        : 
    select
        l1_0.equipment_id,
        l1_0.id,
        l1_0.borrower_id,
        l1_0.due_date,
        l1_0.loan_date,
        l1_0.notes,
        l1_0.purpose,
        l1_0.return_date,
        l1_0.status 
    from
        equipment_loans l1_0 
    where
        l1_0.equipment_id=?
2026-03-04T23:55:27.221+01:00 DEBUG 21940 --- [medical-service] [http-nio-18086-exec-5] org.hibernate.SQL                        : 
    select
        l1_0.equipment_id,
        l1_0.id,
        l1_0.borrower_id,
        l1_0.due_date,
        l1_0.loan_date,
        l1_0.notes,
        l1_0.purpose,
        l1_0.return_date,
        l1_0.status 
    from
        equipment_loans l1_0 
    where
        l1_0.equipment_id=?
2026-03-04T23:55:27.281+01:00 DEBUG 21940 --- [medical-service] [http-nio-18086-exec-5] org.hibernate.SQL                        : 
    select
        l1_0.equipment_id,
        l1_0.id,
        l1_0.borrower_id,
        l1_0.due_date,
        l1_0.loan_date,
        l1_0.notes,
        l1_0.purpose,
        l1_0.return_date,
        l1_0.status 
    from
        equipment_loans l1_0 
    where
        l1_0.equipment_id=?
2026-03-04T23:55:27.341+01:00 DEBUG 21940 --- [medical-service] [http-nio-18086-exec-5] org.hibernate.SQL                        : 
    select
        l1_0.equipment_id,
        l1_0.id,
        l1_0.borrower_id,
        l1_0.due_date,
        l1_0.loan_date,
        l1_0.notes,
        l1_0.purpose,
        l1_0.return_date,
        l1_0.status 
    from
        equipment_loans l1_0 
    where
        l1_0.equipment_id=?
2026-03-04T23:55:27.402+01:00 DEBUG 21940 --- [medical-service] [http-nio-18086-exec-5] org.hibernate.SQL                        : 
    select
        l1_0.equipment_id,
        l1_0.id,
        l1_0.borrower_id,
        l1_0.due_date,
        l1_0.loan_date,
        l1_0.notes,
        l1_0.purpose,
        l1_0.return_date,
        l1_0.status 
    from
        equipment_loans l1_0 
    where
        l1_0.equipment_id=?
2026-03-04T23:55:27.467+01:00 DEBUG 21940 --- [medical-service] [http-nio-18086-exec-5] org.hibernate.SQL                        : 
    select
        l1_0.equipment_id,
        l1_0.id,
        l1_0.borrower_id,
        l1_0.due_date,
        l1_0.loan_date,
        l1_0.notes,
        l1_0.purpose,
        l1_0.return_date,
        l1_0.status 
    from
        equipment_loans l1_0 
    where
        l1_0.equipment_id=?
2026-03-04T23:55:27.523+01:00 DEBUG 21940 --- [medical-service] [http-nio-18086-exec-5] org.hibernate.SQL                        : 
    select
        l1_0.equipment_id,
        l1_0.id,
        l1_0.borrower_id,
        l1_0.due_date,
        l1_0.loan_date,
        l1_0.notes,
        l1_0.purpose,
        l1_0.return_date,
        l1_0.status 
    from
        equipment_loans l1_0 
    where
        l1_0.equipment_id=?
2026-03-04T23:55:27.598+01:00 DEBUG 21940 --- [medical-service] [http-nio-18086-exec-5] org.hibernate.SQL                        : 
    select
        l1_0.equipment_id,
        l1_0.id,
        l1_0.borrower_id,
        l1_0.due_date,
        l1_0.loan_date,
        l1_0.notes,
        l1_0.purpose,
        l1_0.return_date,
        l1_0.status 
    from
        equipment_loans l1_0 
    where
        l1_0.equipment_id=?
2026-03-04T23:55:27.661+01:00 DEBUG 21940 --- [medical-service] [http-nio-18086-exec-5] org.hibernate.SQL                        : 
    select
        l1_0.equipment_id,
        l1_0.id,
        l1_0.borrower_id,
        l1_0.due_date,
        l1_0.loan_date,
        l1_0.notes,
        l1_0.purpose,
        l1_0.return_date,
        l1_0.status 
    from
        equipment_loans l1_0 
    where
        l1_0.equipment_id=?
2026-03-04T23:55:27.723+01:00 DEBUG 21940 --- [medical-service] [http-nio-18086-exec-5] org.hibernate.SQL                        : 
    select
        l1_0.equipment_id,
        l1_0.id,
        l1_0.borrower_id,
        l1_0.due_date,
        l1_0.loan_date,
        l1_0.notes,
        l1_0.purpose,
        l1_0.return_date,
        l1_0.status 
    from
        equipment_loans l1_0 
    where
        l1_0.equipment_id=?
2026-03-04T23:55:27.787+01:00 DEBUG 21940 --- [medical-service] [http-nio-18086-exec-5] org.hibernate.SQL                        : 
    select
        l1_0.equipment_id,
        l1_0.id,
        l1_0.borrower_id,
        l1_0.due_date,
        l1_0.loan_date,
        l1_0.notes,
        l1_0.purpose,
        l1_0.return_date,
        l1_0.status 
    from
        equipment_loans l1_0 
    where
        l1_0.equipment_id=?
2026-03-04T23:55:27.850+01:00 DEBUG 21940 --- [medical-service] [http-nio-18086-exec-5] org.hibernate.SQL                        : 
    select
        l1_0.equipment_id,
        l1_0.id,
        l1_0.borrower_id,
        l1_0.due_date,
        l1_0.loan_date,
        l1_0.notes,
        l1_0.purpose,
        l1_0.return_date,
        l1_0.status 
    from
        equipment_loans l1_0 
    where
        l1_0.equipment_id=?
2026-03-04T23:55:27.921+01:00 DEBUG 21940 --- [medical-service] [http-nio-18086-exec-5] org.hibernate.SQL                        : 
    select
        l1_0.equipment_id,
        l1_0.id,
        l1_0.borrower_id,
        l1_0.due_date,
        l1_0.loan_date,
        l1_0.notes,
        l1_0.purpose,
        l1_0.return_date,
        l1_0.status 
    from
        equipment_loans l1_0 
    where
        l1_0.equipment_id=?
2026-03-04T23:55:27.981+01:00 DEBUG 21940 --- [medical-service] [http-nio-18086-exec-5] org.hibernate.SQL                        : 
    select
        l1_0.equipment_id,
        l1_0.id,
        l1_0.borrower_id,
        l1_0.due_date,
        l1_0.loan_date,
        l1_0.notes,
        l1_0.purpose,
        l1_0.return_date,
        l1_0.status 
    from
        equipment_loans l1_0 
    where
        l1_0.equipment_id=?
2026-03-04T23:55:28.041+01:00 DEBUG 21940 --- [medical-service] [http-nio-18086-exec-5] org.hibernate.SQL                        : 
    select
        l1_0.equipment_id,
        l1_0.id,
        l1_0.borrower_id,
        l1_0.due_date,
        l1_0.loan_date,
        l1_0.notes,
        l1_0.purpose,
        l1_0.return_date,
        l1_0.status 
    from
        equipment_loans l1_0 
    where
        l1_0.equipment_id=?
2026-03-04T23:55:28.100+01:00 DEBUG 21940 --- [medical-service] [http-nio-18086-exec-5] org.hibernate.SQL                        : 
    select
        l1_0.equipment_id,
        l1_0.id,
        l1_0.borrower_id,
        l1_0.due_date,
        l1_0.loan_date,
        l1_0.notes,
        l1_0.purpose,
        l1_0.return_date,
        l1_0.status 
    from
        equipment_loans l1_0 
    where
        l1_0.equipment_id=?
2026-03-04T23:55:28.164+01:00 DEBUG 21940 --- [medical-service] [http-nio-18086-exec-5] org.hibernate.SQL                        : 
    select
        l1_0.equipment_id,
        l1_0.id,
        l1_0.borrower_id,
        l1_0.due_date,
        l1_0.loan_date,
        l1_0.notes,
        l1_0.purpose,
        l1_0.return_date,
        l1_0.status 
    from
        equipment_loans l1_0 
    where
        l1_0.equipment_id=?
2026-03-04T23:55:28.222+01:00 DEBUG 21940 --- [medical-service] [http-nio-18086-exec-5] org.hibernate.SQL                        : 
    select
        l1_0.equipment_id,
        l1_0.id,
        l1_0.borrower_id,
        l1_0.due_date,
        l1_0.loan_date,
        l1_0.notes,
        l1_0.purpose,
        l1_0.return_date,
        l1_0.status 
    from
        equipment_loans l1_0 
    where
        l1_0.equipment_id=?
2026-03-04T23:55:28.282+01:00 DEBUG 21940 --- [medical-service] [http-nio-18086-exec-5] org.hibernate.SQL                        : 
    select
        l1_0.equipment_id,
        l1_0.id,
        l1_0.borrower_id,
        l1_0.due_date,
        l1_0.loan_date,
        l1_0.notes,
        l1_0.purpose,
        l1_0.return_date,
        l1_0.status 
    from
        equipment_loans l1_0 
    where
        l1_0.equipment_id=?
2026-03-04T23:55:28.336+01:00 DEBUG 21940 --- [medical-service] [http-nio-18086-exec-5] org.hibernate.SQL                        : 
    select
        l1_0.equipment_id,
        l1_0.id,
        l1_0.borrower_id,
        l1_0.due_date,
        l1_0.loan_date,
        l1_0.notes,
        l1_0.purpose,
        l1_0.return_date,
        l1_0.status 
    from
        equipment_loans l1_0 
    where
        l1_0.equipment_id=?
2026-03-04T23:55:28.390+01:00 DEBUG 21940 --- [medical-service] [http-nio-18086-exec-5] org.hibernate.SQL                        : 
    select
        l1_0.equipment_id,
        l1_0.id,
        l1_0.borrower_id,
        l1_0.due_date,
        l1_0.loan_date,
        l1_0.notes,
        l1_0.purpose,
        l1_0.return_date,
        l1_0.status 
    from
        equipment_loans l1_0 
    where
        l1_0.equipment_id=?
2026-03-04T23:55:28.442+01:00 DEBUG 21940 --- [medical-service] [http-nio-18086-exec-5] org.hibernate.SQL                        : 
    select
        l1_0.equipment_id,
        l1_0.id,
        l1_0.borrower_id,
        l1_0.due_date,
        l1_0.loan_date,
        l1_0.notes,
        l1_0.purpose,
        l1_0.return_date,
        l1_0.status 
    from
        equipment_loans l1_0 
    where
        l1_0.equipment_id=?
2026-03-04T23:55:28.502+01:00 DEBUG 21940 --- [medical-service] [http-nio-18086-exec-5] org.hibernate.SQL                        : 
    select
        l1_0.equipment_id,
        l1_0.id,
        l1_0.borrower_id,
        l1_0.due_date,
        l1_0.loan_date,
        l1_0.notes,
        l1_0.purpose,
        l1_0.return_date,
        l1_0.status 
    from
        equipment_loans l1_0 
    where
        l1_0.equipment_id=?
2026-03-04T23:55:28.561+01:00 DEBUG 21940 --- [medical-service] [http-nio-18086-exec-5] org.hibernate.SQL                        : 
    select
        l1_0.equipment_id,
        l1_0.id,
        l1_0.borrower_id,
        l1_0.due_date,
        l1_0.loan_date,
        l1_0.notes,
        l1_0.purpose,
        l1_0.return_date,
        l1_0.status 
    from
        equipment_loans l1_0 
    where
        l1_0.equipment_id=?
2026-03-04T23:55:28.630+01:00 DEBUG 21940 --- [medical-service] [http-nio-18086-exec-5] org.hibernate.SQL                        : 
    select
        l1_0.equipment_id,
        l1_0.id,
        l1_0.borrower_id,
        l1_0.due_date,
        l1_0.loan_date,
        l1_0.notes,
        l1_0.purpose,
        l1_0.return_date,
        l1_0.status 
    from
        equipment_loans l1_0 
    where
        l1_0.equipment_id=?
2026-03-04T23:55:28.693+01:00 DEBUG 21940 --- [medical-service] [http-nio-18086-exec-5] org.hibernate.SQL                        : 
    select
        l1_0.equipment_id,
        l1_0.id,
        l1_0.borrower_id,
        l1_0.due_date,
        l1_0.loan_date,
        l1_0.notes,
        l1_0.purpose,
        l1_0.return_date,
        l1_0.status 
    from
        equipment_loans l1_0 
    where
        l1_0.equipment_id=?
2026-03-04T23:55:28.765+01:00 DEBUG 21940 --- [medical-service] [http-nio-18086-exec-5] org.hibernate.SQL                        : 
    select
        l1_0.equipment_id,
        l1_0.id,
        l1_0.borrower_id,
        l1_0.due_date,
        l1_0.loan_date,
        l1_0.notes,
        l1_0.purpose,
        l1_0.return_date,
        l1_0.status 
    from
        equipment_loans l1_0 
    where
        l1_0.equipment_id=?
2026-03-04T23:55:28.826+01:00 DEBUG 21940 --- [medical-service] [http-nio-18086-exec-5] org.hibernate.SQL                        : 
    select
        l1_0.equipment_id,
        l1_0.id,
        l1_0.borrower_id,
        l1_0.due_date,
        l1_0.loan_date,
        l1_0.notes,
        l1_0.purpose,
        l1_0.return_date,
        l1_0.status 
    from
        equipment_loans l1_0 
    where
        l1_0.equipment_id=?
2026-03-04T23:55:28.891+01:00 DEBUG 21940 --- [medical-service] [http-nio-18086-exec-5] org.hibernate.SQL                        : 
    select
        l1_0.equipment_id,
        l1_0.id,
        l1_0.borrower_id,
        l1_0.due_date,
        l1_0.loan_date,
        l1_0.notes,
        l1_0.purpose,
        l1_0.return_date,
        l1_0.status 
    from
        equipment_loans l1_0 
    where
        l1_0.equipment_id=?
2026-03-04T23:55:28.963+01:00 DEBUG 21940 --- [medical-service] [http-nio-18086-exec-5] org.hibernate.SQL                        : 
    select
        l1_0.equipment_id,
        l1_0.id,
        l1_0.borrower_id,
        l1_0.due_date,
        l1_0.loan_date,
        l1_0.notes,
        l1_0.purpose,
        l1_0.return_date,
        l1_0.status 
    from
        equipment_loans l1_0 
    where
        l1_0.equipment_id=?
2026-03-04T23:55:29.037+01:00 DEBUG 21940 --- [medical-service] [http-nio-18086-exec-5] org.hibernate.SQL                        : 
    select
        l1_0.equipment_id,
        l1_0.id,
        l1_0.borrower_id,
        l1_0.due_date,
        l1_0.loan_date,
        l1_0.notes,
        l1_0.purpose,
        l1_0.return_date,
        l1_0.status 
    from
        equipment_loans l1_0 
    where
        l1_0.equipment_id=?
2026-03-04T23:55:29.101+01:00 DEBUG 21940 --- [medical-service] [http-nio-18086-exec-5] org.hibernate.SQL                        : 
    select
        l1_0.equipment_id,
        l1_0.id,
        l1_0.borrower_id,
        l1_0.due_date,
        l1_0.loan_date,
        l1_0.notes,
        l1_0.purpose,
        l1_0.return_date,
        l1_0.status 
    from
        equipment_loans l1_0 
    where
        l1_0.equipment_id=?
2026-03-04T23:55:29.162+01:00 DEBUG 21940 --- [medical-service] [http-nio-18086-exec-5] org.hibernate.SQL                        : 
    select
        l1_0.equipment_id,
        l1_0.id,
        l1_0.borrower_id,
        l1_0.due_date,
        l1_0.loan_date,
        l1_0.notes,
        l1_0.purpose,
        l1_0.return_date,
        l1_0.status 
    from
        equipment_loans l1_0 
    where
        l1_0.equipment_id=?
2026-03-04T23:55:29.227+01:00 DEBUG 21940 --- [medical-service] [http-nio-18086-exec-5] org.hibernate.SQL                        : 
    select
        l1_0.equipment_id,
        l1_0.id,
        l1_0.borrower_id,
        l1_0.due_date,
        l1_0.loan_date,
        l1_0.notes,
        l1_0.purpose,
        l1_0.return_date,
        l1_0.status 
    from
        equipment_loans l1_0 
    where
        l1_0.equipment_id=?
2026-03-04T23:55:29.281+01:00 DEBUG 21940 --- [medical-service] [http-nio-18086-exec-5] org.hibernate.SQL                        : 
    select
        l1_0.equipment_id,
        l1_0.id,
        l1_0.borrower_id,
        l1_0.due_date,
        l1_0.loan_date,
        l1_0.notes,
        l1_0.purpose,
        l1_0.return_date,
        l1_0.status 
    from
        equipment_loans l1_0 
    where
        l1_0.equipment_id=?
2026-03-04T23:55:29.342+01:00 DEBUG 21940 --- [medical-service] [http-nio-18086-exec-5] org.hibernate.SQL                        : 
    select
        l1_0.equipment_id,
        l1_0.id,
        l1_0.borrower_id,
        l1_0.due_date,
        l1_0.loan_date,
        l1_0.notes,
        l1_0.purpose,
        l1_0.return_date,
        l1_0.status 
    from
        equipment_loans l1_0 
    where
        l1_0.equipment_id=?
2026-03-04T23:55:29.402+01:00 DEBUG 21940 --- [medical-service] [http-nio-18086-exec-5] org.hibernate.SQL                        : 
    select
        l1_0.equipment_id,
        l1_0.id,
        l1_0.borrower_id,
        l1_0.due_date,
        l1_0.loan_date,
        l1_0.notes,
        l1_0.purpose,
        l1_0.return_date,
        l1_0.status 
    from
        equipment_loans l1_0 
    where
        l1_0.equipment_id=?
2026-03-04T23:55:29.459+01:00 DEBUG 21940 --- [medical-service] [http-nio-18086-exec-5] org.hibernate.SQL                        : 
    select
        l1_0.equipment_id,
        l1_0.id,
        l1_0.borrower_id,
        l1_0.due_date,
        l1_0.loan_date,
        l1_0.notes,
        l1_0.purpose,
        l1_0.return_date,
        l1_0.status 
    from
        equipment_loans l1_0 
    where
        l1_0.equipment_id=?
2026-03-04T23:55:29.521+01:00 DEBUG 21940 --- [medical-service] [http-nio-18086-exec-5] org.hibernate.SQL                        : 
    select
        l1_0.equipment_id,
        l1_0.id,
        l1_0.borrower_id,
        l1_0.due_date,
        l1_0.loan_date,
        l1_0.notes,
        l1_0.purpose,
        l1_0.return_date,
        l1_0.status 
    from
        equipment_loans l1_0 
    where
        l1_0.equipment_id=?
2026-03-04T23:55:29.586+01:00 DEBUG 21940 --- [medical-service] [http-nio-18086-exec-5] org.hibernate.SQL                        : 
    select
        l1_0.equipment_id,
        l1_0.id,
        l1_0.borrower_id,
        l1_0.due_date,
        l1_0.loan_date,
        l1_0.notes,
        l1_0.purpose,
        l1_0.return_date,
        l1_0.status 
    from
        equipment_loans l1_0 
    where
        l1_0.equipment_id=?
2026-03-04T23:55:29.643+01:00 DEBUG 21940 --- [medical-service] [http-nio-18086-exec-5] org.hibernate.SQL                        : 
    select
        l1_0.equipment_id,
        l1_0.id,
        l1_0.borrower_id,
        l1_0.due_date,
        l1_0.loan_date,
        l1_0.notes,
        l1_0.purpose,
        l1_0.return_date,
        l1_0.status 
    from
        equipment_loans l1_0 
    where
        l1_0.equipment_id=?
2026-03-04T23:55:29.706+01:00 DEBUG 21940 --- [medical-service] [http-nio-18086-exec-5] org.hibernate.SQL                        : 
    select
        l1_0.equipment_id,
        l1_0.id,
        l1_0.borrower_id,
        l1_0.due_date,
        l1_0.loan_date,
        l1_0.notes,
        l1_0.purpose,
        l1_0.return_date,
        l1_0.status 
    from
        equipment_loans l1_0 
    where
        l1_0.equipment_id=?
2026-03-04T23:55:29.783+01:00 DEBUG 21940 --- [medical-service] [http-nio-18086-exec-5] org.hibernate.SQL                        : 
    select
        l1_0.equipment_id,
        l1_0.id,
        l1_0.borrower_id,
        l1_0.due_date,
        l1_0.loan_date,
        l1_0.notes,
        l1_0.purpose,
        l1_0.return_date,
        l1_0.status 
    from
        equipment_loans l1_0 
    where
        l1_0.equipment_id=?
2026-03-04T23:55:29.842+01:00 DEBUG 21940 --- [medical-service] [http-nio-18086-exec-5] org.hibernate.SQL                        : 
    select
        l1_0.equipment_id,
        l1_0.id,
        l1_0.borrower_id,
        l1_0.due_date,
        l1_0.loan_date,
        l1_0.notes,
        l1_0.purpose,
        l1_0.return_date,
        l1_0.status 
    from
        equipment_loans l1_0 
    where
        l1_0.equipment_id=?
2026-03-04T23:55:29.908+01:00 DEBUG 21940 --- [medical-service] [http-nio-18086-exec-5] org.hibernate.SQL                        : 
    select
        l1_0.equipment_id,
        l1_0.id,
        l1_0.borrower_id,
        l1_0.due_date,
        l1_0.loan_date,
        l1_0.notes,
        l1_0.purpose,
        l1_0.return_date,
        l1_0.status 
    from
        equipment_loans l1_0 
    where
        l1_0.equipment_id=?
2026-03-04T23:55:29.962+01:00 DEBUG 21940 --- [medical-service] [http-nio-18086-exec-5] org.hibernate.SQL                        : 
    select
        l1_0.equipment_id,
        l1_0.id,
        l1_0.borrower_id,
        l1_0.due_date,
        l1_0.loan_date,
        l1_0.notes,
        l1_0.purpose,
        l1_0.return_date,
        l1_0.status 
    from
        equipment_loans l1_0 
    where
        l1_0.equipment_id=?
2026-03-04T23:55:30.030+01:00 DEBUG 21940 --- [medical-service] [http-nio-18086-exec-5] org.hibernate.SQL                        : 
    select
        l1_0.equipment_id,
        l1_0.id,
        l1_0.borrower_id,
        l1_0.due_date,
        l1_0.loan_date,
        l1_0.notes,
        l1_0.purpose,
        l1_0.return_date,
        l1_0.status 
    from
        equipment_loans l1_0 
    where
        l1_0.equipment_id=?
2026-03-04T23:55:30.098+01:00 DEBUG 21940 --- [medical-service] [http-nio-18086-exec-5] org.hibernate.SQL                        : 
    select
        l1_0.equipment_id,
        l1_0.id,
        l1_0.borrower_id,
        l1_0.due_date,
        l1_0.loan_date,
        l1_0.notes,
        l1_0.purpose,
        l1_0.return_date,
        l1_0.status 
    from
        equipment_loans l1_0 
    where
        l1_0.equipment_id=?
2026-03-04T23:55:30.161+01:00 DEBUG 21940 --- [medical-service] [http-nio-18086-exec-5] org.hibernate.SQL                        : 
    select
        l1_0.equipment_id,
        l1_0.id,
        l1_0.borrower_id,
        l1_0.due_date,
        l1_0.loan_date,
        l1_0.notes,
        l1_0.purpose,
        l1_0.return_date,
        l1_0.status 
    from
        equipment_loans l1_0 
    where
        l1_0.equipment_id=?
2026-03-04T23:55:30.222+01:00 DEBUG 21940 --- [medical-service] [http-nio-18086-exec-5] org.hibernate.SQL                        : 
    select
        l1_0.equipment_id,
        l1_0.id,
        l1_0.borrower_id,
        l1_0.due_date,
        l1_0.loan_date,
        l1_0.notes,
        l1_0.purpose,
        l1_0.return_date,
        l1_0.status 
    from
        equipment_loans l1_0 
    where
        l1_0.equipment_id=?
2026-03-04T23:55:30.285+01:00 DEBUG 21940 --- [medical-service] [http-nio-18086-exec-5] org.hibernate.SQL                        : 
    select
        l1_0.equipment_id,
        l1_0.id,
        l1_0.borrower_id,
        l1_0.due_date,
        l1_0.loan_date,
        l1_0.notes,
        l1_0.purpose,
        l1_0.return_date,
        l1_0.status 
    from
        equipment_loans l1_0 
    where
        l1_0.equipment_id=?
2026-03-04T23:55:30.342+01:00 DEBUG 21940 --- [medical-service] [http-nio-18086-exec-5] org.hibernate.SQL                        : 
    select
        l1_0.equipment_id,
        l1_0.id,
        l1_0.borrower_id,
        l1_0.due_date,
        l1_0.loan_date,
        l1_0.notes,
        l1_0.purpose,
        l1_0.return_date,
        l1_0.status 
    from
        equipment_loans l1_0 
    where
        l1_0.equipment_id=?
2026-03-04T23:55:30.681+01:00 DEBUG 21940 --- [medical-service] [http-nio-18086-exec-5] org.hibernate.SQL                        : 
    select
        l1_0.equipment_id,
        l1_0.id,
        l1_0.borrower_id,
        l1_0.due_date,
        l1_0.loan_date,
        l1_0.notes,
        l1_0.purpose,
        l1_0.return_date,
        l1_0.status 
    from
        equipment_loans l1_0 
    where
        l1_0.equipment_id=?
2026-03-04T23:55:30.742+01:00 DEBUG 21940 --- [medical-service] [http-nio-18086-exec-5] org.hibernate.SQL                        : 
    select
        l1_0.equipment_id,
        l1_0.id,
        l1_0.borrower_id,
        l1_0.due_date,
        l1_0.loan_date,
        l1_0.notes,
        l1_0.purpose,
        l1_0.return_date,
        l1_0.status 
    from
        equipment_loans l1_0 
    where
        l1_0.equipment_id=?
2026-03-04T23:55:30.863+01:00 DEBUG 21940 --- [medical-service] [http-nio-18086-exec-5] o.s.w.s.m.m.a.HttpEntityMethodProcessor  : Using 'application/json', given [application/json, text/plain, */*] and supported [application/json, application/*+json]
2026-03-04T23:55:30.863+01:00 DEBUG 21940 --- [medical-service] [http-nio-18086-exec-5] o.s.w.s.m.m.a.HttpEntityMethodProcessor  : Writing [[EquipmentDTO(id=40, name=Standard Wheelchair, description=Folding wheelchair with footrests, 18" se (truncated)...]
2026-03-04T23:55:30.865+01:00 DEBUG 21940 --- [medical-service] [http-nio-18086-exec-5] o.s.web.servlet.DispatcherServlet        : Completed 200 OK
2026-03-04T23:55:53.741+01:00 DEBUG 21940 --- [medical-service] [DiscoveryClient-HeartbeatExecutor-%d] o.s.web.client.RestTemplate              : HTTP PUT http://localhost:8761/eureka/apps/MEDICAL-SERVICE/DESKTOP-I0BIKTH:medical-service:18086?status=UP&lastDirtyTimestamp=1772664833678
2026-03-04T23:55:53.741+01:00 DEBUG 21940 --- [medical-service] [DiscoveryClient-HeartbeatExecutor-%d] o.s.web.client.RestTemplate              : Accept=[application/json, application/*+json]
2026-03-04T23:55:53.754+01:00 DEBUG 21940 --- [medical-service] [DiscoveryClient-CacheRefreshExecutor-%d] o.s.web.client.RestTemplate              : HTTP GET http://localhost:8761/eureka/apps/delta
2026-03-04T23:55:53.754+01:00 DEBUG 21940 --- [medical-service] [DiscoveryClient-CacheRefreshExecutor-%d] o.s.web.client.RestTemplate              : Accept=[application/json, application/*+json]
2026-03-04T23:55:53.756+01:00 DEBUG 21940 --- [medical-service] [DiscoveryClient-HeartbeatExecutor-%d] o.s.web.client.RestTemplate              : Response 200 OK
2026-03-04T23:55:53.773+01:00 DEBUG 21940 --- [medical-service] [DiscoveryClient-CacheRefreshExecutor-%d] o.s.web.client.RestTemplate              : Response 200 OK
2026-03-04T23:55:53.773+01:00 DEBUG 21940 --- [medical-service] [DiscoveryClient-CacheRefreshExecutor-%d] o.s.web.client.RestTemplate              : Reading to [org.springframework.cloud.netflix.eureka.http.EurekaApplications]
2026-03-04T23:55:53.802+01:00  INFO 21940 --- [medical-service] [SpringApplicationShutdownHook] o.s.c.n.e.s.EurekaServiceRegistry        : Unregistering application MEDICAL-SERVICE with eureka with status DOWN
2026-03-04T23:55:53.803+01:00  INFO 21940 --- [medical-service] [SpringApplicationShutdownHook] com.netflix.discovery.DiscoveryClient    : Saw local status change event StatusChangeEvent [timestamp=1772664953803, current=DOWN, previous=UP]
2026-03-04T23:55:53.803+01:00  INFO 21940 --- [medical-service] [DiscoveryClient-InstanceInfoReplicator-%d] com.netflix.discovery.DiscoveryClient    : DiscoveryClient_MEDICAL-SERVICE/DESKTOP-I0BIKTH:medical-service:18086: registering service...
2026-03-04T23:55:53.803+01:00 DEBUG 21940 --- [medical-service] [DiscoveryClient-InstanceInfoReplicator-%d] o.s.web.client.RestTemplate              : HTTP POST http://localhost:8761/eureka/apps/MEDICAL-SERVICE
2026-03-04T23:55:53.804+01:00 DEBUG 21940 --- [medical-service] [DiscoveryClient-InstanceInfoReplicator-%d] o.s.web.client.RestTemplate              : Accept=[application/json, application/*+json]
2026-03-04T23:55:53.804+01:00 DEBUG 21940 --- [medical-service] [DiscoveryClient-InstanceInfoReplicator-%d] o.s.web.client.RestTemplate              : Writing [InstanceInfo [instanceId = DESKTOP-I0BIKTH:medical-service:18086, appName = MEDICAL-SERVICE, hostName = DESKTOP-I0BIKTH, status = DOWN, ipAddr = 192.168.3.1, port = 18086, securePort = 443, dataCenterInfo = com.netflix.appinfo.MyDataCenterInfo@1fa59b0d] as "application/json"
2026-03-04T23:55:53.811+01:00 DEBUG 21940 --- [medical-service] [DiscoveryClient-InstanceInfoReplicator-%d] o.s.web.client.RestTemplate              : Response 204 NO_CONTENT
2026-03-04T23:55:53.811+01:00  INFO 21940 --- [medical-service] [DiscoveryClient-InstanceInfoReplicator-%d] com.netflix.discovery.DiscoveryClient    : DiscoveryClient_MEDICAL-SERVICE/DESKTOP-I0BIKTH:medical-service:18086 - registration status: 204
2026-03-04T23:55:53.871+01:00  INFO 21940 --- [medical-service] [SpringApplicationShutdownHook] j.LocalContainerEntityManagerFactoryBean : Closing JPA EntityManagerFactory for persistence unit 'default'
2026-03-04T23:55:53.874+01:00  INFO 21940 --- [medical-service] [SpringApplicationShutdownHook] com.zaxxer.hikari.HikariDataSource       : HikariPool-1 - Shutdown initiated...
2026-03-04T23:55:54.546+01:00  INFO 21940 --- [medical-service] [SpringApplicationShutdownHook] com.zaxxer.hikari.HikariDataSource       : HikariPool-1 - Shutdown completed.
2026-03-04T23:55:54.547+01:00  INFO 21940 --- [medical-service] [SpringApplicationShutdownHook] com.netflix.discovery.DiscoveryClient    : Shutting down DiscoveryClient ...
2026-03-04T23:55:57.565+01:00  INFO 21940 --- [medical-service] [SpringApplicationShutdownHook] com.netflix.discovery.DiscoveryClient    : Unregistering ...
2026-03-04T23:55:57.566+01:00 DEBUG 21940 --- [medical-service] [SpringApplicationShutdownHook] o.s.web.client.RestTemplate              : HTTP DELETE http://localhost:8761/eureka/apps/MEDICAL-SERVICE/DESKTOP-I0BIKTH:medical-service:18086
2026-03-04T23:55:57.566+01:00 DEBUG 21940 --- [medical-service] [SpringApplicationShutdownHook] o.s.web.client.RestTemplate              : Accept=[application/json, application/*+json]
2026-03-04T23:55:57.580+01:00  INFO 21940 --- [medical-service] [SpringApplicationShutdownHook] c.n.d.s.t.d.RedirectingEurekaHttpClient  : Request execution error. endpoint=DefaultEndpoint{ serviceUrl='http://localhost:8761/eureka/} exception=I/O error on DELETE request for "http://localhost:8761/eureka/apps/MEDICAL-SERVICE/DESKTOP-I0BIKTH:medical-service:18086": Connect to http://localhost:8761 [localhost/127.0.0.1, localhost/0:0:0:0:0:0:0:1] failed: Connection refused: getsockopt stacktrace=org.springframework.web.client.ResourceAccessException: I/O error on DELETE request for "http://localhost:8761/eureka/apps/MEDICAL-SERVICE/DESKTOP-I0BIKTH:medical-service:18086": Connect to http://localhost:8761 [localhost/127.0.0.1, localhost/0:0:0:0:0:0:0:1] failed: Connection refused: getsockopt
	at org.springframework.web.client.RestTemplate.createResourceAccessException(RestTemplate.java:915)
	at org.springframework.web.client.RestTemplate.doExecute(RestTemplate.java:895)
	at org.springframework.web.client.RestTemplate.execute(RestTemplate.java:830)
	at org.springframework.web.client.RestTemplate.exchange(RestTemplate.java:691)
	at org.springframework.cloud.netflix.eureka.http.RestTemplateEurekaHttpClient.cancel(RestTemplateEurekaHttpClient.java:96)
	at com.netflix.discovery.shared.transport.decorator.EurekaHttpClientDecorator$2.execute(EurekaHttpClientDecorator.java:74)
	at com.netflix.discovery.shared.transport.decorator.RedirectingEurekaHttpClient.execute(RedirectingEurekaHttpClient.java:91)
	at com.netflix.discovery.shared.transport.decorator.EurekaHttpClientDecorator.cancel(EurekaHttpClientDecorator.java:71)
	at com.netflix.discovery.shared.transport.decorator.EurekaHttpClientDecorator$2.execute(EurekaHttpClientDecorator.java:74)
	at com.netflix.discovery.shared.transport.decorator.RetryableEurekaHttpClient.execute(RetryableEurekaHttpClient.java:120)
	at com.netflix.discovery.shared.transport.decorator.EurekaHttpClientDecorator.cancel(EurekaHttpClientDecorator.java:71)
	at com.netflix.discovery.shared.transport.decorator.EurekaHttpClientDecorator$2.execute(EurekaHttpClientDecorator.java:74)
	at com.netflix.discovery.shared.transport.decorator.SessionedEurekaHttpClient.execute(SessionedEurekaHttpClient.java:76)
	at com.netflix.discovery.shared.transport.decorator.EurekaHttpClientDecorator.cancel(EurekaHttpClientDecorator.java:71)
	at com.netflix.discovery.DiscoveryClient.unregister(DiscoveryClient.java:919)
	at com.netflix.discovery.DiscoveryClient.shutdown(DiscoveryClient.java:900)
	at java.base/jdk.internal.reflect.DirectMethodHandleAccessor.invoke(DirectMethodHandleAccessor.java:103)
	at java.base/java.lang.reflect.Method.invoke(Method.java:580)
	at org.springframework.beans.factory.annotation.InitDestroyAnnotationBeanPostProcessor$LifecycleMethod.invoke(InitDestroyAnnotationBeanPostProcessor.java:457)
	at org.springframework.beans.factory.annotation.InitDestroyAnnotationBeanPostProcessor$LifecycleMetadata.invokeDestroyMethods(InitDestroyAnnotationBeanPostProcessor.java:415)
	at org.springframework.beans.factory.annotation.InitDestroyAnnotationBeanPostProcessor.postProcessBeforeDestruction(InitDestroyAnnotationBeanPostProcessor.java:239)
	at org.springframework.beans.factory.support.DisposableBeanAdapter.destroy(DisposableBeanAdapter.java:202)
	at org.springframework.beans.factory.support.DisposableBeanAdapter.run(DisposableBeanAdapter.java:195)
	at org.springframework.cloud.context.scope.GenericScope$BeanLifecycleWrapper.destroy(GenericScope.java:389)
	at org.springframework.cloud.context.scope.GenericScope.destroy(GenericScope.java:136)
	at org.springframework.beans.factory.support.DisposableBeanAdapter.destroy(DisposableBeanAdapter.java:211)
	at org.springframework.beans.factory.support.DefaultSingletonBeanRegistry.destroyBean(DefaultSingletonBeanRegistry.java:587)
	at org.springframework.beans.factory.support.DefaultSingletonBeanRegistry.destroySingleton(DefaultSingletonBeanRegistry.java:559)
	at org.springframework.beans.factory.support.DefaultListableBeanFactory.destroySingleton(DefaultListableBeanFactory.java:1202)
	at org.springframework.beans.factory.support.DefaultSingletonBeanRegistry.destroySingletons(DefaultSingletonBeanRegistry.java:520)
	at org.springframework.beans.factory.support.DefaultListableBeanFactory.destroySingletons(DefaultListableBeanFactory.java:1195)
	at org.springframework.context.support.AbstractApplicationContext.destroyBeans(AbstractApplicationContext.java:1195)
	at org.springframework.context.support.AbstractApplicationContext.doClose(AbstractApplicationContext.java:1156)
	at org.springframework.boot.web.servlet.context.ServletWebServerApplicationContext.doClose(ServletWebServerApplicationContext.java:174)
	at org.springframework.context.support.AbstractApplicationContext.close(AbstractApplicationContext.java:1102)
	at org.springframework.boot.SpringApplicationShutdownHook.closeAndWait(SpringApplicationShutdownHook.java:145)
	at java.base/java.lang.Iterable.forEach(Iterable.java:75)
	at org.springframework.boot.SpringApplicationShutdownHook.run(SpringApplicationShutdownHook.java:114)
	at java.base/java.lang.Thread.run(Thread.java:1583)
Caused by: org.apache.hc.client5.http.HttpHostConnectException: Connect to http://localhost:8761 [localhost/127.0.0.1, localhost/0:0:0:0:0:0:0:1] failed: Connection refused: getsockopt
	at java.base/sun.nio.ch.Net.pollConnect(Native Method)
	at java.base/sun.nio.ch.Net.pollConnectNow(Net.java:682)
	at java.base/sun.nio.ch.NioSocketImpl.timedFinishConnect(NioSocketImpl.java:542)
	at java.base/sun.nio.ch.NioSocketImpl.connect(NioSocketImpl.java:592)
	at java.base/java.net.SocksSocketImpl.connect(SocksSocketImpl.java:327)
	at java.base/java.net.Socket.connect(Socket.java:751)
	at org.apache.hc.client5.http.socket.PlainConnectionSocketFactory.lambda$connectSocket$0(PlainConnectionSocketFactory.java:91)
	at java.base/java.security.AccessController.doPrivileged(AccessController.java:571)
	at org.apache.hc.client5.http.socket.PlainConnectionSocketFactory.connectSocket(PlainConnectionSocketFactory.java:90)
	at org.apache.hc.client5.http.socket.ConnectionSocketFactory.connectSocket(ConnectionSocketFactory.java:123)
	at org.apache.hc.client5.http.impl.io.DefaultHttpClientConnectionOperator.connect(DefaultHttpClientConnectionOperator.java:189)
	at org.apache.hc.client5.http.impl.io.PoolingHttpClientConnectionManager.connect(PoolingHttpClientConnectionManager.java:450)
	at org.apache.hc.client5.http.impl.classic.InternalExecRuntime.connectEndpoint(InternalExecRuntime.java:162)
	at org.apache.hc.client5.http.impl.classic.InternalExecRuntime.connectEndpoint(InternalExecRuntime.java:172)
	at org.apache.hc.client5.http.impl.classic.ConnectExec.execute(ConnectExec.java:142)
	at org.apache.hc.client5.http.impl.classic.ExecChainElement.execute(ExecChainElement.java:51)
	at org.apache.hc.client5.http.impl.classic.ProtocolExec.execute(ProtocolExec.java:192)
	at org.apache.hc.client5.http.impl.classic.ExecChainElement.execute(ExecChainElement.java:51)
	at org.apache.hc.client5.http.impl.classic.HttpRequestRetryExec.execute(HttpRequestRetryExec.java:113)
	at org.apache.hc.client5.http.impl.classic.ExecChainElement.execute(ExecChainElement.java:51)
	at org.apache.hc.client5.http.impl.classic.ContentCompressionExec.execute(ContentCompressionExec.java:152)
	at org.apache.hc.client5.http.impl.classic.ExecChainElement.execute(ExecChainElement.java:51)
	at org.apache.hc.client5.http.impl.classic.RedirectExec.execute(RedirectExec.java:116)
	at org.apache.hc.client5.http.impl.classic.ExecChainElement.execute(ExecChainElement.java:51)
	at org.apache.hc.client5.http.impl.classic.InternalHttpClient.doExecute(InternalHttpClient.java:170)
	at org.apache.hc.client5.http.impl.classic.CloseableHttpClient.execute(CloseableHttpClient.java:87)
	at org.apache.hc.client5.http.impl.classic.CloseableHttpClient.execute(CloseableHttpClient.java:55)
	at org.apache.hc.client5.http.classic.HttpClient.executeOpen(HttpClient.java:183)
	at org.springframework.http.client.HttpComponentsClientHttpRequest.executeInternal(HttpComponentsClientHttpRequest.java:99)
	at org.springframework.http.client.AbstractStreamingClientHttpRequest.executeInternal(AbstractStreamingClientHttpRequest.java:70)
	at org.springframework.http.client.AbstractClientHttpRequest.execute(AbstractClientHttpRequest.java:66)
	at org.springframework.http.client.InterceptingClientHttpRequest$InterceptingRequestExecution.execute(InterceptingClientHttpRequest.java:112)
	at org.springframework.cloud.netflix.eureka.http.RestTemplateTransportClientFactory.lambda$restTemplate$3(RestTemplateTransportClientFactory.java:170)
	at org.springframework.http.client.InterceptingClientHttpRequest$InterceptingRequestExecution.execute(InterceptingClientHttpRequest.java:88)
	at org.springframework.http.client.InterceptingClientHttpRequest.executeInternal(InterceptingClientHttpRequest.java:72)
	at org.springframework.http.client.AbstractBufferingClientHttpRequest.executeInternal(AbstractBufferingClientHttpRequest.java:48)
	at org.springframework.http.client.AbstractClientHttpRequest.execute(AbstractClientHttpRequest.java:66)
	at org.springframework.web.client.RestTemplate.doExecute(RestTemplate.java:889)
	... 37 more

2026-03-04T23:55:57.580+01:00  WARN 21940 --- [medical-service] [SpringApplicationShutdownHook] c.n.d.s.t.d.RetryableEurekaHttpClient    : Request execution failed with message: I/O error on DELETE request for "http://localhost:8761/eureka/apps/MEDICAL-SERVICE/DESKTOP-I0BIKTH:medical-service:18086": Connect to http://localhost:8761 [localhost/127.0.0.1, localhost/0:0:0:0:0:0:0:1] failed: Connection refused: getsockopt
2026-03-04T23:55:57.590+01:00 DEBUG 21940 --- [medical-service] [SpringApplicationShutdownHook] o.s.web.client.RestTemplate              : HTTP DELETE http://localhost:8761/eureka/apps/MEDICAL-SERVICE/DESKTOP-I0BIKTH:medical-service:18086
2026-03-04T23:55:57.590+01:00 DEBUG 21940 --- [medical-service] [SpringApplicationShutdownHook] o.s.web.client.RestTemplate              : Accept=[application/json, application/*+json]
2026-03-04T23:55:57.593+01:00  INFO 21940 --- [medical-service] [SpringApplicationShutdownHook] c.n.d.s.t.d.RedirectingEurekaHttpClient  : Request execution error. endpoint=DefaultEndpoint{ serviceUrl='http://localhost:8761/eureka/}, exception=I/O error on DELETE request for "http://localhost:8761/eureka/apps/MEDICAL-SERVICE/DESKTOP-I0BIKTH:medical-service:18086": Connect to http://localhost:8761 [localhost/127.0.0.1, localhost/0:0:0:0:0:0:0:1] failed: Connection refused: getsockopt stacktrace=org.springframework.web.client.ResourceAccessException: I/O error on DELETE request for "http://localhost:8761/eureka/apps/MEDICAL-SERVICE/DESKTOP-I0BIKTH:medical-service:18086": Connect to http://localhost:8761 [localhost/127.0.0.1, localhost/0:0:0:0:0:0:0:1] failed: Connection refused: getsockopt
	at org.springframework.web.client.RestTemplate.createResourceAccessException(RestTemplate.java:915)
	at org.springframework.web.client.RestTemplate.doExecute(RestTemplate.java:895)
	at org.springframework.web.client.RestTemplate.execute(RestTemplate.java:830)
	at org.springframework.web.client.RestTemplate.exchange(RestTemplate.java:691)
	at org.springframework.cloud.netflix.eureka.http.RestTemplateEurekaHttpClient.cancel(RestTemplateEurekaHttpClient.java:96)
	at com.netflix.discovery.shared.transport.decorator.EurekaHttpClientDecorator$2.execute(EurekaHttpClientDecorator.java:74)
	at com.netflix.discovery.shared.transport.decorator.RedirectingEurekaHttpClient.executeOnNewServer(RedirectingEurekaHttpClient.java:121)
	at com.netflix.discovery.shared.transport.decorator.RedirectingEurekaHttpClient.execute(RedirectingEurekaHttpClient.java:80)
	at com.netflix.discovery.shared.transport.decorator.EurekaHttpClientDecorator.cancel(EurekaHttpClientDecorator.java:71)
	at com.netflix.discovery.shared.transport.decorator.EurekaHttpClientDecorator$2.execute(EurekaHttpClientDecorator.java:74)
	at com.netflix.discovery.shared.transport.decorator.RetryableEurekaHttpClient.execute(RetryableEurekaHttpClient.java:120)
	at com.netflix.discovery.shared.transport.decorator.EurekaHttpClientDecorator.cancel(EurekaHttpClientDecorator.java:71)
	at com.netflix.discovery.shared.transport.decorator.EurekaHttpClientDecorator$2.execute(EurekaHttpClientDecorator.java:74)
	at com.netflix.discovery.shared.transport.decorator.SessionedEurekaHttpClient.execute(SessionedEurekaHttpClient.java:76)
	at com.netflix.discovery.shared.transport.decorator.EurekaHttpClientDecorator.cancel(EurekaHttpClientDecorator.java:71)
	at com.netflix.discovery.DiscoveryClient.unregister(DiscoveryClient.java:919)
	at com.netflix.discovery.DiscoveryClient.shutdown(DiscoveryClient.java:900)
	at java.base/jdk.internal.reflect.DirectMethodHandleAccessor.invoke(DirectMethodHandleAccessor.java:103)
	at java.base/java.lang.reflect.Method.invoke(Method.java:580)
	at org.springframework.beans.factory.annotation.InitDestroyAnnotationBeanPostProcessor$LifecycleMethod.invoke(InitDestroyAnnotationBeanPostProcessor.java:457)
	at org.springframework.beans.factory.annotation.InitDestroyAnnotationBeanPostProcessor$LifecycleMetadata.invokeDestroyMethods(InitDestroyAnnotationBeanPostProcessor.java:415)
	at org.springframework.beans.factory.annotation.InitDestroyAnnotationBeanPostProcessor.postProcessBeforeDestruction(InitDestroyAnnotationBeanPostProcessor.java:239)
	at org.springframework.beans.factory.support.DisposableBeanAdapter.destroy(DisposableBeanAdapter.java:202)
	at org.springframework.beans.factory.support.DisposableBeanAdapter.run(DisposableBeanAdapter.java:195)
	at org.springframework.cloud.context.scope.GenericScope$BeanLifecycleWrapper.destroy(GenericScope.java:389)
	at org.springframework.cloud.context.scope.GenericScope.destroy(GenericScope.java:136)
	at org.springframework.beans.factory.support.DisposableBeanAdapter.destroy(DisposableBeanAdapter.java:211)
	at org.springframework.beans.factory.support.DefaultSingletonBeanRegistry.destroyBean(DefaultSingletonBeanRegistry.java:587)
	at org.springframework.beans.factory.support.DefaultSingletonBeanRegistry.destroySingleton(DefaultSingletonBeanRegistry.java:559)
	at org.springframework.beans.factory.support.DefaultListableBeanFactory.destroySingleton(DefaultListableBeanFactory.java:1202)
	at org.springframework.beans.factory.support.DefaultSingletonBeanRegistry.destroySingletons(DefaultSingletonBeanRegistry.java:520)
	at org.springframework.beans.factory.support.DefaultListableBeanFactory.destroySingletons(DefaultListableBeanFactory.java:1195)
	at org.springframework.context.support.AbstractApplicationContext.destroyBeans(AbstractApplicationContext.java:1195)
	at org.springframework.context.support.AbstractApplicationContext.doClose(AbstractApplicationContext.java:1156)
	at org.springframework.boot.web.servlet.context.ServletWebServerApplicationContext.doClose(ServletWebServerApplicationContext.java:174)
	at org.springframework.context.support.AbstractApplicationContext.close(AbstractApplicationContext.java:1102)
	at org.springframework.boot.SpringApplicationShutdownHook.closeAndWait(SpringApplicationShutdownHook.java:145)
	at java.base/java.lang.Iterable.forEach(Iterable.java:75)
	at org.springframework.boot.SpringApplicationShutdownHook.run(SpringApplicationShutdownHook.java:114)
	at java.base/java.lang.Thread.run(Thread.java:1583)
Caused by: org.apache.hc.client5.http.HttpHostConnectException: Connect to http://localhost:8761 [localhost/127.0.0.1, localhost/0:0:0:0:0:0:0:1] failed: Connection refused: getsockopt
	at java.base/sun.nio.ch.Net.pollConnect(Native Method)
	at java.base/sun.nio.ch.Net.pollConnectNow(Net.java:682)
	at java.base/sun.nio.ch.NioSocketImpl.timedFinishConnect(NioSocketImpl.java:542)
	at java.base/sun.nio.ch.NioSocketImpl.connect(NioSocketImpl.java:592)
	at java.base/java.net.SocksSocketImpl.connect(SocksSocketImpl.java:327)
	at java.base/java.net.Socket.connect(Socket.java:751)
	at org.apache.hc.client5.http.socket.PlainConnectionSocketFactory.lambda$connectSocket$0(PlainConnectionSocketFactory.java:91)
	at java.base/java.security.AccessController.doPrivileged(AccessController.java:571)
	at org.apache.hc.client5.http.socket.PlainConnectionSocketFactory.connectSocket(PlainConnectionSocketFactory.java:90)
	at org.apache.hc.client5.http.socket.ConnectionSocketFactory.connectSocket(ConnectionSocketFactory.java:123)
	at org.apache.hc.client5.http.impl.io.DefaultHttpClientConnectionOperator.connect(DefaultHttpClientConnectionOperator.java:189)
	at org.apache.hc.client5.http.impl.io.PoolingHttpClientConnectionManager.connect(PoolingHttpClientConnectionManager.java:450)
	at org.apache.hc.client5.http.impl.classic.InternalExecRuntime.connectEndpoint(InternalExecRuntime.java:162)
	at org.apache.hc.client5.http.impl.classic.InternalExecRuntime.connectEndpoint(InternalExecRuntime.java:172)
	at org.apache.hc.client5.http.impl.classic.ConnectExec.execute(ConnectExec.java:142)
	at org.apache.hc.client5.http.impl.classic.ExecChainElement.execute(ExecChainElement.java:51)
	at org.apache.hc.client5.http.impl.classic.ProtocolExec.execute(ProtocolExec.java:192)
	at org.apache.hc.client5.http.impl.classic.ExecChainElement.execute(ExecChainElement.java:51)
	at org.apache.hc.client5.http.impl.classic.HttpRequestRetryExec.execute(HttpRequestRetryExec.java:113)
	at org.apache.hc.client5.http.impl.classic.ExecChainElement.execute(ExecChainElement.java:51)
	at org.apache.hc.client5.http.impl.classic.ContentCompressionExec.execute(ContentCompressionExec.java:152)
	at org.apache.hc.client5.http.impl.classic.ExecChainElement.execute(ExecChainElement.java:51)
	at org.apache.hc.client5.http.impl.classic.RedirectExec.execute(RedirectExec.java:116)
	at org.apache.hc.client5.http.impl.classic.ExecChainElement.execute(ExecChainElement.java:51)
	at org.apache.hc.client5.http.impl.classic.InternalHttpClient.doExecute(InternalHttpClient.java:170)
	at org.apache.hc.client5.http.impl.classic.CloseableHttpClient.execute(CloseableHttpClient.java:87)
	at org.apache.hc.client5.http.impl.classic.CloseableHttpClient.execute(CloseableHttpClient.java:55)
	at org.apache.hc.client5.http.classic.HttpClient.executeOpen(HttpClient.java:183)
	at org.springframework.http.client.HttpComponentsClientHttpRequest.executeInternal(HttpComponentsClientHttpRequest.java:99)
	at org.springframework.http.client.AbstractStreamingClientHttpRequest.executeInternal(AbstractStreamingClientHttpRequest.java:70)
	at org.springframework.http.client.AbstractClientHttpRequest.execute(AbstractClientHttpRequest.java:66)
	at org.springframework.http.client.InterceptingClientHttpRequest$InterceptingRequestExecution.execute(InterceptingClientHttpRequest.java:112)
	at org.springframework.cloud.netflix.eureka.http.RestTemplateTransportClientFactory.lambda$restTemplate$3(RestTemplateTransportClientFactory.java:170)
	at org.springframework.http.client.InterceptingClientHttpRequest$InterceptingRequestExecution.execute(InterceptingClientHttpRequest.java:88)
	at org.springframework.http.client.InterceptingClientHttpRequest.executeInternal(InterceptingClientHttpRequest.java:72)
	at org.springframework.http.client.AbstractBufferingClientHttpRequest.executeInternal(AbstractBufferingClientHttpRequest.java:48)
	at org.springframework.http.client.AbstractClientHttpRequest.execute(AbstractClientHttpRequest.java:66)
	at org.springframework.web.client.RestTemplate.doExecute(RestTemplate.java:889)
	... 38 more

2026-03-04T23:55:57.594+01:00  WARN 21940 --- [medical-service] [SpringApplicationShutdownHook] c.n.d.s.t.d.RetryableEurekaHttpClient    : Request execution failed with message: I/O error on DELETE request for "http://localhost:8761/eureka/apps/MEDICAL-SERVICE/DESKTOP-I0BIKTH:medical-service:18086": Connect to http://localhost:8761 [localhost/127.0.0.1, localhost/0:0:0:0:0:0:0:1] failed: Connection refused: getsockopt
2026-03-04T23:55:57.595+01:00 ERROR 21940 --- [medical-service] [SpringApplicationShutdownHook] com.netflix.discovery.DiscoveryClient    : DiscoveryClient_MEDICAL-SERVICE/DESKTOP-I0BIKTH:medical-service:18086 - de-registration failedCannot execute request on any known server

com.netflix.discovery.shared.transport.TransportException: Cannot execute request on any known server
	at com.netflix.discovery.shared.transport.decorator.RetryableEurekaHttpClient.execute(RetryableEurekaHttpClient.java:112) ~[eureka-client-2.0.4.jar:2.0.4]
	at com.netflix.discovery.shared.transport.decorator.EurekaHttpClientDecorator.cancel(EurekaHttpClientDecorator.java:71) ~[eureka-client-2.0.4.jar:2.0.4]
	at com.netflix.discovery.shared.transport.decorator.EurekaHttpClientDecorator$2.execute(EurekaHttpClientDecorator.java:74) ~[eureka-client-2.0.4.jar:2.0.4]
	at com.netflix.discovery.shared.transport.decorator.SessionedEurekaHttpClient.execute(SessionedEurekaHttpClient.java:76) ~[eureka-client-2.0.4.jar:2.0.4]
	at com.netflix.discovery.shared.transport.decorator.EurekaHttpClientDecorator.cancel(EurekaHttpClientDecorator.java:71) ~[eureka-client-2.0.4.jar:2.0.4]
	at com.netflix.discovery.DiscoveryClient.unregister(DiscoveryClient.java:919) ~[eureka-client-2.0.4.jar:2.0.4]
	at com.netflix.discovery.DiscoveryClient.shutdown(DiscoveryClient.java:900) ~[eureka-client-2.0.4.jar:2.0.4]
	at java.base/jdk.internal.reflect.DirectMethodHandleAccessor.invoke(DirectMethodHandleAccessor.java:103) ~[na:na]
	at java.base/java.lang.reflect.Method.invoke(Method.java:580) ~[na:na]
	at org.springframework.beans.factory.annotation.InitDestroyAnnotationBeanPostProcessor$LifecycleMethod.invoke(InitDestroyAnnotationBeanPostProcessor.java:457) ~[spring-beans-6.1.15.jar:6.1.15]
	at org.springframework.beans.factory.annotation.InitDestroyAnnotationBeanPostProcessor$LifecycleMetadata.invokeDestroyMethods(InitDestroyAnnotationBeanPostProcessor.java:415) ~[spring-beans-6.1.15.jar:6.1.15]
	at org.springframework.beans.factory.annotation.InitDestroyAnnotationBeanPostProcessor.postProcessBeforeDestruction(InitDestroyAnnotationBeanPostProcessor.java:239) ~[spring-beans-6.1.15.jar:6.1.15]
	at org.springframework.beans.factory.support.DisposableBeanAdapter.destroy(DisposableBeanAdapter.java:202) ~[spring-beans-6.1.15.jar:6.1.15]
	at org.springframework.beans.factory.support.DisposableBeanAdapter.run(DisposableBeanAdapter.java:195) ~[spring-beans-6.1.15.jar:6.1.15]
	at org.springframework.cloud.context.scope.GenericScope$BeanLifecycleWrapper.destroy(GenericScope.java:389) ~[spring-cloud-context-4.1.5.jar:4.1.5]
	at org.springframework.cloud.context.scope.GenericScope.destroy(GenericScope.java:136) ~[spring-cloud-context-4.1.5.jar:4.1.5]
	at org.springframework.beans.factory.support.DisposableBeanAdapter.destroy(DisposableBeanAdapter.java:211) ~[spring-beans-6.1.15.jar:6.1.15]
	at org.springframework.beans.factory.support.DefaultSingletonBeanRegistry.destroyBean(DefaultSingletonBeanRegistry.java:587) ~[spring-beans-6.1.15.jar:6.1.15]
	at org.springframework.beans.factory.support.DefaultSingletonBeanRegistry.destroySingleton(DefaultSingletonBeanRegistry.java:559) ~[spring-beans-6.1.15.jar:6.1.15]
	at org.springframework.beans.factory.support.DefaultListableBeanFactory.destroySingleton(DefaultListableBeanFactory.java:1202) ~[spring-beans-6.1.15.jar:6.1.15]
	at org.springframework.beans.factory.support.DefaultSingletonBeanRegistry.destroySingletons(DefaultSingletonBeanRegistry.java:520) ~[spring-beans-6.1.15.jar:6.1.15]
	at org.springframework.beans.factory.support.DefaultListableBeanFactory.destroySingletons(DefaultListableBeanFactory.java:1195) ~[spring-beans-6.1.15.jar:6.1.15]
	at org.springframework.context.support.AbstractApplicationContext.destroyBeans(AbstractApplicationContext.java:1195) ~[spring-context-6.1.15.jar:6.1.15]
	at org.springframework.context.support.AbstractApplicationContext.doClose(AbstractApplicationContext.java:1156) ~[spring-context-6.1.15.jar:6.1.15]
	at org.springframework.boot.web.servlet.context.ServletWebServerApplicationContext.doClose(ServletWebServerApplicationContext.java:174) ~[spring-boot-3.3.6.jar:3.3.6]
	at org.springframework.context.support.AbstractApplicationContext.close(AbstractApplicationContext.java:1102) ~[spring-context-6.1.15.jar:6.1.15]
	at org.springframework.boot.SpringApplicationShutdownHook.closeAndWait(SpringApplicationShutdownHook.java:145) ~[spring-boot-3.3.6.jar:3.3.6]
	at java.base/java.lang.Iterable.forEach(Iterable.java:75) ~[na:na]
	at org.springframework.boot.SpringApplicationShutdownHook.run(SpringApplicationShutdownHook.java:114) ~[spring-boot-3.3.6.jar:3.3.6]
	at java.base/java.lang.Thread.run(Thread.java:1583) ~[na:na]

2026-03-04T23:55:57.606+01:00  INFO 21940 --- [medical-service] [SpringApplicationShutdownHook] com.netflix.discovery.DiscoveryClient    : Completed shut down of DiscoveryClient
